ISO-10303-21;
HEADER;
/* Generated by software containing ST-Developer
 * from STEP Tools, Inc. (www.steptools.com) 
 */

FILE_DESCRIPTION(
/* description */ (''),
/* implementation_level */ '2;1');

FILE_NAME(
/* name */ 'SenS_Encasing_ControlUnit.step',
/* time_stamp */ '2024-07-22T20:28:35+02:00',
/* author */ (''),
/* organization */ (''),
/* preprocessor_version */ 'ST-DEVELOPER v20',
/* originating_system */ 'Autodesk Translation Framework v13.14.0.145',

/* authorisation */ '');

FILE_SCHEMA (('AUTOMOTIVE_DESIGN { 1 0 10303 214 3 1 1 }'));
ENDSEC;

DATA;
#10=MECHANICAL_DESIGN_GEOMETRIC_PRESENTATION_REPRESENTATION('',(#22,#23,
#24,#25),#3382);
#11=SHAPE_REPRESENTATION_RELATIONSHIP('SRR','None',#3389,#12);
#12=ADVANCED_BREP_SHAPE_REPRESENTATION('',(#26,#27,#28,#29),#3381);
#13=TOROIDAL_SURFACE('',#2112,3.3,0.3);
#14=TOROIDAL_SURFACE('',#2126,3.3,0.3);
#15=TOROIDAL_SURFACE('',#2131,5.55,0.3);
#16=TOROIDAL_SURFACE('',#2143,5.55,0.3);
#17=TOROIDAL_SURFACE('',#2149,3.3,0.3);
#18=TOROIDAL_SURFACE('',#2156,3.3,0.3);
#19=TOROIDAL_SURFACE('',#2160,3.3,0.3);
#20=TOROIDAL_SURFACE('',#2167,5.55,0.3);
#21=TOROIDAL_SURFACE('',#2173,3.3,0.3);
#22=STYLED_ITEM('',(#3398),#26);
#23=STYLED_ITEM('',(#3398),#27);
#24=STYLED_ITEM('',(#3398),#28);
#25=STYLED_ITEM('',(#3398),#29);
#26=MANIFOLD_SOLID_BREP('Geh\X\E4use',#1967);
#27=MANIFOLD_SOLID_BREP('Platine',#1968);
#28=MANIFOLD_SOLID_BREP('Deckel 1',#1969);
#29=MANIFOLD_SOLID_BREP('Deckel 2',#1970);
#30=FACE_BOUND('',#298,.T.);
#31=FACE_BOUND('',#306,.T.);
#32=FACE_BOUND('',#343,.T.);
#33=FACE_BOUND('',#354,.T.);
#34=FACE_BOUND('',#368,.T.);
#35=FACE_BOUND('',#369,.T.);
#36=FACE_BOUND('',#370,.T.);
#37=FACE_BOUND('',#373,.T.);
#38=FACE_BOUND('',#376,.T.);
#39=FACE_BOUND('',#377,.T.);
#40=FACE_BOUND('',#378,.T.);
#41=FACE_BOUND('',#386,.T.);
#42=FACE_BOUND('',#393,.T.);
#43=CIRCLE('',#1987,2.00000000000002);
#44=CIRCLE('',#1988,2.00000000000002);
#45=CIRCLE('',#1990,76.5);
#46=CIRCLE('',#1991,76.5);
#47=CIRCLE('',#1993,2.00000000000002);
#48=CIRCLE('',#1994,2.00000000000002);
#49=CIRCLE('',#2004,2.00000000000002);
#50=CIRCLE('',#2005,76.5);
#51=CIRCLE('',#2006,2.00000000000002);
#52=CIRCLE('',#2010,2.00000000000002);
#53=CIRCLE('',#2012,76.5);
#54=CIRCLE('',#2014,2.00000000000002);
#55=CIRCLE('',#2022,75.);
#56=CIRCLE('',#2023,0.999999999999998);
#57=CIRCLE('',#2024,0.999999999999992);
#58=CIRCLE('',#2025,72.);
#59=CIRCLE('',#2026,0.999999999999976);
#60=CIRCLE('',#2027,1.00000000000001);
#61=CIRCLE('',#2029,0.999999999999976);
#62=CIRCLE('',#2030,0.999999999999976);
#63=CIRCLE('',#2031,0.999999999999976);
#64=CIRCLE('',#2032,0.999999999999976);
#65=CIRCLE('',#2033,0.999999999999976);
#66=CIRCLE('',#2034,0.999999999999976);
#67=CIRCLE('',#2035,0.999999999999976);
#68=CIRCLE('',#2037,0.999999999999998);
#69=CIRCLE('',#2039,75.);
#70=CIRCLE('',#2042,1.00000000000001);
#71=CIRCLE('',#2043,72.);
#72=CIRCLE('',#2044,0.999999999999992);
#73=CIRCLE('',#2046,75.);
#74=CIRCLE('',#2047,0.999999999999998);
#75=CIRCLE('',#2048,0.999999999999992);
#76=CIRCLE('',#2049,72.);
#77=CIRCLE('',#2050,1.00000000000001);
#78=CIRCLE('',#2052,72.);
#79=CIRCLE('',#2055,0.999999999999998);
#80=CIRCLE('',#2058,75.);
#81=CIRCLE('',#2061,1.00000000000001);
#82=CIRCLE('',#2062,0.999999999999992);
#83=CIRCLE('',#2064,75.);
#84=CIRCLE('',#2065,0.999999999999998);
#85=CIRCLE('',#2066,0.999999999999992);
#86=CIRCLE('',#2067,72.);
#87=CIRCLE('',#2068,1.00000000000001);
#88=CIRCLE('',#2070,72.);
#89=CIRCLE('',#2072,0.999999999999998);
#90=CIRCLE('',#2074,75.);
#91=CIRCLE('',#2076,1.00000000000001);
#92=CIRCLE('',#2080,0.999999999999992);
#93=CIRCLE('',#2082,0.999999999999992);
#94=CIRCLE('',#2083,0.999999999999992);
#95=CIRCLE('',#2085,70.);
#96=CIRCLE('',#2086,70.);
#97=CIRCLE('',#2088,0.999999999999996);
#98=CIRCLE('',#2089,0.999999999999996);
#99=CIRCLE('',#2096,0.999999999999996);
#100=CIRCLE('',#2099,0.999999999999996);
#101=CIRCLE('',#2113,3.3);
#102=CIRCLE('',#2114,0.3);
#103=CIRCLE('',#2115,3.);
#104=CIRCLE('',#2116,3.);
#105=CIRCLE('',#2118,3.);
#106=CIRCLE('',#2119,3.);
#107=CIRCLE('',#2121,1.90000000000002);
#108=CIRCLE('',#2122,76.6);
#109=CIRCLE('',#2123,1.90000000000002);
#110=CIRCLE('',#2124,3.3);
#111=CIRCLE('',#2125,3.3);
#112=CIRCLE('',#2127,0.3);
#113=CIRCLE('',#2128,3.3);
#114=CIRCLE('',#2130,5.25);
#115=CIRCLE('',#2132,5.55);
#116=CIRCLE('',#2133,0.3);
#117=CIRCLE('',#2134,5.25);
#118=CIRCLE('',#2135,5.25);
#119=CIRCLE('',#2137,1.90000000000002);
#120=CIRCLE('',#2138,76.6);
#121=CIRCLE('',#2139,1.90000000000002);
#122=CIRCLE('',#2140,5.55);
#123=CIRCLE('',#2141,5.55);
#124=CIRCLE('',#2144,0.3);
#125=CIRCLE('',#2145,5.25);
#126=CIRCLE('',#2146,5.25);
#127=CIRCLE('',#2148,5.25);
#128=CIRCLE('',#2150,0.3);
#129=CIRCLE('',#2151,3.);
#130=CIRCLE('',#2152,3.);
#131=CIRCLE('',#2154,3.);
#132=CIRCLE('',#2155,3.);
#133=CIRCLE('',#2157,0.3);
#134=CIRCLE('',#2158,3.3);
#135=CIRCLE('',#2161,0.3);
#136=CIRCLE('',#2162,3.);
#137=CIRCLE('',#2163,3.);
#138=CIRCLE('',#2165,3.);
#139=CIRCLE('',#2166,3.);
#140=CIRCLE('',#2168,0.3);
#141=CIRCLE('',#2169,5.25);
#142=CIRCLE('',#2170,5.25);
#143=CIRCLE('',#2172,5.25);
#144=CIRCLE('',#2174,0.3);
#145=CIRCLE('',#2175,3.3);
#146=CIRCLE('',#2186,1.90000000000002);
#147=CIRCLE('',#2187,1.90000000000002);
#148=CIRCLE('',#2189,76.6);
#149=CIRCLE('',#2190,76.6);
#150=CIRCLE('',#2192,1.90000000000002);
#151=CIRCLE('',#2193,1.90000000000002);
#152=CYLINDRICAL_SURFACE('',#1986,2.00000000000002);
#153=CYLINDRICAL_SURFACE('',#1989,76.5);
#154=CYLINDRICAL_SURFACE('',#1992,2.00000000000002);
#155=CYLINDRICAL_SURFACE('',#2009,2.00000000000002);
#156=CYLINDRICAL_SURFACE('',#2011,76.5);
#157=CYLINDRICAL_SURFACE('',#2013,2.00000000000002);
#158=CYLINDRICAL_SURFACE('',#2028,0.999999999999976);
#159=CYLINDRICAL_SURFACE('',#2036,0.999999999999998);
#160=CYLINDRICAL_SURFACE('',#2038,75.);
#161=CYLINDRICAL_SURFACE('',#2051,72.);
#162=CYLINDRICAL_SURFACE('',#2053,72.);
#163=CYLINDRICAL_SURFACE('',#2054,0.999999999999998);
#164=CYLINDRICAL_SURFACE('',#2056,1.00000000000001);
#165=CYLINDRICAL_SURFACE('',#2057,75.);
#166=CYLINDRICAL_SURFACE('',#2069,72.);
#167=CYLINDRICAL_SURFACE('',#2071,0.999999999999998);
#168=CYLINDRICAL_SURFACE('',#2073,75.);
#169=CYLINDRICAL_SURFACE('',#2075,1.00000000000001);
#170=CYLINDRICAL_SURFACE('',#2077,1.00000000000001);
#171=CYLINDRICAL_SURFACE('',#2081,0.999999999999992);
#172=CYLINDRICAL_SURFACE('',#2084,70.);
#173=CYLINDRICAL_SURFACE('',#2095,0.999999999999996);
#174=CYLINDRICAL_SURFACE('',#2098,0.999999999999996);
#175=CYLINDRICAL_SURFACE('',#2117,3.);
#176=CYLINDRICAL_SURFACE('',#2142,5.25);
#177=CYLINDRICAL_SURFACE('',#2147,5.25);
#178=CYLINDRICAL_SURFACE('',#2153,3.);
#179=CYLINDRICAL_SURFACE('',#2164,3.);
#180=CYLINDRICAL_SURFACE('',#2171,5.25);
#181=CYLINDRICAL_SURFACE('',#2179,1.90000000000002);
#182=CYLINDRICAL_SURFACE('',#2180,76.6);
#183=CYLINDRICAL_SURFACE('',#2181,1.90000000000002);
#184=CYLINDRICAL_SURFACE('',#2185,1.90000000000002);
#185=CYLINDRICAL_SURFACE('',#2188,76.6);
#186=CYLINDRICAL_SURFACE('',#2191,1.90000000000002);
#187=FACE_OUTER_BOUND('',#291,.T.);
#188=FACE_OUTER_BOUND('',#292,.T.);
#189=FACE_OUTER_BOUND('',#293,.T.);
#190=FACE_OUTER_BOUND('',#294,.T.);
#191=FACE_OUTER_BOUND('',#295,.T.);
#192=FACE_OUTER_BOUND('',#296,.T.);
#193=FACE_OUTER_BOUND('',#297,.T.);
#194=FACE_OUTER_BOUND('',#299,.T.);
#195=FACE_OUTER_BOUND('',#300,.T.);
#196=FACE_OUTER_BOUND('',#301,.T.);
#197=FACE_OUTER_BOUND('',#302,.T.);
#198=FACE_OUTER_BOUND('',#303,.T.);
#199=FACE_OUTER_BOUND('',#304,.T.);
#200=FACE_OUTER_BOUND('',#305,.T.);
#201=FACE_OUTER_BOUND('',#307,.T.);
#202=FACE_OUTER_BOUND('',#308,.T.);
#203=FACE_OUTER_BOUND('',#309,.T.);
#204=FACE_OUTER_BOUND('',#310,.T.);
#205=FACE_OUTER_BOUND('',#311,.T.);
#206=FACE_OUTER_BOUND('',#312,.T.);
#207=FACE_OUTER_BOUND('',#313,.T.);
#208=FACE_OUTER_BOUND('',#314,.T.);
#209=FACE_OUTER_BOUND('',#315,.T.);
#210=FACE_OUTER_BOUND('',#316,.T.);
#211=FACE_OUTER_BOUND('',#317,.T.);
#212=FACE_OUTER_BOUND('',#318,.T.);
#213=FACE_OUTER_BOUND('',#319,.T.);
#214=FACE_OUTER_BOUND('',#320,.T.);
#215=FACE_OUTER_BOUND('',#321,.T.);
#216=FACE_OUTER_BOUND('',#322,.T.);
#217=FACE_OUTER_BOUND('',#323,.T.);
#218=FACE_OUTER_BOUND('',#324,.T.);
#219=FACE_OUTER_BOUND('',#325,.T.);
#220=FACE_OUTER_BOUND('',#326,.T.);
#221=FACE_OUTER_BOUND('',#327,.T.);
#222=FACE_OUTER_BOUND('',#328,.T.);
#223=FACE_OUTER_BOUND('',#329,.T.);
#224=FACE_OUTER_BOUND('',#330,.T.);
#225=FACE_OUTER_BOUND('',#331,.T.);
#226=FACE_OUTER_BOUND('',#332,.T.);
#227=FACE_OUTER_BOUND('',#333,.T.);
#228=FACE_OUTER_BOUND('',#334,.T.);
#229=FACE_OUTER_BOUND('',#335,.T.);
#230=FACE_OUTER_BOUND('',#336,.T.);
#231=FACE_OUTER_BOUND('',#337,.T.);
#232=FACE_OUTER_BOUND('',#338,.T.);
#233=FACE_OUTER_BOUND('',#339,.T.);
#234=FACE_OUTER_BOUND('',#340,.T.);
#235=FACE_OUTER_BOUND('',#341,.T.);
#236=FACE_OUTER_BOUND('',#342,.T.);
#237=FACE_OUTER_BOUND('',#344,.T.);
#238=FACE_OUTER_BOUND('',#345,.T.);
#239=FACE_OUTER_BOUND('',#346,.T.);
#240=FACE_OUTER_BOUND('',#347,.T.);
#241=FACE_OUTER_BOUND('',#348,.T.);
#242=FACE_OUTER_BOUND('',#349,.T.);
#243=FACE_OUTER_BOUND('',#350,.T.);
#244=FACE_OUTER_BOUND('',#351,.T.);
#245=FACE_OUTER_BOUND('',#352,.T.);
#246=FACE_OUTER_BOUND('',#353,.T.);
#247=FACE_OUTER_BOUND('',#355,.T.);
#248=FACE_OUTER_BOUND('',#356,.T.);
#249=FACE_OUTER_BOUND('',#357,.T.);
#250=FACE_OUTER_BOUND('',#358,.T.);
#251=FACE_OUTER_BOUND('',#359,.T.);
#252=FACE_OUTER_BOUND('',#360,.T.);
#253=FACE_OUTER_BOUND('',#361,.T.);
#254=FACE_OUTER_BOUND('',#362,.T.);
#255=FACE_OUTER_BOUND('',#363,.T.);
#256=FACE_OUTER_BOUND('',#364,.T.);
#257=FACE_OUTER_BOUND('',#365,.T.);
#258=FACE_OUTER_BOUND('',#366,.T.);
#259=FACE_OUTER_BOUND('',#367,.T.);
#260=FACE_OUTER_BOUND('',#371,.T.);
#261=FACE_OUTER_BOUND('',#372,.T.);
#262=FACE_OUTER_BOUND('',#374,.T.);
#263=FACE_OUTER_BOUND('',#375,.T.);
#264=FACE_OUTER_BOUND('',#379,.T.);
#265=FACE_OUTER_BOUND('',#380,.T.);
#266=FACE_OUTER_BOUND('',#381,.T.);
#267=FACE_OUTER_BOUND('',#382,.T.);
#268=FACE_OUTER_BOUND('',#383,.T.);
#269=FACE_OUTER_BOUND('',#384,.T.);
#270=FACE_OUTER_BOUND('',#385,.T.);
#271=FACE_OUTER_BOUND('',#387,.T.);
#272=FACE_OUTER_BOUND('',#388,.T.);
#273=FACE_OUTER_BOUND('',#389,.T.);
#274=FACE_OUTER_BOUND('',#390,.T.);
#275=FACE_OUTER_BOUND('',#391,.T.);
#276=FACE_OUTER_BOUND('',#392,.T.);
#277=FACE_OUTER_BOUND('',#394,.T.);
#278=FACE_OUTER_BOUND('',#395,.T.);
#279=FACE_OUTER_BOUND('',#396,.T.);
#280=FACE_OUTER_BOUND('',#397,.T.);
#281=FACE_OUTER_BOUND('',#398,.T.);
#282=FACE_OUTER_BOUND('',#399,.T.);
#283=FACE_OUTER_BOUND('',#400,.T.);
#284=FACE_OUTER_BOUND('',#401,.T.);
#285=FACE_OUTER_BOUND('',#402,.T.);
#286=FACE_OUTER_BOUND('',#403,.T.);
#287=FACE_OUTER_BOUND('',#404,.T.);
#288=FACE_OUTER_BOUND('',#405,.T.);
#289=FACE_OUTER_BOUND('',#406,.T.);
#290=FACE_OUTER_BOUND('',#407,.T.);
#291=EDGE_LOOP('',(#1233,#1234,#1235,#1236));
#292=EDGE_LOOP('',(#1237,#1238,#1239,#1240));
#293=EDGE_LOOP('',(#1241,#1242,#1243,#1244));
#294=EDGE_LOOP('',(#1245,#1246,#1247,#1248));
#295=EDGE_LOOP('',(#1249,#1250,#1251,#1252));
#296=EDGE_LOOP('',(#1253,#1254,#1255,#1256));
#297=EDGE_LOOP('',(#1257,#1258,#1259,#1260,#1261,#1262));
#298=EDGE_LOOP('',(#1263,#1264,#1265,#1266,#1267,#1268,#1269,#1270,#1271,
#1272,#1273,#1274));
#299=EDGE_LOOP('',(#1275,#1276,#1277,#1278));
#300=EDGE_LOOP('',(#1279,#1280,#1281,#1282,#1283,#1284,#1285,#1286));
#301=EDGE_LOOP('',(#1287,#1288,#1289,#1290));
#302=EDGE_LOOP('',(#1291,#1292,#1293,#1294));
#303=EDGE_LOOP('',(#1295,#1296,#1297,#1298,#1299,#1300));
#304=EDGE_LOOP('',(#1301,#1302,#1303,#1304));
#305=EDGE_LOOP('',(#1305,#1306,#1307,#1308,#1309,#1310));
#306=EDGE_LOOP('',(#1311,#1312,#1313,#1314,#1315,#1316,#1317,#1318));
#307=EDGE_LOOP('',(#1319,#1320,#1321,#1322));
#308=EDGE_LOOP('',(#1323,#1324,#1325,#1326));
#309=EDGE_LOOP('',(#1327,#1328,#1329,#1330));
#310=EDGE_LOOP('',(#1331,#1332,#1333,#1334));
#311=EDGE_LOOP('',(#1335,#1336,#1337,#1338));
#312=EDGE_LOOP('',(#1339,#1340,#1341,#1342));
#313=EDGE_LOOP('',(#1343,#1344,#1345,#1346));
#314=EDGE_LOOP('',(#1347,#1348,#1349,#1350));
#315=EDGE_LOOP('',(#1351,#1352,#1353,#1354));
#316=EDGE_LOOP('',(#1355,#1356,#1357,#1358));
#317=EDGE_LOOP('',(#1359,#1360,#1361,#1362));
#318=EDGE_LOOP('',(#1363,#1364,#1365,#1366,#1367,#1368,#1369,#1370));
#319=EDGE_LOOP('',(#1371,#1372,#1373,#1374,#1375,#1376,#1377,#1378,#1379,
#1380,#1381,#1382,#1383,#1384,#1385,#1386));
#320=EDGE_LOOP('',(#1387,#1388,#1389,#1390));
#321=EDGE_LOOP('',(#1391,#1392,#1393,#1394));
#322=EDGE_LOOP('',(#1395,#1396,#1397,#1398));
#323=EDGE_LOOP('',(#1399,#1400,#1401,#1402,#1403,#1404,#1405,#1406));
#324=EDGE_LOOP('',(#1407,#1408,#1409,#1410,#1411,#1412,#1413,#1414));
#325=EDGE_LOOP('',(#1415,#1416,#1417,#1418));
#326=EDGE_LOOP('',(#1419,#1420,#1421,#1422));
#327=EDGE_LOOP('',(#1423,#1424,#1425,#1426));
#328=EDGE_LOOP('',(#1427,#1428,#1429,#1430));
#329=EDGE_LOOP('',(#1431,#1432,#1433,#1434));
#330=EDGE_LOOP('',(#1435,#1436,#1437,#1438));
#331=EDGE_LOOP('',(#1439,#1440,#1441,#1442,#1443,#1444,#1445,#1446));
#332=EDGE_LOOP('',(#1447,#1448,#1449,#1450,#1451,#1452,#1453,#1454));
#333=EDGE_LOOP('',(#1455,#1456,#1457,#1458));
#334=EDGE_LOOP('',(#1459,#1460,#1461,#1462));
#335=EDGE_LOOP('',(#1463,#1464,#1465,#1466));
#336=EDGE_LOOP('',(#1467,#1468,#1469,#1470));
#337=EDGE_LOOP('',(#1471,#1472,#1473,#1474));
#338=EDGE_LOOP('',(#1475,#1476,#1477,#1478));
#339=EDGE_LOOP('',(#1479,#1480,#1481,#1482,#1483,#1484,#1485,#1486));
#340=EDGE_LOOP('',(#1487,#1488,#1489,#1490,#1491,#1492,#1493,#1494,#1495,
#1496,#1497,#1498,#1499,#1500,#1501,#1502));
#341=EDGE_LOOP('',(#1503,#1504,#1505,#1506));
#342=EDGE_LOOP('',(#1507,#1508,#1509,#1510,#1511,#1512,#1513,#1514,#1515));
#343=EDGE_LOOP('',(#1516,#1517,#1518,#1519,#1520,#1521));
#344=EDGE_LOOP('',(#1522,#1523,#1524,#1525));
#345=EDGE_LOOP('',(#1526,#1527,#1528,#1529));
#346=EDGE_LOOP('',(#1530,#1531,#1532,#1533));
#347=EDGE_LOOP('',(#1534,#1535,#1536,#1537,#1538,#1539));
#348=EDGE_LOOP('',(#1540,#1541,#1542,#1543,#1544,#1545,#1546,#1547,#1548,
#1549,#1550,#1551,#1552,#1553,#1554,#1555));
#349=EDGE_LOOP('',(#1556,#1557,#1558,#1559));
#350=EDGE_LOOP('',(#1560,#1561,#1562,#1563));
#351=EDGE_LOOP('',(#1564,#1565,#1566,#1567));
#352=EDGE_LOOP('',(#1568,#1569,#1570,#1571,#1572,#1573,#1574,#1575,#1576,
#1577));
#353=EDGE_LOOP('',(#1578,#1579,#1580,#1581,#1582,#1583,#1584,#1585,#1586));
#354=EDGE_LOOP('',(#1587,#1588,#1589,#1590,#1591,#1592));
#355=EDGE_LOOP('',(#1593,#1594,#1595,#1596,#1597,#1598,#1599,#1600));
#356=EDGE_LOOP('',(#1601,#1602,#1603,#1604));
#357=EDGE_LOOP('',(#1605,#1606,#1607,#1608));
#358=EDGE_LOOP('',(#1609,#1610,#1611,#1612));
#359=EDGE_LOOP('',(#1613,#1614,#1615,#1616));
#360=EDGE_LOOP('',(#1617,#1618,#1619,#1620));
#361=EDGE_LOOP('',(#1621,#1622,#1623,#1624));
#362=EDGE_LOOP('',(#1625,#1626,#1627,#1628));
#363=EDGE_LOOP('',(#1629,#1630,#1631,#1632));
#364=EDGE_LOOP('',(#1633,#1634,#1635,#1636,#1637,#1638,#1639,#1640));
#365=EDGE_LOOP('',(#1641,#1642,#1643,#1644,#1645));
#366=EDGE_LOOP('',(#1646,#1647,#1648,#1649,#1650,#1651));
#367=EDGE_LOOP('',(#1652,#1653,#1654,#1655,#1656,#1657));
#368=EDGE_LOOP('',(#1658));
#369=EDGE_LOOP('',(#1659));
#370=EDGE_LOOP('',(#1660));
#371=EDGE_LOOP('',(#1661,#1662,#1663,#1664,#1665));
#372=EDGE_LOOP('',(#1666));
#373=EDGE_LOOP('',(#1667));
#374=EDGE_LOOP('',(#1668,#1669,#1670,#1671,#1672));
#375=EDGE_LOOP('',(#1673,#1674,#1675,#1676,#1677,#1678));
#376=EDGE_LOOP('',(#1679));
#377=EDGE_LOOP('',(#1680));
#378=EDGE_LOOP('',(#1681));
#379=EDGE_LOOP('',(#1682,#1683,#1684,#1685,#1686));
#380=EDGE_LOOP('',(#1687,#1688,#1689,#1690,#1691));
#381=EDGE_LOOP('',(#1692,#1693,#1694,#1695,#1696));
#382=EDGE_LOOP('',(#1697,#1698,#1699,#1700,#1701));
#383=EDGE_LOOP('',(#1702,#1703,#1704,#1705,#1706,#1707));
#384=EDGE_LOOP('',(#1708,#1709,#1710,#1711,#1712));
#385=EDGE_LOOP('',(#1713));
#386=EDGE_LOOP('',(#1714));
#387=EDGE_LOOP('',(#1715,#1716,#1717,#1718,#1719));
#388=EDGE_LOOP('',(#1720,#1721,#1722,#1723,#1724,#1725));
#389=EDGE_LOOP('',(#1726,#1727,#1728,#1729,#1730));
#390=EDGE_LOOP('',(#1731,#1732,#1733,#1734,#1735));
#391=EDGE_LOOP('',(#1736,#1737,#1738,#1739,#1740));
#392=EDGE_LOOP('',(#1741));
#393=EDGE_LOOP('',(#1742));
#394=EDGE_LOOP('',(#1743,#1744,#1745,#1746));
#395=EDGE_LOOP('',(#1747,#1748,#1749,#1750));
#396=EDGE_LOOP('',(#1751,#1752,#1753,#1754));
#397=EDGE_LOOP('',(#1755,#1756,#1757,#1758));
#398=EDGE_LOOP('',(#1759,#1760,#1761,#1762));
#399=EDGE_LOOP('',(#1763,#1764,#1765,#1766));
#400=EDGE_LOOP('',(#1767,#1768,#1769,#1770));
#401=EDGE_LOOP('',(#1771,#1772,#1773,#1774));
#402=EDGE_LOOP('',(#1775,#1776,#1777,#1778));
#403=EDGE_LOOP('',(#1779,#1780,#1781,#1782));
#404=EDGE_LOOP('',(#1783,#1784,#1785,#1786));
#405=EDGE_LOOP('',(#1787,#1788,#1789,#1790));
#406=EDGE_LOOP('',(#1791,#1792,#1793,#1794,#1795,#1796));
#407=EDGE_LOOP('',(#1797,#1798,#1799,#1800,#1801,#1802));
#408=LINE('',#2805,#584);
#409=LINE('',#2807,#585);
#410=LINE('',#2809,#586);
#411=LINE('',#2810,#587);
#412=LINE('',#2813,#588);
#413=LINE('',#2815,#589);
#414=LINE('',#2816,#590);
#415=LINE('',#2821,#591);
#416=LINE('',#2827,#592);
#417=LINE('',#2833,#593);
#418=LINE('',#2836,#594);
#419=LINE('',#2837,#595);
#420=LINE('',#2841,#596);
#421=LINE('',#2843,#597);
#422=LINE('',#2845,#598);
#423=LINE('',#2847,#599);
#424=LINE('',#2849,#600);
#425=LINE('',#2851,#601);
#426=LINE('',#2853,#602);
#427=LINE('',#2855,#603);
#428=LINE('',#2857,#604);
#429=LINE('',#2859,#605);
#430=LINE('',#2861,#606);
#431=LINE('',#2862,#607);
#432=LINE('',#2865,#608);
#433=LINE('',#2867,#609);
#434=LINE('',#2868,#610);
#435=LINE('',#2871,#611);
#436=LINE('',#2873,#612);
#437=LINE('',#2875,#613);
#438=LINE('',#2877,#614);
#439=LINE('',#2879,#615);
#440=LINE('',#2880,#616);
#441=LINE('',#2883,#617);
#442=LINE('',#2884,#618);
#443=LINE('',#2887,#619);
#444=LINE('',#2888,#620);
#445=LINE('',#2891,#621);
#446=LINE('',#2892,#622);
#447=LINE('',#2893,#623);
#448=LINE('',#2896,#624);
#449=LINE('',#2897,#625);
#450=LINE('',#2901,#626);
#451=LINE('',#2903,#627);
#452=LINE('',#2905,#628);
#453=LINE('',#2912,#629);
#454=LINE('',#2914,#630);
#455=LINE('',#2916,#631);
#456=LINE('',#2918,#632);
#457=LINE('',#2919,#633);
#458=LINE('',#2923,#634);
#459=LINE('',#2924,#635);
#460=LINE('',#2925,#636);
#461=LINE('',#2928,#637);
#462=LINE('',#2929,#638);
#463=LINE('',#2933,#639);
#464=LINE('',#2937,#640);
#465=LINE('',#2941,#641);
#466=LINE('',#2943,#642);
#467=LINE('',#2945,#643);
#468=LINE('',#2949,#644);
#469=LINE('',#2950,#645);
#470=LINE('',#2952,#646);
#471=LINE('',#2956,#647);
#472=LINE('',#2958,#648);
#473=LINE('',#2960,#649);
#474=LINE('',#2961,#650);
#475=LINE('',#2974,#651);
#476=LINE('',#2978,#652);
#477=LINE('',#2980,#653);
#478=LINE('',#2984,#654);
#479=LINE('',#2988,#655);
#480=LINE('',#2992,#656);
#481=LINE('',#2996,#657);
#482=LINE('',#3000,#658);
#483=LINE('',#3004,#659);
#484=LINE('',#3008,#660);
#485=LINE('',#3011,#661);
#486=LINE('',#3014,#662);
#487=LINE('',#3019,#663);
#488=LINE('',#3020,#664);
#489=LINE('',#3022,#665);
#490=LINE('',#3023,#666);
#491=LINE('',#3027,#667);
#492=LINE('',#3040,#668);
#493=LINE('',#3044,#669);
#494=LINE('',#3047,#670);
#495=LINE('',#3050,#671);
#496=LINE('',#3053,#672);
#497=LINE('',#3055,#673);
#498=LINE('',#3058,#674);
#499=LINE('',#3063,#675);
#500=LINE('',#3064,#676);
#501=LINE('',#3066,#677);
#502=LINE('',#3067,#678);
#503=LINE('',#3071,#679);
#504=LINE('',#3082,#680);
#505=LINE('',#3086,#681);
#506=LINE('',#3090,#682);
#507=LINE('',#3093,#683);
#508=LINE('',#3096,#684);
#509=LINE('',#3100,#685);
#510=LINE('',#3103,#686);
#511=LINE('',#3107,#687);
#512=LINE('',#3108,#688);
#513=LINE('',#3110,#689);
#514=LINE('',#3111,#690);
#515=LINE('',#3113,#691);
#516=LINE('',#3119,#692);
#517=LINE('',#3126,#693);
#518=LINE('',#3130,#694);
#519=LINE('',#3133,#695);
#520=LINE('',#3135,#696);
#521=LINE('',#3137,#697);
#522=LINE('',#3139,#698);
#523=LINE('',#3143,#699);
#524=LINE('',#3144,#700);
#525=LINE('',#3148,#701);
#526=LINE('',#3151,#702);
#527=LINE('',#3152,#703);
#528=LINE('',#3156,#704);
#529=LINE('',#3158,#705);
#530=LINE('',#3163,#706);
#531=LINE('',#3165,#707);
#532=LINE('',#3167,#708);
#533=LINE('',#3169,#709);
#534=LINE('',#3171,#710);
#535=LINE('',#3173,#711);
#536=LINE('',#3175,#712);
#537=LINE('',#3176,#713);
#538=LINE('',#3179,#714);
#539=LINE('',#3181,#715);
#540=LINE('',#3182,#716);
#541=LINE('',#3185,#717);
#542=LINE('',#3187,#718);
#543=LINE('',#3188,#719);
#544=LINE('',#3190,#720);
#545=LINE('',#3191,#721);
#546=LINE('',#3196,#722);
#547=LINE('',#3198,#723);
#548=LINE('',#3200,#724);
#549=LINE('',#3201,#725);
#550=LINE('',#3203,#726);
#551=LINE('',#3204,#727);
#552=LINE('',#3206,#728);
#553=LINE('',#3207,#729);
#554=LINE('',#3220,#730);
#555=LINE('',#3227,#731);
#556=LINE('',#3229,#732);
#557=LINE('',#3231,#733);
#558=LINE('',#3259,#734);
#559=LINE('',#3267,#735);
#560=LINE('',#3268,#736);
#561=LINE('',#3274,#737);
#562=LINE('',#3284,#738);
#563=LINE('',#3293,#739);
#564=LINE('',#3310,#740);
#565=LINE('',#3323,#741);
#566=LINE('',#3330,#742);
#567=LINE('',#3331,#743);
#568=LINE('',#3333,#744);
#569=LINE('',#3335,#745);
#570=LINE('',#3337,#746);
#571=LINE('',#3339,#747);
#572=LINE('',#3344,#748);
#573=LINE('',#3346,#749);
#574=LINE('',#3348,#750);
#575=LINE('',#3349,#751);
#576=LINE('',#3352,#752);
#577=LINE('',#3354,#753);
#578=LINE('',#3355,#754);
#579=LINE('',#3361,#755);
#580=LINE('',#3367,#756);
#581=LINE('',#3373,#757);
#582=LINE('',#3375,#758);
#583=LINE('',#3376,#759);
#584=VECTOR('',#2201,10.);
#585=VECTOR('',#2202,10.);
#586=VECTOR('',#2203,10.);
#587=VECTOR('',#2204,10.);
#588=VECTOR('',#2207,10.);
#589=VECTOR('',#2208,10.);
#590=VECTOR('',#2209,10.);
#591=VECTOR('',#2214,10.);
#592=VECTOR('',#2221,10.);
#593=VECTOR('',#2228,10.);
#594=VECTOR('',#2233,10.);
#595=VECTOR('',#2234,10.);
#596=VECTOR('',#2237,10.);
#597=VECTOR('',#2238,10.);
#598=VECTOR('',#2239,10.);
#599=VECTOR('',#2240,10.);
#600=VECTOR('',#2241,10.);
#601=VECTOR('',#2242,10.);
#602=VECTOR('',#2243,10.);
#603=VECTOR('',#2244,10.);
#604=VECTOR('',#2245,10.);
#605=VECTOR('',#2246,10.);
#606=VECTOR('',#2247,10.);
#607=VECTOR('',#2248,10.);
#608=VECTOR('',#2251,10.);
#609=VECTOR('',#2252,10.);
#610=VECTOR('',#2253,10.);
#611=VECTOR('',#2256,10.);
#612=VECTOR('',#2257,10.);
#613=VECTOR('',#2258,10.);
#614=VECTOR('',#2259,10.);
#615=VECTOR('',#2260,10.);
#616=VECTOR('',#2261,10.);
#617=VECTOR('',#2264,10.);
#618=VECTOR('',#2265,10.);
#619=VECTOR('',#2268,10.);
#620=VECTOR('',#2269,10.);
#621=VECTOR('',#2272,10.);
#622=VECTOR('',#2273,10.);
#623=VECTOR('',#2274,10.);
#624=VECTOR('',#2277,10.);
#625=VECTOR('',#2278,10.);
#626=VECTOR('',#2281,10.);
#627=VECTOR('',#2282,10.);
#628=VECTOR('',#2283,10.);
#629=VECTOR('',#2290,10.);
#630=VECTOR('',#2291,10.);
#631=VECTOR('',#2292,10.);
#632=VECTOR('',#2293,10.);
#633=VECTOR('',#2294,10.);
#634=VECTOR('',#2297,10.);
#635=VECTOR('',#2298,10.);
#636=VECTOR('',#2299,10.);
#637=VECTOR('',#2302,10.);
#638=VECTOR('',#2303,10.);
#639=VECTOR('',#2308,10.);
#640=VECTOR('',#2313,10.);
#641=VECTOR('',#2318,10.);
#642=VECTOR('',#2321,10.);
#643=VECTOR('',#2324,10.);
#644=VECTOR('',#2329,10.);
#645=VECTOR('',#2330,10.);
#646=VECTOR('',#2333,10.);
#647=VECTOR('',#2336,10.);
#648=VECTOR('',#2337,10.);
#649=VECTOR('',#2338,10.);
#650=VECTOR('',#2339,10.);
#651=VECTOR('',#2352,10.);
#652=VECTOR('',#2357,10.);
#653=VECTOR('',#2358,10.);
#654=VECTOR('',#2361,10.);
#655=VECTOR('',#2364,10.);
#656=VECTOR('',#2367,10.);
#657=VECTOR('',#2370,10.);
#658=VECTOR('',#2373,10.);
#659=VECTOR('',#2376,10.);
#660=VECTOR('',#2381,10.);
#661=VECTOR('',#2384,10.);
#662=VECTOR('',#2387,10.);
#663=VECTOR('',#2392,10.);
#664=VECTOR('',#2393,10.);
#665=VECTOR('',#2394,10.);
#666=VECTOR('',#2395,10.);
#667=VECTOR('',#2400,10.);
#668=VECTOR('',#2415,10.);
#669=VECTOR('',#2420,10.);
#670=VECTOR('',#2425,10.);
#671=VECTOR('',#2428,10.);
#672=VECTOR('',#2431,10.);
#673=VECTOR('',#2434,10.);
#674=VECTOR('',#2437,10.);
#675=VECTOR('',#2442,10.);
#676=VECTOR('',#2443,10.);
#677=VECTOR('',#2444,10.);
#678=VECTOR('',#2445,10.);
#679=VECTOR('',#2450,10.);
#680=VECTOR('',#2463,10.);
#681=VECTOR('',#2468,10.);
#682=VECTOR('',#2473,10.);
#683=VECTOR('',#2476,10.);
#684=VECTOR('',#2479,10.);
#685=VECTOR('',#2484,10.);
#686=VECTOR('',#2489,10.);
#687=VECTOR('',#2492,10.);
#688=VECTOR('',#2493,10.);
#689=VECTOR('',#2494,10.);
#690=VECTOR('',#2495,10.);
#691=VECTOR('',#2498,10.);
#692=VECTOR('',#2505,10.);
#693=VECTOR('',#2516,10.);
#694=VECTOR('',#2519,10.);
#695=VECTOR('',#2522,10.);
#696=VECTOR('',#2525,10.);
#697=VECTOR('',#2528,10.);
#698=VECTOR('',#2531,10.);
#699=VECTOR('',#2536,10.);
#700=VECTOR('',#2537,10.);
#701=VECTOR('',#2542,10.);
#702=VECTOR('',#2545,10.);
#703=VECTOR('',#2546,10.);
#704=VECTOR('',#2551,10.);
#705=VECTOR('',#2554,10.);
#706=VECTOR('',#2559,10.);
#707=VECTOR('',#2560,10.);
#708=VECTOR('',#2561,10.);
#709=VECTOR('',#2562,10.);
#710=VECTOR('',#2563,10.);
#711=VECTOR('',#2564,10.);
#712=VECTOR('',#2565,10.);
#713=VECTOR('',#2566,10.);
#714=VECTOR('',#2569,10.);
#715=VECTOR('',#2570,10.);
#716=VECTOR('',#2571,10.);
#717=VECTOR('',#2574,10.);
#718=VECTOR('',#2575,10.);
#719=VECTOR('',#2576,10.);
#720=VECTOR('',#2579,10.);
#721=VECTOR('',#2580,10.);
#722=VECTOR('',#2585,10.);
#723=VECTOR('',#2586,10.);
#724=VECTOR('',#2587,10.);
#725=VECTOR('',#2588,10.);
#726=VECTOR('',#2591,10.);
#727=VECTOR('',#2592,10.);
#728=VECTOR('',#2595,10.);
#729=VECTOR('',#2596,10.);
#730=VECTOR('',#2613,3.);
#731=VECTOR('',#2620,10.);
#732=VECTOR('',#2621,10.);
#733=VECTOR('',#2622,10.);
#734=VECTOR('',#2655,10.);
#735=VECTOR('',#2662,10.);
#736=VECTOR('',#2663,10.);
#737=VECTOR('',#2670,5.25);
#738=VECTOR('',#2683,5.25);
#739=VECTOR('',#2694,3.);
#740=VECTOR('',#2717,3.);
#741=VECTOR('',#2734,5.25);
#742=VECTOR('',#2745,10.);
#743=VECTOR('',#2746,10.);
#744=VECTOR('',#2749,10.);
#745=VECTOR('',#2752,10.);
#746=VECTOR('',#2755,10.);
#747=VECTOR('',#2758,10.);
#748=VECTOR('',#2763,10.);
#749=VECTOR('',#2764,10.);
#750=VECTOR('',#2765,10.);
#751=VECTOR('',#2766,10.);
#752=VECTOR('',#2769,10.);
#753=VECTOR('',#2770,10.);
#754=VECTOR('',#2771,10.);
#755=VECTOR('',#2778,10.);
#756=VECTOR('',#2785,10.);
#757=VECTOR('',#2792,10.);
#758=VECTOR('',#2795,10.);
#759=VECTOR('',#2796,10.);
#760=VERTEX_POINT('',#2803);
#761=VERTEX_POINT('',#2804);
#762=VERTEX_POINT('',#2806);
#763=VERTEX_POINT('',#2808);
#764=VERTEX_POINT('',#2812);
#765=VERTEX_POINT('',#2814);
#766=VERTEX_POINT('',#2818);
#767=VERTEX_POINT('',#2820);
#768=VERTEX_POINT('',#2824);
#769=VERTEX_POINT('',#2826);
#770=VERTEX_POINT('',#2830);
#771=VERTEX_POINT('',#2832);
#772=VERTEX_POINT('',#2839);
#773=VERTEX_POINT('',#2840);
#774=VERTEX_POINT('',#2842);
#775=VERTEX_POINT('',#2844);
#776=VERTEX_POINT('',#2846);
#777=VERTEX_POINT('',#2848);
#778=VERTEX_POINT('',#2850);
#779=VERTEX_POINT('',#2852);
#780=VERTEX_POINT('',#2854);
#781=VERTEX_POINT('',#2856);
#782=VERTEX_POINT('',#2858);
#783=VERTEX_POINT('',#2860);
#784=VERTEX_POINT('',#2864);
#785=VERTEX_POINT('',#2866);
#786=VERTEX_POINT('',#2870);
#787=VERTEX_POINT('',#2872);
#788=VERTEX_POINT('',#2874);
#789=VERTEX_POINT('',#2876);
#790=VERTEX_POINT('',#2878);
#791=VERTEX_POINT('',#2882);
#792=VERTEX_POINT('',#2886);
#793=VERTEX_POINT('',#2890);
#794=VERTEX_POINT('',#2895);
#795=VERTEX_POINT('',#2899);
#796=VERTEX_POINT('',#2900);
#797=VERTEX_POINT('',#2902);
#798=VERTEX_POINT('',#2904);
#799=VERTEX_POINT('',#2906);
#800=VERTEX_POINT('',#2908);
#801=VERTEX_POINT('',#2911);
#802=VERTEX_POINT('',#2913);
#803=VERTEX_POINT('',#2915);
#804=VERTEX_POINT('',#2917);
#805=VERTEX_POINT('',#2921);
#806=VERTEX_POINT('',#2922);
#807=VERTEX_POINT('',#2927);
#808=VERTEX_POINT('',#2931);
#809=VERTEX_POINT('',#2935);
#810=VERTEX_POINT('',#2939);
#811=VERTEX_POINT('',#2948);
#812=VERTEX_POINT('',#2954);
#813=VERTEX_POINT('',#2955);
#814=VERTEX_POINT('',#2957);
#815=VERTEX_POINT('',#2959);
#816=VERTEX_POINT('',#2963);
#817=VERTEX_POINT('',#2964);
#818=VERTEX_POINT('',#2967);
#819=VERTEX_POINT('',#2969);
#820=VERTEX_POINT('',#2971);
#821=VERTEX_POINT('',#2973);
#822=VERTEX_POINT('',#2977);
#823=VERTEX_POINT('',#2979);
#824=VERTEX_POINT('',#2981);
#825=VERTEX_POINT('',#2983);
#826=VERTEX_POINT('',#2985);
#827=VERTEX_POINT('',#2987);
#828=VERTEX_POINT('',#2989);
#829=VERTEX_POINT('',#2991);
#830=VERTEX_POINT('',#2993);
#831=VERTEX_POINT('',#2995);
#832=VERTEX_POINT('',#2997);
#833=VERTEX_POINT('',#2999);
#834=VERTEX_POINT('',#3001);
#835=VERTEX_POINT('',#3003);
#836=VERTEX_POINT('',#3007);
#837=VERTEX_POINT('',#3009);
#838=VERTEX_POINT('',#3013);
#839=VERTEX_POINT('',#3017);
#840=VERTEX_POINT('',#3018);
#841=VERTEX_POINT('',#3021);
#842=VERTEX_POINT('',#3025);
#843=VERTEX_POINT('',#3028);
#844=VERTEX_POINT('',#3032);
#845=VERTEX_POINT('',#3033);
#846=VERTEX_POINT('',#3036);
#847=VERTEX_POINT('',#3039);
#848=VERTEX_POINT('',#3043);
#849=VERTEX_POINT('',#3049);
#850=VERTEX_POINT('',#3051);
#851=VERTEX_POINT('',#3057);
#852=VERTEX_POINT('',#3061);
#853=VERTEX_POINT('',#3062);
#854=VERTEX_POINT('',#3065);
#855=VERTEX_POINT('',#3069);
#856=VERTEX_POINT('',#3074);
#857=VERTEX_POINT('',#3075);
#858=VERTEX_POINT('',#3078);
#859=VERTEX_POINT('',#3081);
#860=VERTEX_POINT('',#3085);
#861=VERTEX_POINT('',#3089);
#862=VERTEX_POINT('',#3091);
#863=VERTEX_POINT('',#3095);
#864=VERTEX_POINT('',#3099);
#865=VERTEX_POINT('',#3105);
#866=VERTEX_POINT('',#3106);
#867=VERTEX_POINT('',#3109);
#868=VERTEX_POINT('',#3116);
#869=VERTEX_POINT('',#3118);
#870=VERTEX_POINT('',#3125);
#871=VERTEX_POINT('',#3127);
#872=VERTEX_POINT('',#3129);
#873=VERTEX_POINT('',#3131);
#874=VERTEX_POINT('',#3142);
#875=VERTEX_POINT('',#3146);
#876=VERTEX_POINT('',#3150);
#877=VERTEX_POINT('',#3154);
#878=VERTEX_POINT('',#3161);
#879=VERTEX_POINT('',#3162);
#880=VERTEX_POINT('',#3164);
#881=VERTEX_POINT('',#3166);
#882=VERTEX_POINT('',#3168);
#883=VERTEX_POINT('',#3170);
#884=VERTEX_POINT('',#3172);
#885=VERTEX_POINT('',#3174);
#886=VERTEX_POINT('',#3178);
#887=VERTEX_POINT('',#3180);
#888=VERTEX_POINT('',#3184);
#889=VERTEX_POINT('',#3186);
#890=VERTEX_POINT('',#3194);
#891=VERTEX_POINT('',#3195);
#892=VERTEX_POINT('',#3197);
#893=VERTEX_POINT('',#3199);
#894=VERTEX_POINT('',#3211);
#895=VERTEX_POINT('',#3213);
#896=VERTEX_POINT('',#3215);
#897=VERTEX_POINT('',#3219);
#898=VERTEX_POINT('',#3221);
#899=VERTEX_POINT('',#3225);
#900=VERTEX_POINT('',#3226);
#901=VERTEX_POINT('',#3228);
#902=VERTEX_POINT('',#3230);
#903=VERTEX_POINT('',#3232);
#904=VERTEX_POINT('',#3234);
#905=VERTEX_POINT('',#3237);
#906=VERTEX_POINT('',#3239);
#907=VERTEX_POINT('',#3242);
#908=VERTEX_POINT('',#3246);
#909=VERTEX_POINT('',#3249);
#910=VERTEX_POINT('',#3251);
#911=VERTEX_POINT('',#3253);
#912=VERTEX_POINT('',#3257);
#913=VERTEX_POINT('',#3258);
#914=VERTEX_POINT('',#3260);
#915=VERTEX_POINT('',#3262);
#916=VERTEX_POINT('',#3264);
#917=VERTEX_POINT('',#3266);
#918=VERTEX_POINT('',#3269);
#919=VERTEX_POINT('',#3271);
#920=VERTEX_POINT('',#3276);
#921=VERTEX_POINT('',#3278);
#922=VERTEX_POINT('',#3282);
#923=VERTEX_POINT('',#3286);
#924=VERTEX_POINT('',#3288);
#925=VERTEX_POINT('',#3292);
#926=VERTEX_POINT('',#3294);
#927=VERTEX_POINT('',#3298);
#928=VERTEX_POINT('',#3303);
#929=VERTEX_POINT('',#3305);
#930=VERTEX_POINT('',#3309);
#931=VERTEX_POINT('',#3311);
#932=VERTEX_POINT('',#3315);
#933=VERTEX_POINT('',#3317);
#934=VERTEX_POINT('',#3321);
#935=VERTEX_POINT('',#3325);
#936=VERTEX_POINT('',#3342);
#937=VERTEX_POINT('',#3343);
#938=VERTEX_POINT('',#3345);
#939=VERTEX_POINT('',#3347);
#940=VERTEX_POINT('',#3351);
#941=VERTEX_POINT('',#3353);
#942=VERTEX_POINT('',#3357);
#943=VERTEX_POINT('',#3359);
#944=VERTEX_POINT('',#3363);
#945=VERTEX_POINT('',#3365);
#946=VERTEX_POINT('',#3369);
#947=VERTEX_POINT('',#3371);
#948=EDGE_CURVE('',#760,#761,#408,.T.);
#949=EDGE_CURVE('',#761,#762,#409,.T.);
#950=EDGE_CURVE('',#763,#762,#410,.T.);
#951=EDGE_CURVE('',#760,#763,#411,.T.);
#952=EDGE_CURVE('',#761,#764,#412,.T.);
#953=EDGE_CURVE('',#764,#765,#413,.T.);
#954=EDGE_CURVE('',#762,#765,#414,.T.);
#955=EDGE_CURVE('',#766,#764,#43,.T.);
#956=EDGE_CURVE('',#766,#767,#415,.T.);
#957=EDGE_CURVE('',#765,#767,#44,.T.);
#958=EDGE_CURVE('',#766,#768,#45,.T.);
#959=EDGE_CURVE('',#768,#769,#416,.T.);
#960=EDGE_CURVE('',#767,#769,#46,.T.);
#961=EDGE_CURVE('',#770,#768,#47,.T.);
#962=EDGE_CURVE('',#770,#771,#417,.T.);
#963=EDGE_CURVE('',#769,#771,#48,.T.);
#964=EDGE_CURVE('',#760,#770,#418,.T.);
#965=EDGE_CURVE('',#771,#763,#419,.T.);
#966=EDGE_CURVE('',#772,#773,#420,.T.);
#967=EDGE_CURVE('',#774,#772,#421,.T.);
#968=EDGE_CURVE('',#775,#774,#422,.T.);
#969=EDGE_CURVE('',#776,#775,#423,.T.);
#970=EDGE_CURVE('',#777,#776,#424,.T.);
#971=EDGE_CURVE('',#778,#777,#425,.T.);
#972=EDGE_CURVE('',#779,#778,#426,.T.);
#973=EDGE_CURVE('',#780,#779,#427,.T.);
#974=EDGE_CURVE('',#781,#780,#428,.T.);
#975=EDGE_CURVE('',#782,#781,#429,.T.);
#976=EDGE_CURVE('',#783,#782,#430,.T.);
#977=EDGE_CURVE('',#773,#783,#431,.T.);
#978=EDGE_CURVE('',#784,#778,#432,.T.);
#979=EDGE_CURVE('',#784,#785,#433,.T.);
#980=EDGE_CURVE('',#785,#779,#434,.T.);
#981=EDGE_CURVE('',#786,#777,#435,.T.);
#982=EDGE_CURVE('',#786,#787,#436,.T.);
#983=EDGE_CURVE('',#788,#787,#437,.T.);
#984=EDGE_CURVE('',#788,#789,#438,.T.);
#985=EDGE_CURVE('',#789,#790,#439,.T.);
#986=EDGE_CURVE('',#790,#784,#440,.T.);
#987=EDGE_CURVE('',#791,#776,#441,.T.);
#988=EDGE_CURVE('',#791,#786,#442,.T.);
#989=EDGE_CURVE('',#792,#775,#443,.T.);
#990=EDGE_CURVE('',#792,#791,#444,.T.);
#991=EDGE_CURVE('',#793,#774,#445,.T.);
#992=EDGE_CURVE('',#793,#788,#446,.T.);
#993=EDGE_CURVE('',#787,#792,#447,.T.);
#994=EDGE_CURVE('',#794,#772,#448,.T.);
#995=EDGE_CURVE('',#794,#793,#449,.T.);
#996=EDGE_CURVE('',#795,#796,#450,.T.);
#997=EDGE_CURVE('',#797,#795,#451,.T.);
#998=EDGE_CURVE('',#798,#797,#452,.T.);
#999=EDGE_CURVE('',#799,#798,#49,.T.);
#1000=EDGE_CURVE('',#800,#799,#50,.T.);
#1001=EDGE_CURVE('',#796,#800,#51,.T.);
#1002=EDGE_CURVE('',#801,#794,#453,.T.);
#1003=EDGE_CURVE('',#802,#801,#454,.T.);
#1004=EDGE_CURVE('',#803,#802,#455,.T.);
#1005=EDGE_CURVE('',#804,#803,#456,.T.);
#1006=EDGE_CURVE('',#789,#804,#457,.T.);
#1007=EDGE_CURVE('',#805,#806,#458,.T.);
#1008=EDGE_CURVE('',#805,#797,#459,.T.);
#1009=EDGE_CURVE('',#806,#795,#460,.T.);
#1010=EDGE_CURVE('',#807,#805,#461,.T.);
#1011=EDGE_CURVE('',#807,#798,#462,.T.);
#1012=EDGE_CURVE('',#808,#807,#52,.T.);
#1013=EDGE_CURVE('',#808,#799,#463,.T.);
#1014=EDGE_CURVE('',#809,#808,#53,.T.);
#1015=EDGE_CURVE('',#809,#800,#464,.T.);
#1016=EDGE_CURVE('',#810,#809,#54,.T.);
#1017=EDGE_CURVE('',#810,#796,#465,.T.);
#1018=EDGE_CURVE('',#806,#810,#466,.T.);
#1019=EDGE_CURVE('',#801,#773,#467,.T.);
#1020=EDGE_CURVE('',#785,#811,#468,.T.);
#1021=EDGE_CURVE('',#811,#790,#469,.T.);
#1022=EDGE_CURVE('',#811,#780,#470,.T.);
#1023=EDGE_CURVE('',#812,#813,#471,.T.);
#1024=EDGE_CURVE('',#812,#814,#472,.T.);
#1025=EDGE_CURVE('',#815,#814,#473,.T.);
#1026=EDGE_CURVE('',#813,#815,#474,.T.);
#1027=EDGE_CURVE('',#816,#817,#55,.T.);
#1028=EDGE_CURVE('',#812,#816,#56,.T.);
#1029=EDGE_CURVE('',#818,#813,#57,.T.);
#1030=EDGE_CURVE('',#819,#818,#58,.T.);
#1031=EDGE_CURVE('',#820,#819,#59,.T.);
#1032=EDGE_CURVE('',#821,#820,#475,.T.);
#1033=EDGE_CURVE('',#817,#821,#60,.T.);
#1034=EDGE_CURVE('',#820,#822,#476,.T.);
#1035=EDGE_CURVE('',#823,#819,#477,.T.);
#1036=EDGE_CURVE('',#823,#824,#61,.T.);
#1037=EDGE_CURVE('',#825,#824,#478,.T.);
#1038=EDGE_CURVE('',#825,#826,#62,.T.);
#1039=EDGE_CURVE('',#827,#826,#479,.T.);
#1040=EDGE_CURVE('',#827,#828,#63,.T.);
#1041=EDGE_CURVE('',#829,#828,#480,.T.);
#1042=EDGE_CURVE('',#829,#830,#64,.T.);
#1043=EDGE_CURVE('',#831,#830,#481,.T.);
#1044=EDGE_CURVE('',#831,#832,#65,.T.);
#1045=EDGE_CURVE('',#833,#832,#482,.T.);
#1046=EDGE_CURVE('',#833,#834,#66,.T.);
#1047=EDGE_CURVE('',#834,#835,#483,.T.);
#1048=EDGE_CURVE('',#822,#835,#67,.T.);
#1049=EDGE_CURVE('',#836,#816,#484,.T.);
#1050=EDGE_CURVE('',#836,#837,#68,.T.);
#1051=EDGE_CURVE('',#837,#812,#485,.T.);
#1052=EDGE_CURVE('',#838,#817,#486,.T.);
#1053=EDGE_CURVE('',#838,#836,#69,.T.);
#1054=EDGE_CURVE('',#839,#840,#487,.T.);
#1055=EDGE_CURVE('',#839,#837,#488,.T.);
#1056=EDGE_CURVE('',#841,#837,#489,.T.);
#1057=EDGE_CURVE('',#840,#841,#490,.T.);
#1058=EDGE_CURVE('',#842,#838,#70,.T.);
#1059=EDGE_CURVE('',#842,#824,#491,.T.);
#1060=EDGE_CURVE('',#843,#823,#71,.T.);
#1061=EDGE_CURVE('',#841,#843,#72,.T.);
#1062=EDGE_CURVE('',#844,#845,#73,.T.);
#1063=EDGE_CURVE('',#839,#844,#74,.T.);
#1064=EDGE_CURVE('',#846,#840,#75,.T.);
#1065=EDGE_CURVE('',#826,#846,#76,.T.);
#1066=EDGE_CURVE('',#847,#825,#492,.T.);
#1067=EDGE_CURVE('',#845,#847,#77,.T.);
#1068=EDGE_CURVE('',#848,#846,#493,.T.);
#1069=EDGE_CURVE('',#848,#827,#78,.T.);
#1070=EDGE_CURVE('',#843,#818,#494,.T.);
#1071=EDGE_CURVE('',#849,#844,#495,.T.);
#1072=EDGE_CURVE('',#849,#850,#79,.T.);
#1073=EDGE_CURVE('',#850,#839,#496,.T.);
#1074=EDGE_CURVE('',#842,#821,#497,.T.);
#1075=EDGE_CURVE('',#851,#845,#498,.T.);
#1076=EDGE_CURVE('',#851,#849,#80,.T.);
#1077=EDGE_CURVE('',#852,#853,#499,.T.);
#1078=EDGE_CURVE('',#852,#850,#500,.T.);
#1079=EDGE_CURVE('',#854,#850,#501,.T.);
#1080=EDGE_CURVE('',#853,#854,#502,.T.);
#1081=EDGE_CURVE('',#855,#851,#81,.T.);
#1082=EDGE_CURVE('',#855,#828,#503,.T.);
#1083=EDGE_CURVE('',#854,#848,#82,.T.);
#1084=EDGE_CURVE('',#856,#857,#83,.T.);
#1085=EDGE_CURVE('',#852,#856,#84,.T.);
#1086=EDGE_CURVE('',#858,#853,#85,.T.);
#1087=EDGE_CURVE('',#830,#858,#86,.T.);
#1088=EDGE_CURVE('',#859,#829,#504,.T.);
#1089=EDGE_CURVE('',#857,#859,#87,.T.);
#1090=EDGE_CURVE('',#860,#858,#505,.T.);
#1091=EDGE_CURVE('',#860,#831,#88,.T.);
#1092=EDGE_CURVE('',#861,#856,#506,.T.);
#1093=EDGE_CURVE('',#861,#862,#89,.T.);
#1094=EDGE_CURVE('',#862,#852,#507,.T.);
#1095=EDGE_CURVE('',#863,#857,#508,.T.);
#1096=EDGE_CURVE('',#863,#861,#90,.T.);
#1097=EDGE_CURVE('',#864,#859,#509,.T.);
#1098=EDGE_CURVE('',#864,#863,#91,.T.);
#1099=EDGE_CURVE('',#855,#847,#510,.T.);
#1100=EDGE_CURVE('',#865,#866,#511,.T.);
#1101=EDGE_CURVE('',#865,#862,#512,.T.);
#1102=EDGE_CURVE('',#867,#862,#513,.T.);
#1103=EDGE_CURVE('',#866,#867,#514,.T.);
#1104=EDGE_CURVE('',#864,#832,#515,.T.);
#1105=EDGE_CURVE('',#867,#860,#92,.T.);
#1106=EDGE_CURVE('',#868,#815,#93,.T.);
#1107=EDGE_CURVE('',#869,#868,#516,.T.);
#1108=EDGE_CURVE('',#869,#866,#94,.T.);
#1109=EDGE_CURVE('',#869,#834,#95,.T.);
#1110=EDGE_CURVE('',#835,#868,#96,.T.);
#1111=EDGE_CURVE('',#814,#870,#517,.T.);
#1112=EDGE_CURVE('',#870,#871,#97,.T.);
#1113=EDGE_CURVE('',#871,#872,#518,.T.);
#1114=EDGE_CURVE('',#872,#873,#98,.T.);
#1115=EDGE_CURVE('',#873,#822,#519,.T.);
#1116=EDGE_CURVE('',#802,#783,#520,.T.);
#1117=EDGE_CURVE('',#803,#782,#521,.T.);
#1118=EDGE_CURVE('',#804,#781,#522,.T.);
#1119=EDGE_CURVE('',#874,#833,#523,.T.);
#1120=EDGE_CURVE('',#874,#873,#524,.T.);
#1121=EDGE_CURVE('',#875,#874,#99,.T.);
#1122=EDGE_CURVE('',#875,#872,#525,.T.);
#1123=EDGE_CURVE('',#875,#876,#526,.T.);
#1124=EDGE_CURVE('',#876,#871,#527,.T.);
#1125=EDGE_CURVE('',#877,#876,#100,.T.);
#1126=EDGE_CURVE('',#877,#870,#528,.T.);
#1127=EDGE_CURVE('',#877,#865,#529,.T.);
#1128=EDGE_CURVE('',#878,#879,#530,.T.);
#1129=EDGE_CURVE('',#880,#879,#531,.T.);
#1130=EDGE_CURVE('',#881,#880,#532,.T.);
#1131=EDGE_CURVE('',#881,#882,#533,.T.);
#1132=EDGE_CURVE('',#882,#883,#534,.T.);
#1133=EDGE_CURVE('',#884,#883,#535,.T.);
#1134=EDGE_CURVE('',#885,#884,#536,.T.);
#1135=EDGE_CURVE('',#885,#878,#537,.T.);
#1136=EDGE_CURVE('',#886,#885,#538,.T.);
#1137=EDGE_CURVE('',#887,#884,#539,.T.);
#1138=EDGE_CURVE('',#886,#887,#540,.T.);
#1139=EDGE_CURVE('',#888,#886,#541,.T.);
#1140=EDGE_CURVE('',#889,#887,#542,.T.);
#1141=EDGE_CURVE('',#888,#889,#543,.T.);
#1142=EDGE_CURVE('',#882,#888,#544,.T.);
#1143=EDGE_CURVE('',#883,#889,#545,.T.);
#1144=EDGE_CURVE('',#890,#891,#546,.T.);
#1145=EDGE_CURVE('',#891,#892,#547,.T.);
#1146=EDGE_CURVE('',#893,#892,#548,.T.);
#1147=EDGE_CURVE('',#890,#893,#549,.T.);
#1148=EDGE_CURVE('',#878,#890,#550,.T.);
#1149=EDGE_CURVE('',#879,#893,#551,.T.);
#1150=EDGE_CURVE('',#891,#881,#552,.T.);
#1151=EDGE_CURVE('',#892,#880,#553,.T.);
#1152=EDGE_CURVE('',#894,#894,#101,.T.);
#1153=EDGE_CURVE('',#894,#895,#102,.T.);
#1154=EDGE_CURVE('',#895,#896,#103,.T.);
#1155=EDGE_CURVE('',#896,#895,#104,.T.);
#1156=EDGE_CURVE('',#896,#897,#554,.T.);
#1157=EDGE_CURVE('',#898,#897,#105,.T.);
#1158=EDGE_CURVE('',#897,#898,#106,.T.);
#1159=EDGE_CURVE('',#899,#900,#555,.T.);
#1160=EDGE_CURVE('',#899,#901,#556,.T.);
#1161=EDGE_CURVE('',#901,#902,#557,.T.);
#1162=EDGE_CURVE('',#903,#902,#107,.T.);
#1163=EDGE_CURVE('',#903,#904,#108,.T.);
#1164=EDGE_CURVE('',#900,#904,#109,.T.);
#1165=EDGE_CURVE('',#905,#905,#110,.T.);
#1166=EDGE_CURVE('',#906,#906,#111,.T.);
#1167=EDGE_CURVE('',#898,#907,#112,.T.);
#1168=EDGE_CURVE('',#907,#907,#113,.T.);
#1169=EDGE_CURVE('',#908,#908,#114,.T.);
#1170=EDGE_CURVE('',#909,#909,#115,.T.);
#1171=EDGE_CURVE('',#909,#910,#116,.T.);
#1172=EDGE_CURVE('',#910,#911,#117,.T.);
#1173=EDGE_CURVE('',#911,#910,#118,.T.);
#1174=EDGE_CURVE('',#912,#913,#558,.T.);
#1175=EDGE_CURVE('',#913,#914,#119,.T.);
#1176=EDGE_CURVE('',#914,#915,#120,.T.);
#1177=EDGE_CURVE('',#915,#916,#121,.T.);
#1178=EDGE_CURVE('',#916,#917,#559,.T.);
#1179=EDGE_CURVE('',#917,#912,#560,.T.);
#1180=EDGE_CURVE('',#918,#918,#122,.T.);
#1181=EDGE_CURVE('',#919,#919,#123,.T.);
#1182=EDGE_CURVE('',#908,#911,#561,.T.);
#1183=EDGE_CURVE('',#918,#920,#124,.T.);
#1184=EDGE_CURVE('',#920,#921,#125,.T.);
#1185=EDGE_CURVE('',#921,#920,#126,.T.);
#1186=EDGE_CURVE('',#922,#922,#127,.T.);
#1187=EDGE_CURVE('',#922,#921,#562,.T.);
#1188=EDGE_CURVE('',#905,#923,#128,.T.);
#1189=EDGE_CURVE('',#923,#924,#129,.T.);
#1190=EDGE_CURVE('',#924,#923,#130,.T.);
#1191=EDGE_CURVE('',#924,#925,#563,.T.);
#1192=EDGE_CURVE('',#926,#925,#131,.T.);
#1193=EDGE_CURVE('',#925,#926,#132,.T.);
#1194=EDGE_CURVE('',#926,#927,#133,.T.);
#1195=EDGE_CURVE('',#927,#927,#134,.T.);
#1196=EDGE_CURVE('',#906,#928,#135,.T.);
#1197=EDGE_CURVE('',#928,#929,#136,.T.);
#1198=EDGE_CURVE('',#929,#928,#137,.T.);
#1199=EDGE_CURVE('',#929,#930,#564,.T.);
#1200=EDGE_CURVE('',#931,#930,#138,.T.);
#1201=EDGE_CURVE('',#930,#931,#139,.T.);
#1202=EDGE_CURVE('',#919,#932,#140,.T.);
#1203=EDGE_CURVE('',#932,#933,#141,.T.);
#1204=EDGE_CURVE('',#933,#932,#142,.T.);
#1205=EDGE_CURVE('',#934,#934,#143,.T.);
#1206=EDGE_CURVE('',#934,#933,#565,.T.);
#1207=EDGE_CURVE('',#931,#935,#144,.T.);
#1208=EDGE_CURVE('',#935,#935,#145,.T.);
#1209=EDGE_CURVE('',#899,#912,#566,.T.);
#1210=EDGE_CURVE('',#901,#917,#567,.T.);
#1211=EDGE_CURVE('',#902,#916,#568,.T.);
#1212=EDGE_CURVE('',#903,#915,#569,.T.);
#1213=EDGE_CURVE('',#904,#914,#570,.T.);
#1214=EDGE_CURVE('',#900,#913,#571,.T.);
#1215=EDGE_CURVE('',#936,#937,#572,.T.);
#1216=EDGE_CURVE('',#936,#938,#573,.T.);
#1217=EDGE_CURVE('',#939,#938,#574,.T.);
#1218=EDGE_CURVE('',#937,#939,#575,.T.);
#1219=EDGE_CURVE('',#937,#940,#576,.T.);
#1220=EDGE_CURVE('',#941,#939,#577,.T.);
#1221=EDGE_CURVE('',#940,#941,#578,.T.);
#1222=EDGE_CURVE('',#942,#940,#146,.T.);
#1223=EDGE_CURVE('',#943,#941,#147,.T.);
#1224=EDGE_CURVE('',#942,#943,#579,.T.);
#1225=EDGE_CURVE('',#942,#944,#148,.T.);
#1226=EDGE_CURVE('',#945,#943,#149,.T.);
#1227=EDGE_CURVE('',#944,#945,#580,.T.);
#1228=EDGE_CURVE('',#946,#944,#150,.T.);
#1229=EDGE_CURVE('',#947,#945,#151,.T.);
#1230=EDGE_CURVE('',#946,#947,#581,.T.);
#1231=EDGE_CURVE('',#936,#946,#582,.T.);
#1232=EDGE_CURVE('',#938,#947,#583,.T.);
#1233=ORIENTED_EDGE('',*,*,#948,.T.);
#1234=ORIENTED_EDGE('',*,*,#949,.T.);
#1235=ORIENTED_EDGE('',*,*,#950,.F.);
#1236=ORIENTED_EDGE('',*,*,#951,.F.);
#1237=ORIENTED_EDGE('',*,*,#952,.T.);
#1238=ORIENTED_EDGE('',*,*,#953,.T.);
#1239=ORIENTED_EDGE('',*,*,#954,.F.);
#1240=ORIENTED_EDGE('',*,*,#949,.F.);
#1241=ORIENTED_EDGE('',*,*,#955,.F.);
#1242=ORIENTED_EDGE('',*,*,#956,.T.);
#1243=ORIENTED_EDGE('',*,*,#957,.F.);
#1244=ORIENTED_EDGE('',*,*,#953,.F.);
#1245=ORIENTED_EDGE('',*,*,#958,.T.);
#1246=ORIENTED_EDGE('',*,*,#959,.T.);
#1247=ORIENTED_EDGE('',*,*,#960,.F.);
#1248=ORIENTED_EDGE('',*,*,#956,.F.);
#1249=ORIENTED_EDGE('',*,*,#961,.F.);
#1250=ORIENTED_EDGE('',*,*,#962,.T.);
#1251=ORIENTED_EDGE('',*,*,#963,.F.);
#1252=ORIENTED_EDGE('',*,*,#959,.F.);
#1253=ORIENTED_EDGE('',*,*,#964,.F.);
#1254=ORIENTED_EDGE('',*,*,#951,.T.);
#1255=ORIENTED_EDGE('',*,*,#965,.F.);
#1256=ORIENTED_EDGE('',*,*,#962,.F.);
#1257=ORIENTED_EDGE('',*,*,#964,.T.);
#1258=ORIENTED_EDGE('',*,*,#961,.T.);
#1259=ORIENTED_EDGE('',*,*,#958,.F.);
#1260=ORIENTED_EDGE('',*,*,#955,.T.);
#1261=ORIENTED_EDGE('',*,*,#952,.F.);
#1262=ORIENTED_EDGE('',*,*,#948,.F.);
#1263=ORIENTED_EDGE('',*,*,#966,.F.);
#1264=ORIENTED_EDGE('',*,*,#967,.F.);
#1265=ORIENTED_EDGE('',*,*,#968,.F.);
#1266=ORIENTED_EDGE('',*,*,#969,.F.);
#1267=ORIENTED_EDGE('',*,*,#970,.F.);
#1268=ORIENTED_EDGE('',*,*,#971,.F.);
#1269=ORIENTED_EDGE('',*,*,#972,.F.);
#1270=ORIENTED_EDGE('',*,*,#973,.F.);
#1271=ORIENTED_EDGE('',*,*,#974,.F.);
#1272=ORIENTED_EDGE('',*,*,#975,.F.);
#1273=ORIENTED_EDGE('',*,*,#976,.F.);
#1274=ORIENTED_EDGE('',*,*,#977,.F.);
#1275=ORIENTED_EDGE('',*,*,#972,.T.);
#1276=ORIENTED_EDGE('',*,*,#978,.F.);
#1277=ORIENTED_EDGE('',*,*,#979,.T.);
#1278=ORIENTED_EDGE('',*,*,#980,.T.);
#1279=ORIENTED_EDGE('',*,*,#971,.T.);
#1280=ORIENTED_EDGE('',*,*,#981,.F.);
#1281=ORIENTED_EDGE('',*,*,#982,.T.);
#1282=ORIENTED_EDGE('',*,*,#983,.F.);
#1283=ORIENTED_EDGE('',*,*,#984,.T.);
#1284=ORIENTED_EDGE('',*,*,#985,.T.);
#1285=ORIENTED_EDGE('',*,*,#986,.T.);
#1286=ORIENTED_EDGE('',*,*,#978,.T.);
#1287=ORIENTED_EDGE('',*,*,#970,.T.);
#1288=ORIENTED_EDGE('',*,*,#987,.F.);
#1289=ORIENTED_EDGE('',*,*,#988,.T.);
#1290=ORIENTED_EDGE('',*,*,#981,.T.);
#1291=ORIENTED_EDGE('',*,*,#969,.T.);
#1292=ORIENTED_EDGE('',*,*,#989,.F.);
#1293=ORIENTED_EDGE('',*,*,#990,.T.);
#1294=ORIENTED_EDGE('',*,*,#987,.T.);
#1295=ORIENTED_EDGE('',*,*,#968,.T.);
#1296=ORIENTED_EDGE('',*,*,#991,.F.);
#1297=ORIENTED_EDGE('',*,*,#992,.T.);
#1298=ORIENTED_EDGE('',*,*,#983,.T.);
#1299=ORIENTED_EDGE('',*,*,#993,.T.);
#1300=ORIENTED_EDGE('',*,*,#989,.T.);
#1301=ORIENTED_EDGE('',*,*,#967,.T.);
#1302=ORIENTED_EDGE('',*,*,#994,.F.);
#1303=ORIENTED_EDGE('',*,*,#995,.T.);
#1304=ORIENTED_EDGE('',*,*,#991,.T.);
#1305=ORIENTED_EDGE('',*,*,#996,.F.);
#1306=ORIENTED_EDGE('',*,*,#997,.F.);
#1307=ORIENTED_EDGE('',*,*,#998,.F.);
#1308=ORIENTED_EDGE('',*,*,#999,.F.);
#1309=ORIENTED_EDGE('',*,*,#1000,.F.);
#1310=ORIENTED_EDGE('',*,*,#1001,.F.);
#1311=ORIENTED_EDGE('',*,*,#992,.F.);
#1312=ORIENTED_EDGE('',*,*,#995,.F.);
#1313=ORIENTED_EDGE('',*,*,#1002,.F.);
#1314=ORIENTED_EDGE('',*,*,#1003,.F.);
#1315=ORIENTED_EDGE('',*,*,#1004,.F.);
#1316=ORIENTED_EDGE('',*,*,#1005,.F.);
#1317=ORIENTED_EDGE('',*,*,#1006,.F.);
#1318=ORIENTED_EDGE('',*,*,#984,.F.);
#1319=ORIENTED_EDGE('',*,*,#1007,.F.);
#1320=ORIENTED_EDGE('',*,*,#1008,.T.);
#1321=ORIENTED_EDGE('',*,*,#997,.T.);
#1322=ORIENTED_EDGE('',*,*,#1009,.F.);
#1323=ORIENTED_EDGE('',*,*,#1010,.F.);
#1324=ORIENTED_EDGE('',*,*,#1011,.T.);
#1325=ORIENTED_EDGE('',*,*,#998,.T.);
#1326=ORIENTED_EDGE('',*,*,#1008,.F.);
#1327=ORIENTED_EDGE('',*,*,#1012,.F.);
#1328=ORIENTED_EDGE('',*,*,#1013,.T.);
#1329=ORIENTED_EDGE('',*,*,#999,.T.);
#1330=ORIENTED_EDGE('',*,*,#1011,.F.);
#1331=ORIENTED_EDGE('',*,*,#1014,.F.);
#1332=ORIENTED_EDGE('',*,*,#1015,.T.);
#1333=ORIENTED_EDGE('',*,*,#1000,.T.);
#1334=ORIENTED_EDGE('',*,*,#1013,.F.);
#1335=ORIENTED_EDGE('',*,*,#1016,.F.);
#1336=ORIENTED_EDGE('',*,*,#1017,.T.);
#1337=ORIENTED_EDGE('',*,*,#1001,.T.);
#1338=ORIENTED_EDGE('',*,*,#1015,.F.);
#1339=ORIENTED_EDGE('',*,*,#1018,.F.);
#1340=ORIENTED_EDGE('',*,*,#1009,.T.);
#1341=ORIENTED_EDGE('',*,*,#996,.T.);
#1342=ORIENTED_EDGE('',*,*,#1017,.F.);
#1343=ORIENTED_EDGE('',*,*,#966,.T.);
#1344=ORIENTED_EDGE('',*,*,#1019,.F.);
#1345=ORIENTED_EDGE('',*,*,#1002,.T.);
#1346=ORIENTED_EDGE('',*,*,#994,.T.);
#1347=ORIENTED_EDGE('',*,*,#990,.F.);
#1348=ORIENTED_EDGE('',*,*,#993,.F.);
#1349=ORIENTED_EDGE('',*,*,#982,.F.);
#1350=ORIENTED_EDGE('',*,*,#988,.F.);
#1351=ORIENTED_EDGE('',*,*,#1020,.F.);
#1352=ORIENTED_EDGE('',*,*,#979,.F.);
#1353=ORIENTED_EDGE('',*,*,#986,.F.);
#1354=ORIENTED_EDGE('',*,*,#1021,.F.);
#1355=ORIENTED_EDGE('',*,*,#973,.T.);
#1356=ORIENTED_EDGE('',*,*,#980,.F.);
#1357=ORIENTED_EDGE('',*,*,#1020,.T.);
#1358=ORIENTED_EDGE('',*,*,#1022,.T.);
#1359=ORIENTED_EDGE('',*,*,#1023,.F.);
#1360=ORIENTED_EDGE('',*,*,#1024,.T.);
#1361=ORIENTED_EDGE('',*,*,#1025,.F.);
#1362=ORIENTED_EDGE('',*,*,#1026,.F.);
#1363=ORIENTED_EDGE('',*,*,#1027,.F.);
#1364=ORIENTED_EDGE('',*,*,#1028,.F.);
#1365=ORIENTED_EDGE('',*,*,#1023,.T.);
#1366=ORIENTED_EDGE('',*,*,#1029,.F.);
#1367=ORIENTED_EDGE('',*,*,#1030,.F.);
#1368=ORIENTED_EDGE('',*,*,#1031,.F.);
#1369=ORIENTED_EDGE('',*,*,#1032,.F.);
#1370=ORIENTED_EDGE('',*,*,#1033,.F.);
#1371=ORIENTED_EDGE('',*,*,#1034,.F.);
#1372=ORIENTED_EDGE('',*,*,#1031,.T.);
#1373=ORIENTED_EDGE('',*,*,#1035,.F.);
#1374=ORIENTED_EDGE('',*,*,#1036,.T.);
#1375=ORIENTED_EDGE('',*,*,#1037,.F.);
#1376=ORIENTED_EDGE('',*,*,#1038,.T.);
#1377=ORIENTED_EDGE('',*,*,#1039,.F.);
#1378=ORIENTED_EDGE('',*,*,#1040,.T.);
#1379=ORIENTED_EDGE('',*,*,#1041,.F.);
#1380=ORIENTED_EDGE('',*,*,#1042,.T.);
#1381=ORIENTED_EDGE('',*,*,#1043,.F.);
#1382=ORIENTED_EDGE('',*,*,#1044,.T.);
#1383=ORIENTED_EDGE('',*,*,#1045,.F.);
#1384=ORIENTED_EDGE('',*,*,#1046,.T.);
#1385=ORIENTED_EDGE('',*,*,#1047,.T.);
#1386=ORIENTED_EDGE('',*,*,#1048,.F.);
#1387=ORIENTED_EDGE('',*,*,#1028,.T.);
#1388=ORIENTED_EDGE('',*,*,#1049,.F.);
#1389=ORIENTED_EDGE('',*,*,#1050,.T.);
#1390=ORIENTED_EDGE('',*,*,#1051,.T.);
#1391=ORIENTED_EDGE('',*,*,#1027,.T.);
#1392=ORIENTED_EDGE('',*,*,#1052,.F.);
#1393=ORIENTED_EDGE('',*,*,#1053,.T.);
#1394=ORIENTED_EDGE('',*,*,#1049,.T.);
#1395=ORIENTED_EDGE('',*,*,#1054,.F.);
#1396=ORIENTED_EDGE('',*,*,#1055,.T.);
#1397=ORIENTED_EDGE('',*,*,#1056,.F.);
#1398=ORIENTED_EDGE('',*,*,#1057,.F.);
#1399=ORIENTED_EDGE('',*,*,#1053,.F.);
#1400=ORIENTED_EDGE('',*,*,#1058,.F.);
#1401=ORIENTED_EDGE('',*,*,#1059,.T.);
#1402=ORIENTED_EDGE('',*,*,#1036,.F.);
#1403=ORIENTED_EDGE('',*,*,#1060,.F.);
#1404=ORIENTED_EDGE('',*,*,#1061,.F.);
#1405=ORIENTED_EDGE('',*,*,#1056,.T.);
#1406=ORIENTED_EDGE('',*,*,#1050,.F.);
#1407=ORIENTED_EDGE('',*,*,#1062,.F.);
#1408=ORIENTED_EDGE('',*,*,#1063,.F.);
#1409=ORIENTED_EDGE('',*,*,#1054,.T.);
#1410=ORIENTED_EDGE('',*,*,#1064,.F.);
#1411=ORIENTED_EDGE('',*,*,#1065,.F.);
#1412=ORIENTED_EDGE('',*,*,#1038,.F.);
#1413=ORIENTED_EDGE('',*,*,#1066,.F.);
#1414=ORIENTED_EDGE('',*,*,#1067,.F.);
#1415=ORIENTED_EDGE('',*,*,#1065,.T.);
#1416=ORIENTED_EDGE('',*,*,#1068,.F.);
#1417=ORIENTED_EDGE('',*,*,#1069,.T.);
#1418=ORIENTED_EDGE('',*,*,#1039,.T.);
#1419=ORIENTED_EDGE('',*,*,#1030,.T.);
#1420=ORIENTED_EDGE('',*,*,#1070,.F.);
#1421=ORIENTED_EDGE('',*,*,#1060,.T.);
#1422=ORIENTED_EDGE('',*,*,#1035,.T.);
#1423=ORIENTED_EDGE('',*,*,#1063,.T.);
#1424=ORIENTED_EDGE('',*,*,#1071,.F.);
#1425=ORIENTED_EDGE('',*,*,#1072,.T.);
#1426=ORIENTED_EDGE('',*,*,#1073,.T.);
#1427=ORIENTED_EDGE('',*,*,#1033,.T.);
#1428=ORIENTED_EDGE('',*,*,#1074,.F.);
#1429=ORIENTED_EDGE('',*,*,#1058,.T.);
#1430=ORIENTED_EDGE('',*,*,#1052,.T.);
#1431=ORIENTED_EDGE('',*,*,#1062,.T.);
#1432=ORIENTED_EDGE('',*,*,#1075,.F.);
#1433=ORIENTED_EDGE('',*,*,#1076,.T.);
#1434=ORIENTED_EDGE('',*,*,#1071,.T.);
#1435=ORIENTED_EDGE('',*,*,#1077,.F.);
#1436=ORIENTED_EDGE('',*,*,#1078,.T.);
#1437=ORIENTED_EDGE('',*,*,#1079,.F.);
#1438=ORIENTED_EDGE('',*,*,#1080,.F.);
#1439=ORIENTED_EDGE('',*,*,#1076,.F.);
#1440=ORIENTED_EDGE('',*,*,#1081,.F.);
#1441=ORIENTED_EDGE('',*,*,#1082,.T.);
#1442=ORIENTED_EDGE('',*,*,#1040,.F.);
#1443=ORIENTED_EDGE('',*,*,#1069,.F.);
#1444=ORIENTED_EDGE('',*,*,#1083,.F.);
#1445=ORIENTED_EDGE('',*,*,#1079,.T.);
#1446=ORIENTED_EDGE('',*,*,#1072,.F.);
#1447=ORIENTED_EDGE('',*,*,#1084,.F.);
#1448=ORIENTED_EDGE('',*,*,#1085,.F.);
#1449=ORIENTED_EDGE('',*,*,#1077,.T.);
#1450=ORIENTED_EDGE('',*,*,#1086,.F.);
#1451=ORIENTED_EDGE('',*,*,#1087,.F.);
#1452=ORIENTED_EDGE('',*,*,#1042,.F.);
#1453=ORIENTED_EDGE('',*,*,#1088,.F.);
#1454=ORIENTED_EDGE('',*,*,#1089,.F.);
#1455=ORIENTED_EDGE('',*,*,#1087,.T.);
#1456=ORIENTED_EDGE('',*,*,#1090,.F.);
#1457=ORIENTED_EDGE('',*,*,#1091,.T.);
#1458=ORIENTED_EDGE('',*,*,#1043,.T.);
#1459=ORIENTED_EDGE('',*,*,#1085,.T.);
#1460=ORIENTED_EDGE('',*,*,#1092,.F.);
#1461=ORIENTED_EDGE('',*,*,#1093,.T.);
#1462=ORIENTED_EDGE('',*,*,#1094,.T.);
#1463=ORIENTED_EDGE('',*,*,#1084,.T.);
#1464=ORIENTED_EDGE('',*,*,#1095,.F.);
#1465=ORIENTED_EDGE('',*,*,#1096,.T.);
#1466=ORIENTED_EDGE('',*,*,#1092,.T.);
#1467=ORIENTED_EDGE('',*,*,#1089,.T.);
#1468=ORIENTED_EDGE('',*,*,#1097,.F.);
#1469=ORIENTED_EDGE('',*,*,#1098,.T.);
#1470=ORIENTED_EDGE('',*,*,#1095,.T.);
#1471=ORIENTED_EDGE('',*,*,#1067,.T.);
#1472=ORIENTED_EDGE('',*,*,#1099,.F.);
#1473=ORIENTED_EDGE('',*,*,#1081,.T.);
#1474=ORIENTED_EDGE('',*,*,#1075,.T.);
#1475=ORIENTED_EDGE('',*,*,#1100,.F.);
#1476=ORIENTED_EDGE('',*,*,#1101,.T.);
#1477=ORIENTED_EDGE('',*,*,#1102,.F.);
#1478=ORIENTED_EDGE('',*,*,#1103,.F.);
#1479=ORIENTED_EDGE('',*,*,#1104,.T.);
#1480=ORIENTED_EDGE('',*,*,#1044,.F.);
#1481=ORIENTED_EDGE('',*,*,#1091,.F.);
#1482=ORIENTED_EDGE('',*,*,#1105,.F.);
#1483=ORIENTED_EDGE('',*,*,#1102,.T.);
#1484=ORIENTED_EDGE('',*,*,#1093,.F.);
#1485=ORIENTED_EDGE('',*,*,#1096,.F.);
#1486=ORIENTED_EDGE('',*,*,#1098,.F.);
#1487=ORIENTED_EDGE('',*,*,#1026,.T.);
#1488=ORIENTED_EDGE('',*,*,#1106,.F.);
#1489=ORIENTED_EDGE('',*,*,#1107,.F.);
#1490=ORIENTED_EDGE('',*,*,#1108,.T.);
#1491=ORIENTED_EDGE('',*,*,#1103,.T.);
#1492=ORIENTED_EDGE('',*,*,#1105,.T.);
#1493=ORIENTED_EDGE('',*,*,#1090,.T.);
#1494=ORIENTED_EDGE('',*,*,#1086,.T.);
#1495=ORIENTED_EDGE('',*,*,#1080,.T.);
#1496=ORIENTED_EDGE('',*,*,#1083,.T.);
#1497=ORIENTED_EDGE('',*,*,#1068,.T.);
#1498=ORIENTED_EDGE('',*,*,#1064,.T.);
#1499=ORIENTED_EDGE('',*,*,#1057,.T.);
#1500=ORIENTED_EDGE('',*,*,#1061,.T.);
#1501=ORIENTED_EDGE('',*,*,#1070,.T.);
#1502=ORIENTED_EDGE('',*,*,#1029,.T.);
#1503=ORIENTED_EDGE('',*,*,#1109,.F.);
#1504=ORIENTED_EDGE('',*,*,#1107,.T.);
#1505=ORIENTED_EDGE('',*,*,#1110,.F.);
#1506=ORIENTED_EDGE('',*,*,#1047,.F.);
#1507=ORIENTED_EDGE('',*,*,#1106,.T.);
#1508=ORIENTED_EDGE('',*,*,#1025,.T.);
#1509=ORIENTED_EDGE('',*,*,#1111,.T.);
#1510=ORIENTED_EDGE('',*,*,#1112,.T.);
#1511=ORIENTED_EDGE('',*,*,#1113,.T.);
#1512=ORIENTED_EDGE('',*,*,#1114,.T.);
#1513=ORIENTED_EDGE('',*,*,#1115,.T.);
#1514=ORIENTED_EDGE('',*,*,#1048,.T.);
#1515=ORIENTED_EDGE('',*,*,#1110,.T.);
#1516=ORIENTED_EDGE('',*,*,#950,.T.);
#1517=ORIENTED_EDGE('',*,*,#954,.T.);
#1518=ORIENTED_EDGE('',*,*,#957,.T.);
#1519=ORIENTED_EDGE('',*,*,#960,.T.);
#1520=ORIENTED_EDGE('',*,*,#963,.T.);
#1521=ORIENTED_EDGE('',*,*,#965,.T.);
#1522=ORIENTED_EDGE('',*,*,#977,.T.);
#1523=ORIENTED_EDGE('',*,*,#1116,.F.);
#1524=ORIENTED_EDGE('',*,*,#1003,.T.);
#1525=ORIENTED_EDGE('',*,*,#1019,.T.);
#1526=ORIENTED_EDGE('',*,*,#976,.T.);
#1527=ORIENTED_EDGE('',*,*,#1117,.F.);
#1528=ORIENTED_EDGE('',*,*,#1004,.T.);
#1529=ORIENTED_EDGE('',*,*,#1116,.T.);
#1530=ORIENTED_EDGE('',*,*,#975,.T.);
#1531=ORIENTED_EDGE('',*,*,#1118,.F.);
#1532=ORIENTED_EDGE('',*,*,#1005,.T.);
#1533=ORIENTED_EDGE('',*,*,#1117,.T.);
#1534=ORIENTED_EDGE('',*,*,#974,.T.);
#1535=ORIENTED_EDGE('',*,*,#1022,.F.);
#1536=ORIENTED_EDGE('',*,*,#1021,.T.);
#1537=ORIENTED_EDGE('',*,*,#985,.F.);
#1538=ORIENTED_EDGE('',*,*,#1006,.T.);
#1539=ORIENTED_EDGE('',*,*,#1118,.T.);
#1540=ORIENTED_EDGE('',*,*,#1119,.T.);
#1541=ORIENTED_EDGE('',*,*,#1045,.T.);
#1542=ORIENTED_EDGE('',*,*,#1104,.F.);
#1543=ORIENTED_EDGE('',*,*,#1097,.T.);
#1544=ORIENTED_EDGE('',*,*,#1088,.T.);
#1545=ORIENTED_EDGE('',*,*,#1041,.T.);
#1546=ORIENTED_EDGE('',*,*,#1082,.F.);
#1547=ORIENTED_EDGE('',*,*,#1099,.T.);
#1548=ORIENTED_EDGE('',*,*,#1066,.T.);
#1549=ORIENTED_EDGE('',*,*,#1037,.T.);
#1550=ORIENTED_EDGE('',*,*,#1059,.F.);
#1551=ORIENTED_EDGE('',*,*,#1074,.T.);
#1552=ORIENTED_EDGE('',*,*,#1032,.T.);
#1553=ORIENTED_EDGE('',*,*,#1034,.T.);
#1554=ORIENTED_EDGE('',*,*,#1115,.F.);
#1555=ORIENTED_EDGE('',*,*,#1120,.F.);
#1556=ORIENTED_EDGE('',*,*,#1121,.T.);
#1557=ORIENTED_EDGE('',*,*,#1120,.T.);
#1558=ORIENTED_EDGE('',*,*,#1114,.F.);
#1559=ORIENTED_EDGE('',*,*,#1122,.F.);
#1560=ORIENTED_EDGE('',*,*,#1123,.F.);
#1561=ORIENTED_EDGE('',*,*,#1122,.T.);
#1562=ORIENTED_EDGE('',*,*,#1113,.F.);
#1563=ORIENTED_EDGE('',*,*,#1124,.F.);
#1564=ORIENTED_EDGE('',*,*,#1125,.T.);
#1565=ORIENTED_EDGE('',*,*,#1124,.T.);
#1566=ORIENTED_EDGE('',*,*,#1112,.F.);
#1567=ORIENTED_EDGE('',*,*,#1126,.F.);
#1568=ORIENTED_EDGE('',*,*,#1127,.F.);
#1569=ORIENTED_EDGE('',*,*,#1126,.T.);
#1570=ORIENTED_EDGE('',*,*,#1111,.F.);
#1571=ORIENTED_EDGE('',*,*,#1024,.F.);
#1572=ORIENTED_EDGE('',*,*,#1051,.F.);
#1573=ORIENTED_EDGE('',*,*,#1055,.F.);
#1574=ORIENTED_EDGE('',*,*,#1073,.F.);
#1575=ORIENTED_EDGE('',*,*,#1078,.F.);
#1576=ORIENTED_EDGE('',*,*,#1094,.F.);
#1577=ORIENTED_EDGE('',*,*,#1101,.F.);
#1578=ORIENTED_EDGE('',*,*,#1119,.F.);
#1579=ORIENTED_EDGE('',*,*,#1121,.F.);
#1580=ORIENTED_EDGE('',*,*,#1123,.T.);
#1581=ORIENTED_EDGE('',*,*,#1125,.F.);
#1582=ORIENTED_EDGE('',*,*,#1127,.T.);
#1583=ORIENTED_EDGE('',*,*,#1100,.T.);
#1584=ORIENTED_EDGE('',*,*,#1108,.F.);
#1585=ORIENTED_EDGE('',*,*,#1109,.T.);
#1586=ORIENTED_EDGE('',*,*,#1046,.F.);
#1587=ORIENTED_EDGE('',*,*,#1007,.T.);
#1588=ORIENTED_EDGE('',*,*,#1018,.T.);
#1589=ORIENTED_EDGE('',*,*,#1016,.T.);
#1590=ORIENTED_EDGE('',*,*,#1014,.T.);
#1591=ORIENTED_EDGE('',*,*,#1012,.T.);
#1592=ORIENTED_EDGE('',*,*,#1010,.T.);
#1593=ORIENTED_EDGE('',*,*,#1128,.T.);
#1594=ORIENTED_EDGE('',*,*,#1129,.F.);
#1595=ORIENTED_EDGE('',*,*,#1130,.F.);
#1596=ORIENTED_EDGE('',*,*,#1131,.T.);
#1597=ORIENTED_EDGE('',*,*,#1132,.T.);
#1598=ORIENTED_EDGE('',*,*,#1133,.F.);
#1599=ORIENTED_EDGE('',*,*,#1134,.F.);
#1600=ORIENTED_EDGE('',*,*,#1135,.T.);
#1601=ORIENTED_EDGE('',*,*,#1136,.T.);
#1602=ORIENTED_EDGE('',*,*,#1134,.T.);
#1603=ORIENTED_EDGE('',*,*,#1137,.F.);
#1604=ORIENTED_EDGE('',*,*,#1138,.F.);
#1605=ORIENTED_EDGE('',*,*,#1139,.T.);
#1606=ORIENTED_EDGE('',*,*,#1138,.T.);
#1607=ORIENTED_EDGE('',*,*,#1140,.F.);
#1608=ORIENTED_EDGE('',*,*,#1141,.F.);
#1609=ORIENTED_EDGE('',*,*,#1142,.T.);
#1610=ORIENTED_EDGE('',*,*,#1141,.T.);
#1611=ORIENTED_EDGE('',*,*,#1143,.F.);
#1612=ORIENTED_EDGE('',*,*,#1132,.F.);
#1613=ORIENTED_EDGE('',*,*,#1143,.T.);
#1614=ORIENTED_EDGE('',*,*,#1140,.T.);
#1615=ORIENTED_EDGE('',*,*,#1137,.T.);
#1616=ORIENTED_EDGE('',*,*,#1133,.T.);
#1617=ORIENTED_EDGE('',*,*,#1144,.T.);
#1618=ORIENTED_EDGE('',*,*,#1145,.T.);
#1619=ORIENTED_EDGE('',*,*,#1146,.F.);
#1620=ORIENTED_EDGE('',*,*,#1147,.F.);
#1621=ORIENTED_EDGE('',*,*,#1148,.T.);
#1622=ORIENTED_EDGE('',*,*,#1147,.T.);
#1623=ORIENTED_EDGE('',*,*,#1149,.F.);
#1624=ORIENTED_EDGE('',*,*,#1128,.F.);
#1625=ORIENTED_EDGE('',*,*,#1150,.T.);
#1626=ORIENTED_EDGE('',*,*,#1130,.T.);
#1627=ORIENTED_EDGE('',*,*,#1151,.F.);
#1628=ORIENTED_EDGE('',*,*,#1145,.F.);
#1629=ORIENTED_EDGE('',*,*,#1151,.T.);
#1630=ORIENTED_EDGE('',*,*,#1129,.T.);
#1631=ORIENTED_EDGE('',*,*,#1149,.T.);
#1632=ORIENTED_EDGE('',*,*,#1146,.T.);
#1633=ORIENTED_EDGE('',*,*,#1150,.F.);
#1634=ORIENTED_EDGE('',*,*,#1144,.F.);
#1635=ORIENTED_EDGE('',*,*,#1148,.F.);
#1636=ORIENTED_EDGE('',*,*,#1135,.F.);
#1637=ORIENTED_EDGE('',*,*,#1136,.F.);
#1638=ORIENTED_EDGE('',*,*,#1139,.F.);
#1639=ORIENTED_EDGE('',*,*,#1142,.F.);
#1640=ORIENTED_EDGE('',*,*,#1131,.F.);
#1641=ORIENTED_EDGE('',*,*,#1152,.T.);
#1642=ORIENTED_EDGE('',*,*,#1153,.T.);
#1643=ORIENTED_EDGE('',*,*,#1154,.T.);
#1644=ORIENTED_EDGE('',*,*,#1155,.T.);
#1645=ORIENTED_EDGE('',*,*,#1153,.F.);
#1646=ORIENTED_EDGE('',*,*,#1155,.F.);
#1647=ORIENTED_EDGE('',*,*,#1156,.T.);
#1648=ORIENTED_EDGE('',*,*,#1157,.F.);
#1649=ORIENTED_EDGE('',*,*,#1158,.F.);
#1650=ORIENTED_EDGE('',*,*,#1156,.F.);
#1651=ORIENTED_EDGE('',*,*,#1154,.F.);
#1652=ORIENTED_EDGE('',*,*,#1159,.F.);
#1653=ORIENTED_EDGE('',*,*,#1160,.T.);
#1654=ORIENTED_EDGE('',*,*,#1161,.T.);
#1655=ORIENTED_EDGE('',*,*,#1162,.F.);
#1656=ORIENTED_EDGE('',*,*,#1163,.T.);
#1657=ORIENTED_EDGE('',*,*,#1164,.F.);
#1658=ORIENTED_EDGE('',*,*,#1165,.F.);
#1659=ORIENTED_EDGE('',*,*,#1166,.F.);
#1660=ORIENTED_EDGE('',*,*,#1152,.F.);
#1661=ORIENTED_EDGE('',*,*,#1158,.T.);
#1662=ORIENTED_EDGE('',*,*,#1167,.T.);
#1663=ORIENTED_EDGE('',*,*,#1168,.T.);
#1664=ORIENTED_EDGE('',*,*,#1167,.F.);
#1665=ORIENTED_EDGE('',*,*,#1157,.T.);
#1666=ORIENTED_EDGE('',*,*,#1169,.T.);
#1667=ORIENTED_EDGE('',*,*,#1168,.F.);
#1668=ORIENTED_EDGE('',*,*,#1170,.T.);
#1669=ORIENTED_EDGE('',*,*,#1171,.T.);
#1670=ORIENTED_EDGE('',*,*,#1172,.T.);
#1671=ORIENTED_EDGE('',*,*,#1173,.T.);
#1672=ORIENTED_EDGE('',*,*,#1171,.F.);
#1673=ORIENTED_EDGE('',*,*,#1174,.T.);
#1674=ORIENTED_EDGE('',*,*,#1175,.T.);
#1675=ORIENTED_EDGE('',*,*,#1176,.T.);
#1676=ORIENTED_EDGE('',*,*,#1177,.T.);
#1677=ORIENTED_EDGE('',*,*,#1178,.T.);
#1678=ORIENTED_EDGE('',*,*,#1179,.T.);
#1679=ORIENTED_EDGE('',*,*,#1180,.F.);
#1680=ORIENTED_EDGE('',*,*,#1181,.F.);
#1681=ORIENTED_EDGE('',*,*,#1170,.F.);
#1682=ORIENTED_EDGE('',*,*,#1169,.F.);
#1683=ORIENTED_EDGE('',*,*,#1182,.T.);
#1684=ORIENTED_EDGE('',*,*,#1172,.F.);
#1685=ORIENTED_EDGE('',*,*,#1173,.F.);
#1686=ORIENTED_EDGE('',*,*,#1182,.F.);
#1687=ORIENTED_EDGE('',*,*,#1180,.T.);
#1688=ORIENTED_EDGE('',*,*,#1183,.T.);
#1689=ORIENTED_EDGE('',*,*,#1184,.T.);
#1690=ORIENTED_EDGE('',*,*,#1185,.T.);
#1691=ORIENTED_EDGE('',*,*,#1183,.F.);
#1692=ORIENTED_EDGE('',*,*,#1186,.F.);
#1693=ORIENTED_EDGE('',*,*,#1187,.T.);
#1694=ORIENTED_EDGE('',*,*,#1184,.F.);
#1695=ORIENTED_EDGE('',*,*,#1185,.F.);
#1696=ORIENTED_EDGE('',*,*,#1187,.F.);
#1697=ORIENTED_EDGE('',*,*,#1165,.T.);
#1698=ORIENTED_EDGE('',*,*,#1188,.T.);
#1699=ORIENTED_EDGE('',*,*,#1189,.T.);
#1700=ORIENTED_EDGE('',*,*,#1190,.T.);
#1701=ORIENTED_EDGE('',*,*,#1188,.F.);
#1702=ORIENTED_EDGE('',*,*,#1190,.F.);
#1703=ORIENTED_EDGE('',*,*,#1191,.T.);
#1704=ORIENTED_EDGE('',*,*,#1192,.F.);
#1705=ORIENTED_EDGE('',*,*,#1193,.F.);
#1706=ORIENTED_EDGE('',*,*,#1191,.F.);
#1707=ORIENTED_EDGE('',*,*,#1189,.F.);
#1708=ORIENTED_EDGE('',*,*,#1193,.T.);
#1709=ORIENTED_EDGE('',*,*,#1194,.T.);
#1710=ORIENTED_EDGE('',*,*,#1195,.T.);
#1711=ORIENTED_EDGE('',*,*,#1194,.F.);
#1712=ORIENTED_EDGE('',*,*,#1192,.T.);
#1713=ORIENTED_EDGE('',*,*,#1186,.T.);
#1714=ORIENTED_EDGE('',*,*,#1195,.F.);
#1715=ORIENTED_EDGE('',*,*,#1166,.T.);
#1716=ORIENTED_EDGE('',*,*,#1196,.T.);
#1717=ORIENTED_EDGE('',*,*,#1197,.T.);
#1718=ORIENTED_EDGE('',*,*,#1198,.T.);
#1719=ORIENTED_EDGE('',*,*,#1196,.F.);
#1720=ORIENTED_EDGE('',*,*,#1198,.F.);
#1721=ORIENTED_EDGE('',*,*,#1199,.T.);
#1722=ORIENTED_EDGE('',*,*,#1200,.F.);
#1723=ORIENTED_EDGE('',*,*,#1201,.F.);
#1724=ORIENTED_EDGE('',*,*,#1199,.F.);
#1725=ORIENTED_EDGE('',*,*,#1197,.F.);
#1726=ORIENTED_EDGE('',*,*,#1181,.T.);
#1727=ORIENTED_EDGE('',*,*,#1202,.T.);
#1728=ORIENTED_EDGE('',*,*,#1203,.T.);
#1729=ORIENTED_EDGE('',*,*,#1204,.T.);
#1730=ORIENTED_EDGE('',*,*,#1202,.F.);
#1731=ORIENTED_EDGE('',*,*,#1205,.F.);
#1732=ORIENTED_EDGE('',*,*,#1206,.T.);
#1733=ORIENTED_EDGE('',*,*,#1203,.F.);
#1734=ORIENTED_EDGE('',*,*,#1204,.F.);
#1735=ORIENTED_EDGE('',*,*,#1206,.F.);
#1736=ORIENTED_EDGE('',*,*,#1201,.T.);
#1737=ORIENTED_EDGE('',*,*,#1207,.T.);
#1738=ORIENTED_EDGE('',*,*,#1208,.T.);
#1739=ORIENTED_EDGE('',*,*,#1207,.F.);
#1740=ORIENTED_EDGE('',*,*,#1200,.T.);
#1741=ORIENTED_EDGE('',*,*,#1205,.T.);
#1742=ORIENTED_EDGE('',*,*,#1208,.F.);
#1743=ORIENTED_EDGE('',*,*,#1160,.F.);
#1744=ORIENTED_EDGE('',*,*,#1209,.T.);
#1745=ORIENTED_EDGE('',*,*,#1179,.F.);
#1746=ORIENTED_EDGE('',*,*,#1210,.F.);
#1747=ORIENTED_EDGE('',*,*,#1161,.F.);
#1748=ORIENTED_EDGE('',*,*,#1210,.T.);
#1749=ORIENTED_EDGE('',*,*,#1178,.F.);
#1750=ORIENTED_EDGE('',*,*,#1211,.F.);
#1751=ORIENTED_EDGE('',*,*,#1162,.T.);
#1752=ORIENTED_EDGE('',*,*,#1211,.T.);
#1753=ORIENTED_EDGE('',*,*,#1177,.F.);
#1754=ORIENTED_EDGE('',*,*,#1212,.F.);
#1755=ORIENTED_EDGE('',*,*,#1163,.F.);
#1756=ORIENTED_EDGE('',*,*,#1212,.T.);
#1757=ORIENTED_EDGE('',*,*,#1176,.F.);
#1758=ORIENTED_EDGE('',*,*,#1213,.F.);
#1759=ORIENTED_EDGE('',*,*,#1164,.T.);
#1760=ORIENTED_EDGE('',*,*,#1213,.T.);
#1761=ORIENTED_EDGE('',*,*,#1175,.F.);
#1762=ORIENTED_EDGE('',*,*,#1214,.F.);
#1763=ORIENTED_EDGE('',*,*,#1159,.T.);
#1764=ORIENTED_EDGE('',*,*,#1214,.T.);
#1765=ORIENTED_EDGE('',*,*,#1174,.F.);
#1766=ORIENTED_EDGE('',*,*,#1209,.F.);
#1767=ORIENTED_EDGE('',*,*,#1215,.F.);
#1768=ORIENTED_EDGE('',*,*,#1216,.T.);
#1769=ORIENTED_EDGE('',*,*,#1217,.F.);
#1770=ORIENTED_EDGE('',*,*,#1218,.F.);
#1771=ORIENTED_EDGE('',*,*,#1219,.F.);
#1772=ORIENTED_EDGE('',*,*,#1218,.T.);
#1773=ORIENTED_EDGE('',*,*,#1220,.F.);
#1774=ORIENTED_EDGE('',*,*,#1221,.F.);
#1775=ORIENTED_EDGE('',*,*,#1222,.T.);
#1776=ORIENTED_EDGE('',*,*,#1221,.T.);
#1777=ORIENTED_EDGE('',*,*,#1223,.F.);
#1778=ORIENTED_EDGE('',*,*,#1224,.F.);
#1779=ORIENTED_EDGE('',*,*,#1225,.F.);
#1780=ORIENTED_EDGE('',*,*,#1224,.T.);
#1781=ORIENTED_EDGE('',*,*,#1226,.F.);
#1782=ORIENTED_EDGE('',*,*,#1227,.F.);
#1783=ORIENTED_EDGE('',*,*,#1228,.T.);
#1784=ORIENTED_EDGE('',*,*,#1227,.T.);
#1785=ORIENTED_EDGE('',*,*,#1229,.F.);
#1786=ORIENTED_EDGE('',*,*,#1230,.F.);
#1787=ORIENTED_EDGE('',*,*,#1231,.T.);
#1788=ORIENTED_EDGE('',*,*,#1230,.T.);
#1789=ORIENTED_EDGE('',*,*,#1232,.F.);
#1790=ORIENTED_EDGE('',*,*,#1216,.F.);
#1791=ORIENTED_EDGE('',*,*,#1232,.T.);
#1792=ORIENTED_EDGE('',*,*,#1229,.T.);
#1793=ORIENTED_EDGE('',*,*,#1226,.T.);
#1794=ORIENTED_EDGE('',*,*,#1223,.T.);
#1795=ORIENTED_EDGE('',*,*,#1220,.T.);
#1796=ORIENTED_EDGE('',*,*,#1217,.T.);
#1797=ORIENTED_EDGE('',*,*,#1231,.F.);
#1798=ORIENTED_EDGE('',*,*,#1215,.T.);
#1799=ORIENTED_EDGE('',*,*,#1219,.T.);
#1800=ORIENTED_EDGE('',*,*,#1222,.F.);
#1801=ORIENTED_EDGE('',*,*,#1225,.T.);
#1802=ORIENTED_EDGE('',*,*,#1228,.F.);
#1803=PLANE('',#1984);
#1804=PLANE('',#1985);
#1805=PLANE('',#1995);
#1806=PLANE('',#1996);
#1807=PLANE('',#1997);
#1808=PLANE('',#1998);
#1809=PLANE('',#1999);
#1810=PLANE('',#2000);
#1811=PLANE('',#2001);
#1812=PLANE('',#2002);
#1813=PLANE('',#2003);
#1814=PLANE('',#2007);
#1815=PLANE('',#2008);
#1816=PLANE('',#2015);
#1817=PLANE('',#2016);
#1818=PLANE('',#2017);
#1819=PLANE('',#2018);
#1820=PLANE('',#2019);
#1821=PLANE('',#2020);
#1822=PLANE('',#2021);
#1823=PLANE('',#2040);
#1824=PLANE('',#2041);
#1825=PLANE('',#2045);
#1826=PLANE('',#2059);
#1827=PLANE('',#2060);
#1828=PLANE('',#2063);
#1829=PLANE('',#2078);
#1830=PLANE('',#2079);
#1831=PLANE('',#2087);
#1832=PLANE('',#2090);
#1833=PLANE('',#2091);
#1834=PLANE('',#2092);
#1835=PLANE('',#2093);
#1836=PLANE('',#2094);
#1837=PLANE('',#2097);
#1838=PLANE('',#2100);
#1839=PLANE('',#2101);
#1840=PLANE('',#2102);
#1841=PLANE('',#2103);
#1842=PLANE('',#2104);
#1843=PLANE('',#2105);
#1844=PLANE('',#2106);
#1845=PLANE('',#2107);
#1846=PLANE('',#2108);
#1847=PLANE('',#2109);
#1848=PLANE('',#2110);
#1849=PLANE('',#2111);
#1850=PLANE('',#2120);
#1851=PLANE('',#2129);
#1852=PLANE('',#2136);
#1853=PLANE('',#2159);
#1854=PLANE('',#2176);
#1855=PLANE('',#2177);
#1856=PLANE('',#2178);
#1857=PLANE('',#2182);
#1858=PLANE('',#2183);
#1859=PLANE('',#2184);
#1860=PLANE('',#2194);
#1861=PLANE('',#2195);
#1862=PLANE('',#2196);
#1863=ADVANCED_FACE('',(#187),#1803,.F.);
#1864=ADVANCED_FACE('',(#188),#1804,.F.);
#1865=ADVANCED_FACE('',(#189),#152,.F.);
#1866=ADVANCED_FACE('',(#190),#153,.T.);
#1867=ADVANCED_FACE('',(#191),#154,.F.);
#1868=ADVANCED_FACE('',(#192),#1805,.F.);
#1869=ADVANCED_FACE('',(#193,#30),#1806,.T.);
#1870=ADVANCED_FACE('',(#194),#1807,.T.);
#1871=ADVANCED_FACE('',(#195),#1808,.T.);
#1872=ADVANCED_FACE('',(#196),#1809,.T.);
#1873=ADVANCED_FACE('',(#197),#1810,.T.);
#1874=ADVANCED_FACE('',(#198),#1811,.T.);
#1875=ADVANCED_FACE('',(#199),#1812,.T.);
#1876=ADVANCED_FACE('',(#200,#31),#1813,.F.);
#1877=ADVANCED_FACE('',(#201),#1814,.F.);
#1878=ADVANCED_FACE('',(#202),#1815,.F.);
#1879=ADVANCED_FACE('',(#203),#155,.F.);
#1880=ADVANCED_FACE('',(#204),#156,.T.);
#1881=ADVANCED_FACE('',(#205),#157,.F.);
#1882=ADVANCED_FACE('',(#206),#1816,.F.);
#1883=ADVANCED_FACE('',(#207),#1817,.T.);
#1884=ADVANCED_FACE('',(#208),#1818,.F.);
#1885=ADVANCED_FACE('',(#209),#1819,.F.);
#1886=ADVANCED_FACE('',(#210),#1820,.T.);
#1887=ADVANCED_FACE('',(#211),#1821,.T.);
#1888=ADVANCED_FACE('',(#212),#1822,.F.);
#1889=ADVANCED_FACE('',(#213),#158,.T.);
#1890=ADVANCED_FACE('',(#214),#159,.T.);
#1891=ADVANCED_FACE('',(#215),#160,.F.);
#1892=ADVANCED_FACE('',(#216),#1823,.T.);
#1893=ADVANCED_FACE('',(#217),#1824,.T.);
#1894=ADVANCED_FACE('',(#218),#1825,.F.);
#1895=ADVANCED_FACE('',(#219),#161,.T.);
#1896=ADVANCED_FACE('',(#220),#162,.T.);
#1897=ADVANCED_FACE('',(#221),#163,.T.);
#1898=ADVANCED_FACE('',(#222),#164,.T.);
#1899=ADVANCED_FACE('',(#223),#165,.F.);
#1900=ADVANCED_FACE('',(#224),#1826,.T.);
#1901=ADVANCED_FACE('',(#225),#1827,.T.);
#1902=ADVANCED_FACE('',(#226),#1828,.F.);
#1903=ADVANCED_FACE('',(#227),#166,.T.);
#1904=ADVANCED_FACE('',(#228),#167,.T.);
#1905=ADVANCED_FACE('',(#229),#168,.F.);
#1906=ADVANCED_FACE('',(#230),#169,.T.);
#1907=ADVANCED_FACE('',(#231),#170,.T.);
#1908=ADVANCED_FACE('',(#232),#1829,.T.);
#1909=ADVANCED_FACE('',(#233),#1830,.T.);
#1910=ADVANCED_FACE('',(#234),#171,.T.);
#1911=ADVANCED_FACE('',(#235),#172,.F.);
#1912=ADVANCED_FACE('',(#236,#32),#1831,.T.);
#1913=ADVANCED_FACE('',(#237),#1832,.T.);
#1914=ADVANCED_FACE('',(#238),#1833,.T.);
#1915=ADVANCED_FACE('',(#239),#1834,.T.);
#1916=ADVANCED_FACE('',(#240),#1835,.T.);
#1917=ADVANCED_FACE('',(#241),#1836,.T.);
#1918=ADVANCED_FACE('',(#242),#173,.T.);
#1919=ADVANCED_FACE('',(#243),#1837,.T.);
#1920=ADVANCED_FACE('',(#244),#174,.T.);
#1921=ADVANCED_FACE('',(#245),#1838,.T.);
#1922=ADVANCED_FACE('',(#246,#33),#1839,.F.);
#1923=ADVANCED_FACE('',(#247),#1840,.T.);
#1924=ADVANCED_FACE('',(#248),#1841,.T.);
#1925=ADVANCED_FACE('',(#249),#1842,.T.);
#1926=ADVANCED_FACE('',(#250),#1843,.T.);
#1927=ADVANCED_FACE('',(#251),#1844,.T.);
#1928=ADVANCED_FACE('',(#252),#1845,.T.);
#1929=ADVANCED_FACE('',(#253),#1846,.T.);
#1930=ADVANCED_FACE('',(#254),#1847,.T.);
#1931=ADVANCED_FACE('',(#255),#1848,.T.);
#1932=ADVANCED_FACE('',(#256),#1849,.F.);
#1933=ADVANCED_FACE('',(#257),#13,.T.);
#1934=ADVANCED_FACE('',(#258),#175,.F.);
#1935=ADVANCED_FACE('',(#259,#34,#35,#36),#1850,.F.);
#1936=ADVANCED_FACE('',(#260),#14,.T.);
#1937=ADVANCED_FACE('',(#261,#37),#1851,.T.);
#1938=ADVANCED_FACE('',(#262),#15,.T.);
#1939=ADVANCED_FACE('',(#263,#38,#39,#40),#1852,.T.);
#1940=ADVANCED_FACE('',(#264),#176,.F.);
#1941=ADVANCED_FACE('',(#265),#16,.T.);
#1942=ADVANCED_FACE('',(#266),#177,.F.);
#1943=ADVANCED_FACE('',(#267),#17,.T.);
#1944=ADVANCED_FACE('',(#268),#178,.F.);
#1945=ADVANCED_FACE('',(#269),#18,.T.);
#1946=ADVANCED_FACE('',(#270,#41),#1853,.T.);
#1947=ADVANCED_FACE('',(#271),#19,.T.);
#1948=ADVANCED_FACE('',(#272),#179,.F.);
#1949=ADVANCED_FACE('',(#273),#20,.T.);
#1950=ADVANCED_FACE('',(#274),#180,.F.);
#1951=ADVANCED_FACE('',(#275),#21,.T.);
#1952=ADVANCED_FACE('',(#276,#42),#1854,.T.);
#1953=ADVANCED_FACE('',(#277),#1855,.T.);
#1954=ADVANCED_FACE('',(#278),#1856,.T.);
#1955=ADVANCED_FACE('',(#279),#181,.T.);
#1956=ADVANCED_FACE('',(#280),#182,.F.);
#1957=ADVANCED_FACE('',(#281),#183,.T.);
#1958=ADVANCED_FACE('',(#282),#1857,.T.);
#1959=ADVANCED_FACE('',(#283),#1858,.T.);
#1960=ADVANCED_FACE('',(#284),#1859,.T.);
#1961=ADVANCED_FACE('',(#285),#184,.T.);
#1962=ADVANCED_FACE('',(#286),#185,.F.);
#1963=ADVANCED_FACE('',(#287),#186,.T.);
#1964=ADVANCED_FACE('',(#288),#1860,.T.);
#1965=ADVANCED_FACE('',(#289),#1861,.T.);
#1966=ADVANCED_FACE('',(#290),#1862,.F.);
#1967=CLOSED_SHELL('',(#1863,#1864,#1865,#1866,#1867,#1868,#1869,#1870,
#1871,#1872,#1873,#1874,#1875,#1876,#1877,#1878,#1879,#1880,#1881,#1882,
#1883,#1884,#1885,#1886,#1887,#1888,#1889,#1890,#1891,#1892,#1893,#1894,
#1895,#1896,#1897,#1898,#1899,#1900,#1901,#1902,#1903,#1904,#1905,#1906,
#1907,#1908,#1909,#1910,#1911,#1912,#1913,#1914,#1915,#1916,#1917,#1918,
#1919,#1920,#1921,#1922));
#1968=CLOSED_SHELL('',(#1923,#1924,#1925,#1926,#1927,#1928,#1929,#1930,
#1931,#1932));
#1969=CLOSED_SHELL('',(#1933,#1934,#1935,#1936,#1937,#1938,#1939,#1940,
#1941,#1942,#1943,#1944,#1945,#1946,#1947,#1948,#1949,#1950,#1951,#1952,
#1953,#1954,#1955,#1956,#1957,#1958));
#1970=CLOSED_SHELL('',(#1959,#1960,#1961,#1962,#1963,#1964,#1965,#1966));
#1971=DERIVED_UNIT_ELEMENT(#1973,1.);
#1972=DERIVED_UNIT_ELEMENT(#3384,-3.);
#1973=(
MASS_UNIT()
NAMED_UNIT(*)
SI_UNIT(.KILO.,.GRAM.)
);
#1974=DERIVED_UNIT((#1971,#1972));
#1975=MEASURE_REPRESENTATION_ITEM('density measure',
POSITIVE_RATIO_MEASURE(7850.),#1974);
#1976=PROPERTY_DEFINITION_REPRESENTATION(#1981,#1978);
#1977=PROPERTY_DEFINITION_REPRESENTATION(#1982,#1979);
#1978=REPRESENTATION('material name',(#1980),#3381);
#1979=REPRESENTATION('density',(#1975),#3381);
#1980=DESCRIPTIVE_REPRESENTATION_ITEM('Stahl','Stahl');
#1981=PROPERTY_DEFINITION('material property','material name',#3391);
#1982=PROPERTY_DEFINITION('material property','density of part',#3391);
#1983=AXIS2_PLACEMENT_3D('',#2801,#2197,#2198);
#1984=AXIS2_PLACEMENT_3D('',#2802,#2199,#2200);
#1985=AXIS2_PLACEMENT_3D('',#2811,#2205,#2206);
#1986=AXIS2_PLACEMENT_3D('',#2817,#2210,#2211);
#1987=AXIS2_PLACEMENT_3D('',#2819,#2212,#2213);
#1988=AXIS2_PLACEMENT_3D('',#2822,#2215,#2216);
#1989=AXIS2_PLACEMENT_3D('',#2823,#2217,#2218);
#1990=AXIS2_PLACEMENT_3D('',#2825,#2219,#2220);
#1991=AXIS2_PLACEMENT_3D('',#2828,#2222,#2223);
#1992=AXIS2_PLACEMENT_3D('',#2829,#2224,#2225);
#1993=AXIS2_PLACEMENT_3D('',#2831,#2226,#2227);
#1994=AXIS2_PLACEMENT_3D('',#2834,#2229,#2230);
#1995=AXIS2_PLACEMENT_3D('',#2835,#2231,#2232);
#1996=AXIS2_PLACEMENT_3D('',#2838,#2235,#2236);
#1997=AXIS2_PLACEMENT_3D('',#2863,#2249,#2250);
#1998=AXIS2_PLACEMENT_3D('',#2869,#2254,#2255);
#1999=AXIS2_PLACEMENT_3D('',#2881,#2262,#2263);
#2000=AXIS2_PLACEMENT_3D('',#2885,#2266,#2267);
#2001=AXIS2_PLACEMENT_3D('',#2889,#2270,#2271);
#2002=AXIS2_PLACEMENT_3D('',#2894,#2275,#2276);
#2003=AXIS2_PLACEMENT_3D('',#2898,#2279,#2280);
#2004=AXIS2_PLACEMENT_3D('',#2907,#2284,#2285);
#2005=AXIS2_PLACEMENT_3D('',#2909,#2286,#2287);
#2006=AXIS2_PLACEMENT_3D('',#2910,#2288,#2289);
#2007=AXIS2_PLACEMENT_3D('',#2920,#2295,#2296);
#2008=AXIS2_PLACEMENT_3D('',#2926,#2300,#2301);
#2009=AXIS2_PLACEMENT_3D('',#2930,#2304,#2305);
#2010=AXIS2_PLACEMENT_3D('',#2932,#2306,#2307);
#2011=AXIS2_PLACEMENT_3D('',#2934,#2309,#2310);
#2012=AXIS2_PLACEMENT_3D('',#2936,#2311,#2312);
#2013=AXIS2_PLACEMENT_3D('',#2938,#2314,#2315);
#2014=AXIS2_PLACEMENT_3D('',#2940,#2316,#2317);
#2015=AXIS2_PLACEMENT_3D('',#2942,#2319,#2320);
#2016=AXIS2_PLACEMENT_3D('',#2944,#2322,#2323);
#2017=AXIS2_PLACEMENT_3D('',#2946,#2325,#2326);
#2018=AXIS2_PLACEMENT_3D('',#2947,#2327,#2328);
#2019=AXIS2_PLACEMENT_3D('',#2951,#2331,#2332);
#2020=AXIS2_PLACEMENT_3D('',#2953,#2334,#2335);
#2021=AXIS2_PLACEMENT_3D('',#2962,#2340,#2341);
#2022=AXIS2_PLACEMENT_3D('',#2965,#2342,#2343);
#2023=AXIS2_PLACEMENT_3D('',#2966,#2344,#2345);
#2024=AXIS2_PLACEMENT_3D('',#2968,#2346,#2347);
#2025=AXIS2_PLACEMENT_3D('',#2970,#2348,#2349);
#2026=AXIS2_PLACEMENT_3D('',#2972,#2350,#2351);
#2027=AXIS2_PLACEMENT_3D('',#2975,#2353,#2354);
#2028=AXIS2_PLACEMENT_3D('',#2976,#2355,#2356);
#2029=AXIS2_PLACEMENT_3D('',#2982,#2359,#2360);
#2030=AXIS2_PLACEMENT_3D('',#2986,#2362,#2363);
#2031=AXIS2_PLACEMENT_3D('',#2990,#2365,#2366);
#2032=AXIS2_PLACEMENT_3D('',#2994,#2368,#2369);
#2033=AXIS2_PLACEMENT_3D('',#2998,#2371,#2372);
#2034=AXIS2_PLACEMENT_3D('',#3002,#2374,#2375);
#2035=AXIS2_PLACEMENT_3D('',#3005,#2377,#2378);
#2036=AXIS2_PLACEMENT_3D('',#3006,#2379,#2380);
#2037=AXIS2_PLACEMENT_3D('',#3010,#2382,#2383);
#2038=AXIS2_PLACEMENT_3D('',#3012,#2385,#2386);
#2039=AXIS2_PLACEMENT_3D('',#3015,#2388,#2389);
#2040=AXIS2_PLACEMENT_3D('',#3016,#2390,#2391);
#2041=AXIS2_PLACEMENT_3D('',#3024,#2396,#2397);
#2042=AXIS2_PLACEMENT_3D('',#3026,#2398,#2399);
#2043=AXIS2_PLACEMENT_3D('',#3029,#2401,#2402);
#2044=AXIS2_PLACEMENT_3D('',#3030,#2403,#2404);
#2045=AXIS2_PLACEMENT_3D('',#3031,#2405,#2406);
#2046=AXIS2_PLACEMENT_3D('',#3034,#2407,#2408);
#2047=AXIS2_PLACEMENT_3D('',#3035,#2409,#2410);
#2048=AXIS2_PLACEMENT_3D('',#3037,#2411,#2412);
#2049=AXIS2_PLACEMENT_3D('',#3038,#2413,#2414);
#2050=AXIS2_PLACEMENT_3D('',#3041,#2416,#2417);
#2051=AXIS2_PLACEMENT_3D('',#3042,#2418,#2419);
#2052=AXIS2_PLACEMENT_3D('',#3045,#2421,#2422);
#2053=AXIS2_PLACEMENT_3D('',#3046,#2423,#2424);
#2054=AXIS2_PLACEMENT_3D('',#3048,#2426,#2427);
#2055=AXIS2_PLACEMENT_3D('',#3052,#2429,#2430);
#2056=AXIS2_PLACEMENT_3D('',#3054,#2432,#2433);
#2057=AXIS2_PLACEMENT_3D('',#3056,#2435,#2436);
#2058=AXIS2_PLACEMENT_3D('',#3059,#2438,#2439);
#2059=AXIS2_PLACEMENT_3D('',#3060,#2440,#2441);
#2060=AXIS2_PLACEMENT_3D('',#3068,#2446,#2447);
#2061=AXIS2_PLACEMENT_3D('',#3070,#2448,#2449);
#2062=AXIS2_PLACEMENT_3D('',#3072,#2451,#2452);
#2063=AXIS2_PLACEMENT_3D('',#3073,#2453,#2454);
#2064=AXIS2_PLACEMENT_3D('',#3076,#2455,#2456);
#2065=AXIS2_PLACEMENT_3D('',#3077,#2457,#2458);
#2066=AXIS2_PLACEMENT_3D('',#3079,#2459,#2460);
#2067=AXIS2_PLACEMENT_3D('',#3080,#2461,#2462);
#2068=AXIS2_PLACEMENT_3D('',#3083,#2464,#2465);
#2069=AXIS2_PLACEMENT_3D('',#3084,#2466,#2467);
#2070=AXIS2_PLACEMENT_3D('',#3087,#2469,#2470);
#2071=AXIS2_PLACEMENT_3D('',#3088,#2471,#2472);
#2072=AXIS2_PLACEMENT_3D('',#3092,#2474,#2475);
#2073=AXIS2_PLACEMENT_3D('',#3094,#2477,#2478);
#2074=AXIS2_PLACEMENT_3D('',#3097,#2480,#2481);
#2075=AXIS2_PLACEMENT_3D('',#3098,#2482,#2483);
#2076=AXIS2_PLACEMENT_3D('',#3101,#2485,#2486);
#2077=AXIS2_PLACEMENT_3D('',#3102,#2487,#2488);
#2078=AXIS2_PLACEMENT_3D('',#3104,#2490,#2491);
#2079=AXIS2_PLACEMENT_3D('',#3112,#2496,#2497);
#2080=AXIS2_PLACEMENT_3D('',#3114,#2499,#2500);
#2081=AXIS2_PLACEMENT_3D('',#3115,#2501,#2502);
#2082=AXIS2_PLACEMENT_3D('',#3117,#2503,#2504);
#2083=AXIS2_PLACEMENT_3D('',#3120,#2506,#2507);
#2084=AXIS2_PLACEMENT_3D('',#3121,#2508,#2509);
#2085=AXIS2_PLACEMENT_3D('',#3122,#2510,#2511);
#2086=AXIS2_PLACEMENT_3D('',#3123,#2512,#2513);
#2087=AXIS2_PLACEMENT_3D('',#3124,#2514,#2515);
#2088=AXIS2_PLACEMENT_3D('',#3128,#2517,#2518);
#2089=AXIS2_PLACEMENT_3D('',#3132,#2520,#2521);
#2090=AXIS2_PLACEMENT_3D('',#3134,#2523,#2524);
#2091=AXIS2_PLACEMENT_3D('',#3136,#2526,#2527);
#2092=AXIS2_PLACEMENT_3D('',#3138,#2529,#2530);
#2093=AXIS2_PLACEMENT_3D('',#3140,#2532,#2533);
#2094=AXIS2_PLACEMENT_3D('',#3141,#2534,#2535);
#2095=AXIS2_PLACEMENT_3D('',#3145,#2538,#2539);
#2096=AXIS2_PLACEMENT_3D('',#3147,#2540,#2541);
#2097=AXIS2_PLACEMENT_3D('',#3149,#2543,#2544);
#2098=AXIS2_PLACEMENT_3D('',#3153,#2547,#2548);
#2099=AXIS2_PLACEMENT_3D('',#3155,#2549,#2550);
#2100=AXIS2_PLACEMENT_3D('',#3157,#2552,#2553);
#2101=AXIS2_PLACEMENT_3D('',#3159,#2555,#2556);
#2102=AXIS2_PLACEMENT_3D('',#3160,#2557,#2558);
#2103=AXIS2_PLACEMENT_3D('',#3177,#2567,#2568);
#2104=AXIS2_PLACEMENT_3D('',#3183,#2572,#2573);
#2105=AXIS2_PLACEMENT_3D('',#3189,#2577,#2578);
#2106=AXIS2_PLACEMENT_3D('',#3192,#2581,#2582);
#2107=AXIS2_PLACEMENT_3D('',#3193,#2583,#2584);
#2108=AXIS2_PLACEMENT_3D('',#3202,#2589,#2590);
#2109=AXIS2_PLACEMENT_3D('',#3205,#2593,#2594);
#2110=AXIS2_PLACEMENT_3D('',#3208,#2597,#2598);
#2111=AXIS2_PLACEMENT_3D('',#3209,#2599,#2600);
#2112=AXIS2_PLACEMENT_3D('',#3210,#2601,#2602);
#2113=AXIS2_PLACEMENT_3D('',#3212,#2603,#2604);
#2114=AXIS2_PLACEMENT_3D('',#3214,#2605,#2606);
#2115=AXIS2_PLACEMENT_3D('',#3216,#2607,#2608);
#2116=AXIS2_PLACEMENT_3D('',#3217,#2609,#2610);
#2117=AXIS2_PLACEMENT_3D('',#3218,#2611,#2612);
#2118=AXIS2_PLACEMENT_3D('',#3222,#2614,#2615);
#2119=AXIS2_PLACEMENT_3D('',#3223,#2616,#2617);
#2120=AXIS2_PLACEMENT_3D('',#3224,#2618,#2619);
#2121=AXIS2_PLACEMENT_3D('',#3233,#2623,#2624);
#2122=AXIS2_PLACEMENT_3D('',#3235,#2625,#2626);
#2123=AXIS2_PLACEMENT_3D('',#3236,#2627,#2628);
#2124=AXIS2_PLACEMENT_3D('',#3238,#2629,#2630);
#2125=AXIS2_PLACEMENT_3D('',#3240,#2631,#2632);
#2126=AXIS2_PLACEMENT_3D('',#3241,#2633,#2634);
#2127=AXIS2_PLACEMENT_3D('',#3243,#2635,#2636);
#2128=AXIS2_PLACEMENT_3D('',#3244,#2637,#2638);
#2129=AXIS2_PLACEMENT_3D('',#3245,#2639,#2640);
#2130=AXIS2_PLACEMENT_3D('',#3247,#2641,#2642);
#2131=AXIS2_PLACEMENT_3D('',#3248,#2643,#2644);
#2132=AXIS2_PLACEMENT_3D('',#3250,#2645,#2646);
#2133=AXIS2_PLACEMENT_3D('',#3252,#2647,#2648);
#2134=AXIS2_PLACEMENT_3D('',#3254,#2649,#2650);
#2135=AXIS2_PLACEMENT_3D('',#3255,#2651,#2652);
#2136=AXIS2_PLACEMENT_3D('',#3256,#2653,#2654);
#2137=AXIS2_PLACEMENT_3D('',#3261,#2656,#2657);
#2138=AXIS2_PLACEMENT_3D('',#3263,#2658,#2659);
#2139=AXIS2_PLACEMENT_3D('',#3265,#2660,#2661);
#2140=AXIS2_PLACEMENT_3D('',#3270,#2664,#2665);
#2141=AXIS2_PLACEMENT_3D('',#3272,#2666,#2667);
#2142=AXIS2_PLACEMENT_3D('',#3273,#2668,#2669);
#2143=AXIS2_PLACEMENT_3D('',#3275,#2671,#2672);
#2144=AXIS2_PLACEMENT_3D('',#3277,#2673,#2674);
#2145=AXIS2_PLACEMENT_3D('',#3279,#2675,#2676);
#2146=AXIS2_PLACEMENT_3D('',#3280,#2677,#2678);
#2147=AXIS2_PLACEMENT_3D('',#3281,#2679,#2680);
#2148=AXIS2_PLACEMENT_3D('',#3283,#2681,#2682);
#2149=AXIS2_PLACEMENT_3D('',#3285,#2684,#2685);
#2150=AXIS2_PLACEMENT_3D('',#3287,#2686,#2687);
#2151=AXIS2_PLACEMENT_3D('',#3289,#2688,#2689);
#2152=AXIS2_PLACEMENT_3D('',#3290,#2690,#2691);
#2153=AXIS2_PLACEMENT_3D('',#3291,#2692,#2693);
#2154=AXIS2_PLACEMENT_3D('',#3295,#2695,#2696);
#2155=AXIS2_PLACEMENT_3D('',#3296,#2697,#2698);
#2156=AXIS2_PLACEMENT_3D('',#3297,#2699,#2700);
#2157=AXIS2_PLACEMENT_3D('',#3299,#2701,#2702);
#2158=AXIS2_PLACEMENT_3D('',#3300,#2703,#2704);
#2159=AXIS2_PLACEMENT_3D('',#3301,#2705,#2706);
#2160=AXIS2_PLACEMENT_3D('',#3302,#2707,#2708);
#2161=AXIS2_PLACEMENT_3D('',#3304,#2709,#2710);
#2162=AXIS2_PLACEMENT_3D('',#3306,#2711,#2712);
#2163=AXIS2_PLACEMENT_3D('',#3307,#2713,#2714);
#2164=AXIS2_PLACEMENT_3D('',#3308,#2715,#2716);
#2165=AXIS2_PLACEMENT_3D('',#3312,#2718,#2719);
#2166=AXIS2_PLACEMENT_3D('',#3313,#2720,#2721);
#2167=AXIS2_PLACEMENT_3D('',#3314,#2722,#2723);
#2168=AXIS2_PLACEMENT_3D('',#3316,#2724,#2725);
#2169=AXIS2_PLACEMENT_3D('',#3318,#2726,#2727);
#2170=AXIS2_PLACEMENT_3D('',#3319,#2728,#2729);
#2171=AXIS2_PLACEMENT_3D('',#3320,#2730,#2731);
#2172=AXIS2_PLACEMENT_3D('',#3322,#2732,#2733);
#2173=AXIS2_PLACEMENT_3D('',#3324,#2735,#2736);
#2174=AXIS2_PLACEMENT_3D('',#3326,#2737,#2738);
#2175=AXIS2_PLACEMENT_3D('',#3327,#2739,#2740);
#2176=AXIS2_PLACEMENT_3D('',#3328,#2741,#2742);
#2177=AXIS2_PLACEMENT_3D('',#3329,#2743,#2744);
#2178=AXIS2_PLACEMENT_3D('',#3332,#2747,#2748);
#2179=AXIS2_PLACEMENT_3D('',#3334,#2750,#2751);
#2180=AXIS2_PLACEMENT_3D('',#3336,#2753,#2754);
#2181=AXIS2_PLACEMENT_3D('',#3338,#2756,#2757);
#2182=AXIS2_PLACEMENT_3D('',#3340,#2759,#2760);
#2183=AXIS2_PLACEMENT_3D('',#3341,#2761,#2762);
#2184=AXIS2_PLACEMENT_3D('',#3350,#2767,#2768);
#2185=AXIS2_PLACEMENT_3D('',#3356,#2772,#2773);
#2186=AXIS2_PLACEMENT_3D('',#3358,#2774,#2775);
#2187=AXIS2_PLACEMENT_3D('',#3360,#2776,#2777);
#2188=AXIS2_PLACEMENT_3D('',#3362,#2779,#2780);
#2189=AXIS2_PLACEMENT_3D('',#3364,#2781,#2782);
#2190=AXIS2_PLACEMENT_3D('',#3366,#2783,#2784);
#2191=AXIS2_PLACEMENT_3D('',#3368,#2786,#2787);
#2192=AXIS2_PLACEMENT_3D('',#3370,#2788,#2789);
#2193=AXIS2_PLACEMENT_3D('',#3372,#2790,#2791);
#2194=AXIS2_PLACEMENT_3D('',#3374,#2793,#2794);
#2195=AXIS2_PLACEMENT_3D('',#3377,#2797,#2798);
#2196=AXIS2_PLACEMENT_3D('',#3378,#2799,#2800);
#2197=DIRECTION('axis',(0.,0.,1.));
#2198=DIRECTION('refdir',(1.,0.,0.));
#2199=DIRECTION('center_axis',(0.,0.,-1.));
#2200=DIRECTION('ref_axis',(-1.,0.,0.));
#2201=DIRECTION('',(1.,0.,0.));
#2202=DIRECTION('',(0.,1.,0.));
#2203=DIRECTION('',(1.,0.,0.));
#2204=DIRECTION('',(0.,1.,0.));
#2205=DIRECTION('center_axis',(1.,0.,0.));
#2206=DIRECTION('ref_axis',(0.,0.,-1.));
#2207=DIRECTION('',(0.,0.,1.));
#2208=DIRECTION('',(0.,1.,0.));
#2209=DIRECTION('',(0.,0.,1.));
#2210=DIRECTION('center_axis',(0.,1.,0.));
#2211=DIRECTION('ref_axis',(-0.337579617834386,0.,0.941296978441337));
#2212=DIRECTION('center_axis',(0.,1.,0.));
#2213=DIRECTION('ref_axis',(-0.337579617834386,0.,0.941296978441337));
#2214=DIRECTION('',(0.,1.,0.));
#2215=DIRECTION('center_axis',(0.,-1.,0.));
#2216=DIRECTION('ref_axis',(-0.337579617834386,0.,0.941296978441337));
#2217=DIRECTION('center_axis',(0.,1.,0.));
#2218=DIRECTION('ref_axis',(0.337579617834395,0.,-0.941296978441333));
#2219=DIRECTION('center_axis',(0.,1.,0.));
#2220=DIRECTION('ref_axis',(0.337579617834395,0.,-0.941296978441333));
#2221=DIRECTION('',(0.,1.,0.));
#2222=DIRECTION('center_axis',(0.,1.,0.));
#2223=DIRECTION('ref_axis',(0.337579617834395,0.,-0.941296978441333));
#2224=DIRECTION('center_axis',(0.,1.,0.));
#2225=DIRECTION('ref_axis',(-1.,0.,8.88178419700117E-15));
#2226=DIRECTION('center_axis',(0.,1.,0.));
#2227=DIRECTION('ref_axis',(-1.,0.,8.88178419700117E-15));
#2228=DIRECTION('',(0.,1.,0.));
#2229=DIRECTION('center_axis',(0.,-1.,0.));
#2230=DIRECTION('ref_axis',(-1.,0.,8.88178419700117E-15));
#2231=DIRECTION('center_axis',(-1.,0.,2.18719051774694E-16));
#2232=DIRECTION('ref_axis',(2.18719051774694E-16,0.,1.));
#2233=DIRECTION('',(2.18719051774694E-16,0.,1.));
#2234=DIRECTION('',(-2.18719051774694E-16,0.,-1.));
#2235=DIRECTION('center_axis',(0.,1.,0.));
#2236=DIRECTION('ref_axis',(1.,0.,0.));
#2237=DIRECTION('',(3.81163968864394E-16,0.,1.));
#2238=DIRECTION('',(1.,0.,0.));
#2239=DIRECTION('',(0.,0.,1.));
#2240=DIRECTION('',(-1.,0.,0.));
#2241=DIRECTION('',(4.16333634234434E-16,0.,1.));
#2242=DIRECTION('',(-1.,0.,0.));
#2243=DIRECTION('',(0.,0.,-1.));
#2244=DIRECTION('',(-1.,0.,0.));
#2245=DIRECTION('',(0.,0.,-1.));
#2246=DIRECTION('',(1.,0.,0.));
#2247=DIRECTION('',(0.,0.,-1.));
#2248=DIRECTION('',(1.,0.,0.));
#2249=DIRECTION('center_axis',(-1.,0.,0.));
#2250=DIRECTION('ref_axis',(0.,0.,1.));
#2251=DIRECTION('',(0.,1.,0.));
#2252=DIRECTION('',(0.,0.,1.));
#2253=DIRECTION('',(0.,1.,0.));
#2254=DIRECTION('center_axis',(0.,0.,1.));
#2255=DIRECTION('ref_axis',(1.,0.,0.));
#2256=DIRECTION('',(0.,1.,0.));
#2257=DIRECTION('',(-1.,0.,0.));
#2258=DIRECTION('',(0.,1.,0.));
#2259=DIRECTION('',(1.,0.,0.));
#2260=DIRECTION('',(0.,1.,0.));
#2261=DIRECTION('',(-1.,0.,0.));
#2262=DIRECTION('center_axis',(1.,0.,-4.16333634234434E-16));
#2263=DIRECTION('ref_axis',(-4.16333634234434E-16,0.,-1.));
#2264=DIRECTION('',(0.,1.,0.));
#2265=DIRECTION('',(-4.16333634234434E-16,0.,-1.));
#2266=DIRECTION('center_axis',(0.,0.,1.));
#2267=DIRECTION('ref_axis',(1.,0.,0.));
#2268=DIRECTION('',(0.,1.,0.));
#2269=DIRECTION('',(1.,0.,0.));
#2270=DIRECTION('center_axis',(1.,0.,0.));
#2271=DIRECTION('ref_axis',(0.,0.,-1.));
#2272=DIRECTION('',(0.,1.,0.));
#2273=DIRECTION('',(0.,0.,-1.));
#2274=DIRECTION('',(0.,0.,1.));
#2275=DIRECTION('center_axis',(0.,0.,-1.));
#2276=DIRECTION('ref_axis',(-1.,0.,0.));
#2277=DIRECTION('',(0.,1.,0.));
#2278=DIRECTION('',(-1.,0.,0.));
#2279=DIRECTION('center_axis',(0.,1.,0.));
#2280=DIRECTION('ref_axis',(1.,0.,0.));
#2281=DIRECTION('',(2.18719051774694E-16,0.,1.));
#2282=DIRECTION('',(-1.,0.,0.));
#2283=DIRECTION('',(0.,0.,-1.));
#2284=DIRECTION('center_axis',(0.,1.,0.));
#2285=DIRECTION('ref_axis',(-0.337579617834386,0.,0.941296978441337));
#2286=DIRECTION('center_axis',(0.,-1.,0.));
#2287=DIRECTION('ref_axis',(0.337579617834395,0.,-0.941296978441333));
#2288=DIRECTION('center_axis',(0.,1.,0.));
#2289=DIRECTION('ref_axis',(-1.,0.,8.88178419700117E-15));
#2290=DIRECTION('',(-3.81163968864394E-16,0.,-1.));
#2291=DIRECTION('',(-1.,0.,0.));
#2292=DIRECTION('',(0.,0.,1.));
#2293=DIRECTION('',(-1.,0.,0.));
#2294=DIRECTION('',(0.,0.,1.));
#2295=DIRECTION('center_axis',(0.,0.,-1.));
#2296=DIRECTION('ref_axis',(-1.,0.,0.));
#2297=DIRECTION('',(-1.,0.,0.));
#2298=DIRECTION('',(0.,1.,0.));
#2299=DIRECTION('',(0.,1.,0.));
#2300=DIRECTION('center_axis',(1.,0.,0.));
#2301=DIRECTION('ref_axis',(0.,0.,-1.));
#2302=DIRECTION('',(0.,0.,-1.));
#2303=DIRECTION('',(0.,1.,0.));
#2304=DIRECTION('center_axis',(0.,1.,0.));
#2305=DIRECTION('ref_axis',(-0.337579617834386,0.,0.941296978441337));
#2306=DIRECTION('center_axis',(0.,1.,0.));
#2307=DIRECTION('ref_axis',(-0.337579617834386,0.,0.941296978441337));
#2308=DIRECTION('',(0.,1.,0.));
#2309=DIRECTION('center_axis',(0.,1.,0.));
#2310=DIRECTION('ref_axis',(0.337579617834395,0.,-0.941296978441333));
#2311=DIRECTION('center_axis',(0.,-1.,0.));
#2312=DIRECTION('ref_axis',(0.337579617834395,0.,-0.941296978441333));
#2313=DIRECTION('',(0.,1.,0.));
#2314=DIRECTION('center_axis',(0.,1.,0.));
#2315=DIRECTION('ref_axis',(-1.,0.,8.88178419700117E-15));
#2316=DIRECTION('center_axis',(0.,1.,0.));
#2317=DIRECTION('ref_axis',(-1.,0.,8.88178419700117E-15));
#2318=DIRECTION('',(0.,1.,0.));
#2319=DIRECTION('center_axis',(-1.,0.,2.18719051774694E-16));
#2320=DIRECTION('ref_axis',(2.18719051774694E-16,0.,1.));
#2321=DIRECTION('',(2.18719051774694E-16,0.,1.));
#2322=DIRECTION('center_axis',(1.,0.,-3.81163968864394E-16));
#2323=DIRECTION('ref_axis',(-3.81163968864394E-16,0.,-1.));
#2324=DIRECTION('',(0.,1.,0.));
#2325=DIRECTION('center_axis',(0.,1.,0.));
#2326=DIRECTION('ref_axis',(0.,0.,1.));
#2327=DIRECTION('center_axis',(0.,1.,0.));
#2328=DIRECTION('ref_axis',(0.,0.,1.));
#2329=DIRECTION('',(1.,0.,0.));
#2330=DIRECTION('',(0.,0.,-1.));
#2331=DIRECTION('center_axis',(0.,0.,1.));
#2332=DIRECTION('ref_axis',(1.,0.,0.));
#2333=DIRECTION('',(0.,1.,0.));
#2334=DIRECTION('center_axis',(0.999999818784943,0.,0.000602021661681786));
#2335=DIRECTION('ref_axis',(0.000602021661681786,0.,-0.999999818784943));
#2336=DIRECTION('',(-0.000602021661681786,0.,0.999999818784943));
#2337=DIRECTION('',(0.,1.,0.));
#2338=DIRECTION('',(0.000602021661681786,0.,-0.999999818784943));
#2339=DIRECTION('',(0.,1.,0.));
#2340=DIRECTION('center_axis',(0.,1.,0.));
#2341=DIRECTION('ref_axis',(1.,0.,0.));
#2342=DIRECTION('center_axis',(0.,1.,0.));
#2343=DIRECTION('ref_axis',(0.381578947368421,0.,-0.924336252088604));
#2344=DIRECTION('center_axis',(0.,-1.,0.));
#2345=DIRECTION('ref_axis',(-0.381578947368416,0.,0.924336252088606));
#2346=DIRECTION('center_axis',(0.,-1.,0.));
#2347=DIRECTION('ref_axis',(-0.408450704225361,0.,0.912780380057441));
#2348=DIRECTION('center_axis',(0.,-1.,0.));
#2349=DIRECTION('ref_axis',(0.408450704225352,0.,-0.912780380057445));
#2350=DIRECTION('center_axis',(0.,-1.,0.));
#2351=DIRECTION('ref_axis',(-0.408450704225328,0.,-0.912780380057456));
#2352=DIRECTION('',(0.,0.,1.));
#2353=DIRECTION('center_axis',(0.,-1.,0.));
#2354=DIRECTION('ref_axis',(-1.,0.,0.));
#2355=DIRECTION('center_axis',(0.,1.,0.));
#2356=DIRECTION('ref_axis',(-0.408450704225328,0.,-0.912780380057456));
#2357=DIRECTION('',(0.,1.,0.));
#2358=DIRECTION('',(0.,1.,0.));
#2359=DIRECTION('center_axis',(0.,1.,0.));
#2360=DIRECTION('ref_axis',(-0.408450704225328,0.,-0.912780380057456));
#2361=DIRECTION('',(0.,1.,0.));
#2362=DIRECTION('center_axis',(0.,-1.,0.));
#2363=DIRECTION('ref_axis',(-0.408450704225328,0.,-0.912780380057456));
#2364=DIRECTION('',(0.,1.,0.));
#2365=DIRECTION('center_axis',(0.,1.,0.));
#2366=DIRECTION('ref_axis',(-0.408450704225328,0.,-0.912780380057456));
#2367=DIRECTION('',(0.,1.,0.));
#2368=DIRECTION('center_axis',(0.,-1.,0.));
#2369=DIRECTION('ref_axis',(-0.408450704225328,0.,-0.912780380057456));
#2370=DIRECTION('',(0.,1.,0.));
#2371=DIRECTION('center_axis',(0.,1.,0.));
#2372=DIRECTION('ref_axis',(-0.408450704225328,0.,-0.912780380057456));
#2373=DIRECTION('',(0.,1.,0.));
#2374=DIRECTION('center_axis',(0.,1.,0.));
#2375=DIRECTION('ref_axis',(-0.408450704225328,0.,-0.912780380057456));
#2376=DIRECTION('',(0.,1.,0.));
#2377=DIRECTION('center_axis',(0.,1.,0.));
#2378=DIRECTION('ref_axis',(-0.408450704225328,0.,-0.912780380057456));
#2379=DIRECTION('center_axis',(0.,1.,0.));
#2380=DIRECTION('ref_axis',(-0.381578947368416,0.,0.924336252088606));
#2381=DIRECTION('',(0.,1.,0.));
#2382=DIRECTION('center_axis',(0.,1.,0.));
#2383=DIRECTION('ref_axis',(-0.381578947368416,0.,0.924336252088606));
#2384=DIRECTION('',(0.,1.,0.));
#2385=DIRECTION('center_axis',(0.,1.,0.));
#2386=DIRECTION('ref_axis',(0.381578947368421,0.,-0.924336252088604));
#2387=DIRECTION('',(0.,1.,0.));
#2388=DIRECTION('center_axis',(0.,-1.,0.));
#2389=DIRECTION('ref_axis',(0.381578947368421,0.,-0.924336252088604));
#2390=DIRECTION('center_axis',(0.999999818784943,0.,0.000602021661681786));
#2391=DIRECTION('ref_axis',(0.000602021661681786,0.,-0.999999818784943));
#2392=DIRECTION('',(-0.000602021661681786,0.,0.999999818784943));
#2393=DIRECTION('',(0.,1.,0.));
#2394=DIRECTION('',(0.000602021661681786,0.,-0.999999818784943));
#2395=DIRECTION('',(0.,1.,0.));
#2396=DIRECTION('center_axis',(0.,1.,0.));
#2397=DIRECTION('ref_axis',(1.,0.,0.));
#2398=DIRECTION('center_axis',(0.,1.,0.));
#2399=DIRECTION('ref_axis',(-1.,0.,0.));
#2400=DIRECTION('',(0.,0.,1.));
#2401=DIRECTION('center_axis',(0.,1.,0.));
#2402=DIRECTION('ref_axis',(0.408450704225352,0.,-0.912780380057445));
#2403=DIRECTION('center_axis',(0.,1.,0.));
#2404=DIRECTION('ref_axis',(-0.408450704225361,0.,0.912780380057441));
#2405=DIRECTION('center_axis',(0.,1.,0.));
#2406=DIRECTION('ref_axis',(1.,0.,0.));
#2407=DIRECTION('center_axis',(0.,1.,0.));
#2408=DIRECTION('ref_axis',(0.381578947368421,0.,-0.924336252088604));
#2409=DIRECTION('center_axis',(0.,-1.,0.));
#2410=DIRECTION('ref_axis',(-0.381578947368416,0.,0.924336252088606));
#2411=DIRECTION('center_axis',(0.,-1.,0.));
#2412=DIRECTION('ref_axis',(-0.408450704225361,0.,0.912780380057441));
#2413=DIRECTION('center_axis',(0.,-1.,0.));
#2414=DIRECTION('ref_axis',(0.408450704225352,0.,-0.912780380057445));
#2415=DIRECTION('',(0.,0.,1.));
#2416=DIRECTION('center_axis',(0.,-1.,0.));
#2417=DIRECTION('ref_axis',(-1.,0.,0.));
#2418=DIRECTION('center_axis',(0.,1.,0.));
#2419=DIRECTION('ref_axis',(0.408450704225352,0.,-0.912780380057445));
#2420=DIRECTION('',(0.,1.,0.));
#2421=DIRECTION('center_axis',(0.,1.,0.));
#2422=DIRECTION('ref_axis',(0.408450704225352,0.,-0.912780380057445));
#2423=DIRECTION('center_axis',(0.,1.,0.));
#2424=DIRECTION('ref_axis',(0.408450704225352,0.,-0.912780380057445));
#2425=DIRECTION('',(0.,1.,0.));
#2426=DIRECTION('center_axis',(0.,1.,0.));
#2427=DIRECTION('ref_axis',(-0.381578947368416,0.,0.924336252088606));
#2428=DIRECTION('',(0.,1.,0.));
#2429=DIRECTION('center_axis',(0.,1.,0.));
#2430=DIRECTION('ref_axis',(-0.381578947368416,0.,0.924336252088606));
#2431=DIRECTION('',(0.,1.,0.));
#2432=DIRECTION('center_axis',(0.,1.,0.));
#2433=DIRECTION('ref_axis',(-1.,0.,0.));
#2434=DIRECTION('',(0.,1.,0.));
#2435=DIRECTION('center_axis',(0.,1.,0.));
#2436=DIRECTION('ref_axis',(0.381578947368421,0.,-0.924336252088604));
#2437=DIRECTION('',(0.,1.,0.));
#2438=DIRECTION('center_axis',(0.,-1.,0.));
#2439=DIRECTION('ref_axis',(0.381578947368421,0.,-0.924336252088604));
#2440=DIRECTION('center_axis',(0.999999818784943,0.,0.000602021661681786));
#2441=DIRECTION('ref_axis',(0.000602021661681786,0.,-0.999999818784943));
#2442=DIRECTION('',(-0.000602021661681786,0.,0.999999818784943));
#2443=DIRECTION('',(0.,1.,0.));
#2444=DIRECTION('',(0.000602021661681786,0.,-0.999999818784943));
#2445=DIRECTION('',(0.,1.,0.));
#2446=DIRECTION('center_axis',(0.,1.,0.));
#2447=DIRECTION('ref_axis',(1.,0.,0.));
#2448=DIRECTION('center_axis',(0.,1.,0.));
#2449=DIRECTION('ref_axis',(-1.,0.,0.));
#2450=DIRECTION('',(0.,0.,1.));
#2451=DIRECTION('center_axis',(0.,1.,0.));
#2452=DIRECTION('ref_axis',(-0.408450704225361,0.,0.912780380057441));
#2453=DIRECTION('center_axis',(0.,1.,0.));
#2454=DIRECTION('ref_axis',(1.,0.,0.));
#2455=DIRECTION('center_axis',(0.,1.,0.));
#2456=DIRECTION('ref_axis',(0.381578947368421,0.,-0.924336252088604));
#2457=DIRECTION('center_axis',(0.,-1.,0.));
#2458=DIRECTION('ref_axis',(-0.381578947368416,0.,0.924336252088606));
#2459=DIRECTION('center_axis',(0.,-1.,0.));
#2460=DIRECTION('ref_axis',(-0.408450704225361,0.,0.912780380057441));
#2461=DIRECTION('center_axis',(0.,-1.,0.));
#2462=DIRECTION('ref_axis',(0.408450704225352,0.,-0.912780380057445));
#2463=DIRECTION('',(0.,0.,1.));
#2464=DIRECTION('center_axis',(0.,-1.,0.));
#2465=DIRECTION('ref_axis',(-1.,0.,0.));
#2466=DIRECTION('center_axis',(0.,1.,0.));
#2467=DIRECTION('ref_axis',(0.408450704225352,0.,-0.912780380057445));
#2468=DIRECTION('',(0.,1.,0.));
#2469=DIRECTION('center_axis',(0.,1.,0.));
#2470=DIRECTION('ref_axis',(0.408450704225352,0.,-0.912780380057445));
#2471=DIRECTION('center_axis',(0.,1.,0.));
#2472=DIRECTION('ref_axis',(-0.381578947368416,0.,0.924336252088606));
#2473=DIRECTION('',(0.,1.,0.));
#2474=DIRECTION('center_axis',(0.,1.,0.));
#2475=DIRECTION('ref_axis',(-0.381578947368416,0.,0.924336252088606));
#2476=DIRECTION('',(0.,1.,0.));
#2477=DIRECTION('center_axis',(0.,1.,0.));
#2478=DIRECTION('ref_axis',(0.381578947368421,0.,-0.924336252088604));
#2479=DIRECTION('',(0.,1.,0.));
#2480=DIRECTION('center_axis',(0.,-1.,0.));
#2481=DIRECTION('ref_axis',(0.381578947368421,0.,-0.924336252088604));
#2482=DIRECTION('center_axis',(0.,1.,0.));
#2483=DIRECTION('ref_axis',(-1.,0.,0.));
#2484=DIRECTION('',(0.,1.,0.));
#2485=DIRECTION('center_axis',(0.,1.,0.));
#2486=DIRECTION('ref_axis',(-1.,0.,0.));
#2487=DIRECTION('center_axis',(0.,1.,0.));
#2488=DIRECTION('ref_axis',(-1.,0.,0.));
#2489=DIRECTION('',(0.,1.,0.));
#2490=DIRECTION('center_axis',(0.999999818784943,0.,0.000602021661681786));
#2491=DIRECTION('ref_axis',(0.000602021661681786,0.,-0.999999818784943));
#2492=DIRECTION('',(-0.000602021661681786,0.,0.999999818784943));
#2493=DIRECTION('',(0.,1.,0.));
#2494=DIRECTION('',(0.000602021661681786,0.,-0.999999818784943));
#2495=DIRECTION('',(0.,1.,0.));
#2496=DIRECTION('center_axis',(0.,1.,0.));
#2497=DIRECTION('ref_axis',(1.,0.,0.));
#2498=DIRECTION('',(0.,0.,1.));
#2499=DIRECTION('center_axis',(0.,1.,0.));
#2500=DIRECTION('ref_axis',(-0.408450704225361,0.,0.912780380057441));
#2501=DIRECTION('center_axis',(0.,1.,0.));
#2502=DIRECTION('ref_axis',(-0.408450704225361,0.,0.912780380057441));
#2503=DIRECTION('center_axis',(0.,1.,0.));
#2504=DIRECTION('ref_axis',(-0.408450704225361,0.,0.912780380057441));
#2505=DIRECTION('',(0.,1.,0.));
#2506=DIRECTION('center_axis',(0.,1.,0.));
#2507=DIRECTION('ref_axis',(-0.408450704225361,0.,0.912780380057441));
#2508=DIRECTION('center_axis',(0.,1.,0.));
#2509=DIRECTION('ref_axis',(0.408450704225352,0.,-0.912780380057445));
#2510=DIRECTION('center_axis',(0.,1.,0.));
#2511=DIRECTION('ref_axis',(0.408450704225352,0.,-0.912780380057445));
#2512=DIRECTION('center_axis',(0.,-1.,0.));
#2513=DIRECTION('ref_axis',(0.408450704225352,0.,-0.912780380057445));
#2514=DIRECTION('center_axis',(0.,1.,0.));
#2515=DIRECTION('ref_axis',(1.,0.,0.));
#2516=DIRECTION('',(0.,0.,-1.));
#2517=DIRECTION('center_axis',(0.,1.,0.));
#2518=DIRECTION('ref_axis',(1.,0.,0.));
#2519=DIRECTION('',(-1.,0.,0.));
#2520=DIRECTION('center_axis',(0.,1.,0.));
#2521=DIRECTION('ref_axis',(0.,0.,-1.));
#2522=DIRECTION('',(1.98473651569403E-16,0.,1.));
#2523=DIRECTION('center_axis',(0.,0.,-1.));
#2524=DIRECTION('ref_axis',(-1.,0.,0.));
#2525=DIRECTION('',(0.,1.,0.));
#2526=DIRECTION('center_axis',(-1.,0.,0.));
#2527=DIRECTION('ref_axis',(0.,0.,1.));
#2528=DIRECTION('',(0.,1.,0.));
#2529=DIRECTION('center_axis',(0.,0.,-1.));
#2530=DIRECTION('ref_axis',(-1.,0.,0.));
#2531=DIRECTION('',(0.,1.,0.));
#2532=DIRECTION('center_axis',(-1.,0.,0.));
#2533=DIRECTION('ref_axis',(0.,0.,1.));
#2534=DIRECTION('center_axis',(-1.,0.,1.98473651569403E-16));
#2535=DIRECTION('ref_axis',(1.98473651569403E-16,0.,1.));
#2536=DIRECTION('',(1.98473651569403E-16,0.,1.));
#2537=DIRECTION('',(0.,1.,0.));
#2538=DIRECTION('center_axis',(0.,1.,0.));
#2539=DIRECTION('ref_axis',(0.,0.,-1.));
#2540=DIRECTION('center_axis',(0.,1.,0.));
#2541=DIRECTION('ref_axis',(0.,0.,-1.));
#2542=DIRECTION('',(0.,1.,0.));
#2543=DIRECTION('center_axis',(0.,0.,-1.));
#2544=DIRECTION('ref_axis',(-1.,0.,0.));
#2545=DIRECTION('',(1.,0.,0.));
#2546=DIRECTION('',(0.,1.,0.));
#2547=DIRECTION('center_axis',(0.,1.,0.));
#2548=DIRECTION('ref_axis',(1.,0.,0.));
#2549=DIRECTION('center_axis',(0.,1.,0.));
#2550=DIRECTION('ref_axis',(1.,0.,0.));
#2551=DIRECTION('',(0.,1.,0.));
#2552=DIRECTION('center_axis',(1.,0.,0.));
#2553=DIRECTION('ref_axis',(0.,0.,-1.));
#2554=DIRECTION('',(0.,0.,1.));
#2555=DIRECTION('center_axis',(0.,1.,0.));
#2556=DIRECTION('ref_axis',(1.,0.,0.));
#2557=DIRECTION('center_axis',(0.,0.,-1.));
#2558=DIRECTION('ref_axis',(-1.,0.,0.));
#2559=DIRECTION('',(0.,1.,0.));
#2560=DIRECTION('',(1.,0.,0.));
#2561=DIRECTION('',(0.,1.,0.));
#2562=DIRECTION('',(-1.,0.,0.));
#2563=DIRECTION('',(0.,1.,0.));
#2564=DIRECTION('',(-1.,0.,0.));
#2565=DIRECTION('',(0.,1.,0.));
#2566=DIRECTION('',(-1.,0.,0.));
#2567=DIRECTION('center_axis',(1.,0.,0.));
#2568=DIRECTION('ref_axis',(0.,0.,-1.));
#2569=DIRECTION('',(0.,0.,-1.));
#2570=DIRECTION('',(0.,0.,-1.));
#2571=DIRECTION('',(0.,1.,0.));
#2572=DIRECTION('center_axis',(0.,0.,1.));
#2573=DIRECTION('ref_axis',(1.,0.,0.));
#2574=DIRECTION('',(1.,0.,0.));
#2575=DIRECTION('',(1.,0.,0.));
#2576=DIRECTION('',(0.,1.,0.));
#2577=DIRECTION('center_axis',(-1.,0.,0.));
#2578=DIRECTION('ref_axis',(0.,0.,1.));
#2579=DIRECTION('',(0.,0.,1.));
#2580=DIRECTION('',(0.,0.,1.));
#2581=DIRECTION('center_axis',(0.,1.,0.));
#2582=DIRECTION('ref_axis',(0.,0.,1.));
#2583=DIRECTION('center_axis',(0.,0.,-1.));
#2584=DIRECTION('ref_axis',(-1.,0.,0.));
#2585=DIRECTION('',(-1.,0.,0.));
#2586=DIRECTION('',(0.,1.,0.));
#2587=DIRECTION('',(-1.,0.,0.));
#2588=DIRECTION('',(0.,1.,0.));
#2589=DIRECTION('center_axis',(1.,0.,-2.61228946970625E-16));
#2590=DIRECTION('ref_axis',(-2.61228946970625E-16,0.,-1.));
#2591=DIRECTION('',(-2.61228946970625E-16,0.,-1.));
#2592=DIRECTION('',(-2.61228946970625E-16,0.,-1.));
#2593=DIRECTION('center_axis',(-1.,0.,0.));
#2594=DIRECTION('ref_axis',(0.,0.,1.));
#2595=DIRECTION('',(0.,0.,1.));
#2596=DIRECTION('',(0.,0.,1.));
#2597=DIRECTION('center_axis',(0.,1.,0.));
#2598=DIRECTION('ref_axis',(0.,0.,1.));
#2599=DIRECTION('center_axis',(0.,1.,0.));
#2600=DIRECTION('ref_axis',(1.,0.,0.));
#2601=DIRECTION('center_axis',(0.,1.,0.));
#2602=DIRECTION('ref_axis',(0.,0.,1.));
#2603=DIRECTION('center_axis',(0.,-1.,0.));
#2604=DIRECTION('ref_axis',(1.,0.,0.));
#2605=DIRECTION('center_axis',(-1.,0.,0.));
#2606=DIRECTION('ref_axis',(0.,0.,-1.));
#2607=DIRECTION('center_axis',(0.,1.,0.));
#2608=DIRECTION('ref_axis',(1.,0.,0.));
#2609=DIRECTION('center_axis',(0.,1.,0.));
#2610=DIRECTION('ref_axis',(1.,0.,0.));
#2611=DIRECTION('center_axis',(0.,1.,0.));
#2612=DIRECTION('ref_axis',(1.,0.,0.));
#2613=DIRECTION('',(0.,1.,0.));
#2614=DIRECTION('center_axis',(0.,-1.,0.));
#2615=DIRECTION('ref_axis',(1.,0.,0.));
#2616=DIRECTION('center_axis',(0.,-1.,0.));
#2617=DIRECTION('ref_axis',(1.,0.,0.));
#2618=DIRECTION('center_axis',(0.,1.,0.));
#2619=DIRECTION('ref_axis',(1.,0.,0.));
#2620=DIRECTION('',(3.28888484499156E-16,0.,1.));
#2621=DIRECTION('',(1.,0.,0.));
#2622=DIRECTION('',(0.,0.,1.));
#2623=DIRECTION('center_axis',(0.,1.,0.));
#2624=DIRECTION('ref_axis',(-0.337579617834385,0.,0.941296978441337));
#2625=DIRECTION('center_axis',(0.,1.,0.));
#2626=DIRECTION('ref_axis',(0.337579617834395,0.,-0.941296978441333));
#2627=DIRECTION('center_axis',(0.,1.,0.));
#2628=DIRECTION('ref_axis',(-1.,0.,9.34924652315913E-15));
#2629=DIRECTION('center_axis',(0.,-1.,0.));
#2630=DIRECTION('ref_axis',(1.,0.,0.));
#2631=DIRECTION('center_axis',(0.,-1.,0.));
#2632=DIRECTION('ref_axis',(1.,0.,0.));
#2633=DIRECTION('center_axis',(0.,1.,0.));
#2634=DIRECTION('ref_axis',(0.,0.,1.));
#2635=DIRECTION('center_axis',(-1.,0.,0.));
#2636=DIRECTION('ref_axis',(0.,0.,-1.));
#2637=DIRECTION('center_axis',(0.,1.,0.));
#2638=DIRECTION('ref_axis',(1.,0.,0.));
#2639=DIRECTION('center_axis',(0.,1.,0.));
#2640=DIRECTION('ref_axis',(1.,0.,0.));
#2641=DIRECTION('center_axis',(0.,1.,0.));
#2642=DIRECTION('ref_axis',(1.,0.,0.));
#2643=DIRECTION('center_axis',(0.,-1.,0.));
#2644=DIRECTION('ref_axis',(0.,0.,-1.));
#2645=DIRECTION('center_axis',(0.,1.,0.));
#2646=DIRECTION('ref_axis',(1.,0.,0.));
#2647=DIRECTION('center_axis',(-1.,0.,0.));
#2648=DIRECTION('ref_axis',(0.,0.,1.));
#2649=DIRECTION('center_axis',(0.,-1.,0.));
#2650=DIRECTION('ref_axis',(1.,0.,0.));
#2651=DIRECTION('center_axis',(0.,-1.,0.));
#2652=DIRECTION('ref_axis',(1.,0.,0.));
#2653=DIRECTION('center_axis',(0.,1.,0.));
#2654=DIRECTION('ref_axis',(1.,0.,0.));
#2655=DIRECTION('',(3.28888484499156E-16,0.,1.));
#2656=DIRECTION('center_axis',(0.,1.,0.));
#2657=DIRECTION('ref_axis',(-1.,0.,9.34924652315913E-15));
#2658=DIRECTION('center_axis',(0.,-1.,0.));
#2659=DIRECTION('ref_axis',(0.337579617834395,0.,-0.941296978441333));
#2660=DIRECTION('center_axis',(0.,1.,0.));
#2661=DIRECTION('ref_axis',(-0.337579617834385,0.,0.941296978441337));
#2662=DIRECTION('',(0.,0.,-1.));
#2663=DIRECTION('',(-1.,0.,0.));
#2664=DIRECTION('center_axis',(0.,1.,0.));
#2665=DIRECTION('ref_axis',(1.,0.,0.));
#2666=DIRECTION('center_axis',(0.,1.,0.));
#2667=DIRECTION('ref_axis',(1.,0.,0.));
#2668=DIRECTION('center_axis',(0.,1.,0.));
#2669=DIRECTION('ref_axis',(1.,0.,0.));
#2670=DIRECTION('',(0.,1.,0.));
#2671=DIRECTION('center_axis',(0.,-1.,0.));
#2672=DIRECTION('ref_axis',(0.,0.,-1.));
#2673=DIRECTION('center_axis',(-1.,0.,-1.22464679914735E-16));
#2674=DIRECTION('ref_axis',(-1.22464679914735E-16,0.,1.));
#2675=DIRECTION('center_axis',(0.,-1.,0.));
#2676=DIRECTION('ref_axis',(1.,0.,0.));
#2677=DIRECTION('center_axis',(0.,-1.,0.));
#2678=DIRECTION('ref_axis',(1.,0.,0.));
#2679=DIRECTION('center_axis',(0.,1.,0.));
#2680=DIRECTION('ref_axis',(1.,0.,0.));
#2681=DIRECTION('center_axis',(0.,1.,0.));
#2682=DIRECTION('ref_axis',(1.,0.,0.));
#2683=DIRECTION('',(0.,1.,0.));
#2684=DIRECTION('center_axis',(0.,1.,0.));
#2685=DIRECTION('ref_axis',(0.,0.,1.));
#2686=DIRECTION('center_axis',(-1.,0.,1.22464679914736E-16));
#2687=DIRECTION('ref_axis',(-1.22464679914736E-16,0.,-1.));
#2688=DIRECTION('center_axis',(0.,1.,0.));
#2689=DIRECTION('ref_axis',(1.,0.,0.));
#2690=DIRECTION('center_axis',(0.,1.,0.));
#2691=DIRECTION('ref_axis',(1.,0.,0.));
#2692=DIRECTION('center_axis',(0.,1.,0.));
#2693=DIRECTION('ref_axis',(1.,0.,0.));
#2694=DIRECTION('',(0.,1.,0.));
#2695=DIRECTION('center_axis',(0.,-1.,0.));
#2696=DIRECTION('ref_axis',(1.,0.,0.));
#2697=DIRECTION('center_axis',(0.,-1.,0.));
#2698=DIRECTION('ref_axis',(1.,0.,0.));
#2699=DIRECTION('center_axis',(0.,1.,0.));
#2700=DIRECTION('ref_axis',(0.,0.,1.));
#2701=DIRECTION('center_axis',(-1.,0.,1.22464679914736E-16));
#2702=DIRECTION('ref_axis',(-1.22464679914736E-16,0.,-1.));
#2703=DIRECTION('center_axis',(0.,1.,0.));
#2704=DIRECTION('ref_axis',(1.,0.,0.));
#2705=DIRECTION('center_axis',(0.,1.,0.));
#2706=DIRECTION('ref_axis',(1.,0.,0.));
#2707=DIRECTION('center_axis',(0.,1.,0.));
#2708=DIRECTION('ref_axis',(0.,0.,1.));
#2709=DIRECTION('center_axis',(-1.,0.,0.));
#2710=DIRECTION('ref_axis',(0.,0.,-1.));
#2711=DIRECTION('center_axis',(0.,1.,0.));
#2712=DIRECTION('ref_axis',(1.,0.,0.));
#2713=DIRECTION('center_axis',(0.,1.,0.));
#2714=DIRECTION('ref_axis',(1.,0.,0.));
#2715=DIRECTION('center_axis',(0.,1.,0.));
#2716=DIRECTION('ref_axis',(1.,0.,0.));
#2717=DIRECTION('',(0.,1.,0.));
#2718=DIRECTION('center_axis',(0.,-1.,0.));
#2719=DIRECTION('ref_axis',(1.,0.,0.));
#2720=DIRECTION('center_axis',(0.,-1.,0.));
#2721=DIRECTION('ref_axis',(1.,0.,0.));
#2722=DIRECTION('center_axis',(0.,-1.,0.));
#2723=DIRECTION('ref_axis',(0.,0.,-1.));
#2724=DIRECTION('center_axis',(-1.,0.,0.));
#2725=DIRECTION('ref_axis',(0.,0.,1.));
#2726=DIRECTION('center_axis',(0.,-1.,0.));
#2727=DIRECTION('ref_axis',(1.,0.,0.));
#2728=DIRECTION('center_axis',(0.,-1.,0.));
#2729=DIRECTION('ref_axis',(1.,0.,0.));
#2730=DIRECTION('center_axis',(0.,1.,0.));
#2731=DIRECTION('ref_axis',(1.,0.,0.));
#2732=DIRECTION('center_axis',(0.,1.,0.));
#2733=DIRECTION('ref_axis',(1.,0.,0.));
#2734=DIRECTION('',(0.,1.,0.));
#2735=DIRECTION('center_axis',(0.,1.,0.));
#2736=DIRECTION('ref_axis',(0.,0.,1.));
#2737=DIRECTION('center_axis',(-1.,0.,0.));
#2738=DIRECTION('ref_axis',(0.,0.,-1.));
#2739=DIRECTION('center_axis',(0.,1.,0.));
#2740=DIRECTION('ref_axis',(1.,0.,0.));
#2741=DIRECTION('center_axis',(0.,1.,0.));
#2742=DIRECTION('ref_axis',(1.,0.,0.));
#2743=DIRECTION('center_axis',(0.,0.,-1.));
#2744=DIRECTION('ref_axis',(-1.,0.,0.));
#2745=DIRECTION('',(0.,1.,0.));
#2746=DIRECTION('',(0.,1.,0.));
#2747=DIRECTION('center_axis',(1.,0.,0.));
#2748=DIRECTION('ref_axis',(0.,0.,-1.));
#2749=DIRECTION('',(0.,1.,0.));
#2750=DIRECTION('center_axis',(0.,1.,0.));
#2751=DIRECTION('ref_axis',(-0.337579617834385,0.,0.941296978441337));
#2752=DIRECTION('',(0.,1.,0.));
#2753=DIRECTION('center_axis',(0.,1.,0.));
#2754=DIRECTION('ref_axis',(0.337579617834395,0.,-0.941296978441333));
#2755=DIRECTION('',(0.,1.,0.));
#2756=DIRECTION('center_axis',(0.,1.,0.));
#2757=DIRECTION('ref_axis',(-1.,0.,9.34924652315913E-15));
#2758=DIRECTION('',(0.,1.,0.));
#2759=DIRECTION('center_axis',(-1.,0.,3.28888484499156E-16));
#2760=DIRECTION('ref_axis',(3.28888484499156E-16,0.,1.));
#2761=DIRECTION('center_axis',(0.,0.,-1.));
#2762=DIRECTION('ref_axis',(-1.,0.,0.));
#2763=DIRECTION('',(1.,0.,0.));
#2764=DIRECTION('',(0.,1.,0.));
#2765=DIRECTION('',(-1.,0.,0.));
#2766=DIRECTION('',(0.,1.,0.));
#2767=DIRECTION('center_axis',(1.,0.,0.));
#2768=DIRECTION('ref_axis',(0.,0.,-1.));
#2769=DIRECTION('',(0.,0.,1.));
#2770=DIRECTION('',(0.,0.,-1.));
#2771=DIRECTION('',(0.,1.,0.));
#2772=DIRECTION('center_axis',(0.,1.,0.));
#2773=DIRECTION('ref_axis',(-0.337579617834385,0.,0.941296978441337));
#2774=DIRECTION('center_axis',(0.,1.,0.));
#2775=DIRECTION('ref_axis',(-0.337579617834385,0.,0.941296978441337));
#2776=DIRECTION('center_axis',(0.,1.,0.));
#2777=DIRECTION('ref_axis',(-0.337579617834385,0.,0.941296978441337));
#2778=DIRECTION('',(0.,1.,0.));
#2779=DIRECTION('center_axis',(0.,1.,0.));
#2780=DIRECTION('ref_axis',(0.337579617834395,0.,-0.941296978441333));
#2781=DIRECTION('center_axis',(0.,1.,0.));
#2782=DIRECTION('ref_axis',(0.337579617834395,0.,-0.941296978441333));
#2783=DIRECTION('center_axis',(0.,-1.,0.));
#2784=DIRECTION('ref_axis',(0.337579617834395,0.,-0.941296978441333));
#2785=DIRECTION('',(0.,1.,0.));
#2786=DIRECTION('center_axis',(0.,1.,0.));
#2787=DIRECTION('ref_axis',(-1.,0.,9.34924652315913E-15));
#2788=DIRECTION('center_axis',(0.,1.,0.));
#2789=DIRECTION('ref_axis',(-1.,0.,9.34924652315913E-15));
#2790=DIRECTION('center_axis',(0.,1.,0.));
#2791=DIRECTION('ref_axis',(-1.,0.,9.34924652315913E-15));
#2792=DIRECTION('',(0.,1.,0.));
#2793=DIRECTION('center_axis',(-1.,0.,3.28888484499156E-16));
#2794=DIRECTION('ref_axis',(3.28888484499156E-16,0.,1.));
#2795=DIRECTION('',(3.28888484499156E-16,0.,1.));
#2796=DIRECTION('',(3.28888484499156E-16,0.,1.));
#2797=DIRECTION('center_axis',(0.,1.,0.));
#2798=DIRECTION('ref_axis',(1.,0.,0.));
#2799=DIRECTION('center_axis',(0.,1.,0.));
#2800=DIRECTION('ref_axis',(1.,0.,0.));
#2801=CARTESIAN_POINT('',(0.,0.,0.));
#2802=CARTESIAN_POINT('Origin',(28.5,107.,-114.5));
#2803=CARTESIAN_POINT('',(-28.5,107.,-114.5));
#2804=CARTESIAN_POINT('',(28.5,107.,-114.5));
#2805=CARTESIAN_POINT('',(-28.5,107.,-114.5));
#2806=CARTESIAN_POINT('',(28.5,110.,-114.5));
#2807=CARTESIAN_POINT('',(28.5,107.,-114.5));
#2808=CARTESIAN_POINT('',(-28.5,110.,-114.5));
#2809=CARTESIAN_POINT('',(14.25,110.,-114.5));
#2810=CARTESIAN_POINT('',(-28.5,107.,-114.5));
#2811=CARTESIAN_POINT('Origin',(28.5,107.,-73.8918128076447));
#2812=CARTESIAN_POINT('',(28.5,107.,-73.8918128076447));
#2813=CARTESIAN_POINT('',(28.5,107.,-114.5));
#2814=CARTESIAN_POINT('',(28.5,110.,-73.8918128076447));
#2815=CARTESIAN_POINT('',(28.5,107.,-73.8918128076447));
#2816=CARTESIAN_POINT('',(28.5,110.,-70.897758149842));
#2817=CARTESIAN_POINT('Origin',(26.5,107.,-73.8918128076447));
#2818=CARTESIAN_POINT('',(25.8248407643312,107.,-72.009218850762));
#2819=CARTESIAN_POINT('Origin',(26.5,107.,-73.8918128076447));
#2820=CARTESIAN_POINT('',(25.8248407643312,110.,-72.009218850762));
#2821=CARTESIAN_POINT('',(25.8248407643312,107.,-72.009218850762));
#2822=CARTESIAN_POINT('Origin',(26.5,110.,-73.8918128076447));
#2823=CARTESIAN_POINT('Origin',(0.,107.,0.));
#2824=CARTESIAN_POINT('',(-25.8248407643312,107.,-72.009218850762));
#2825=CARTESIAN_POINT('Origin',(0.,107.,0.));
#2826=CARTESIAN_POINT('',(-25.8248407643312,110.,-72.009218850762));
#2827=CARTESIAN_POINT('',(-25.8248407643312,107.,-72.009218850762));
#2828=CARTESIAN_POINT('Origin',(0.,110.,0.));
#2829=CARTESIAN_POINT('Origin',(-26.5,107.,-73.8918128076447));
#2830=CARTESIAN_POINT('',(-28.5,107.,-73.8918128076447));
#2831=CARTESIAN_POINT('Origin',(-26.5,107.,-73.8918128076447));
#2832=CARTESIAN_POINT('',(-28.5,110.,-73.8918128076447));
#2833=CARTESIAN_POINT('',(-28.5,107.,-73.8918128076447));
#2834=CARTESIAN_POINT('Origin',(-26.5,110.,-73.8918128076447));
#2835=CARTESIAN_POINT('Origin',(-28.5,107.,-114.5));
#2836=CARTESIAN_POINT('',(-28.5,107.,-114.5));
#2837=CARTESIAN_POINT('',(-28.5,110.,-91.2018517460197));
#2838=CARTESIAN_POINT('Origin',(0.,107.,-93.1959064038223));
#2839=CARTESIAN_POINT('',(-26.,107.,-82.));
#2840=CARTESIAN_POINT('',(-26.,107.,-77.));
#2841=CARTESIAN_POINT('',(-26.,107.,-85.0979532019112));
#2842=CARTESIAN_POINT('',(-28.,107.,-82.));
#2843=CARTESIAN_POINT('',(-13.,107.,-82.));
#2844=CARTESIAN_POINT('',(-28.,107.,-84.));
#2845=CARTESIAN_POINT('',(-28.,107.,-87.5979532019112));
#2846=CARTESIAN_POINT('',(-26.,107.,-84.));
#2847=CARTESIAN_POINT('',(-14.,107.,-84.));
#2848=CARTESIAN_POINT('',(-26.,107.,-114.));
#2849=CARTESIAN_POINT('',(-26.,107.,-88.5979532019112));
#2850=CARTESIAN_POINT('',(26.,107.,-114.));
#2851=CARTESIAN_POINT('',(-13.,107.,-114.));
#2852=CARTESIAN_POINT('',(26.,107.,-84.));
#2853=CARTESIAN_POINT('',(26.,107.,-103.597953201911));
#2854=CARTESIAN_POINT('',(28.,107.,-84.));
#2855=CARTESIAN_POINT('',(13.,107.,-84.));
#2856=CARTESIAN_POINT('',(28.,107.,-82.));
#2857=CARTESIAN_POINT('',(28.,107.,-88.5979532019111));
#2858=CARTESIAN_POINT('',(26.,107.,-82.));
#2859=CARTESIAN_POINT('',(14.,107.,-82.));
#2860=CARTESIAN_POINT('',(26.,107.,-77.));
#2861=CARTESIAN_POINT('',(26.,107.,-87.5979532019112));
#2862=CARTESIAN_POINT('',(13.,107.,-77.));
#2863=CARTESIAN_POINT('Origin',(26.,0.,-114.));
#2864=CARTESIAN_POINT('',(26.,31.,-114.));
#2865=CARTESIAN_POINT('',(26.,0.,-114.));
#2866=CARTESIAN_POINT('',(26.,31.,-84.));
#2867=CARTESIAN_POINT('',(26.,31.,-106.5));
#2868=CARTESIAN_POINT('',(26.,0.,-84.));
#2869=CARTESIAN_POINT('Origin',(-26.,0.,-114.));
#2870=CARTESIAN_POINT('',(-26.,31.,-114.));
#2871=CARTESIAN_POINT('',(-26.,0.,-114.));
#2872=CARTESIAN_POINT('',(-28.,31.,-114.));
#2873=CARTESIAN_POINT('',(-26.,31.,-114.));
#2874=CARTESIAN_POINT('',(-28.,3.,-114.));
#2875=CARTESIAN_POINT('',(-28.,0.,-114.));
#2876=CARTESIAN_POINT('',(28.,3.,-114.));
#2877=CARTESIAN_POINT('',(-13.,3.,-114.));
#2878=CARTESIAN_POINT('',(28.,31.,-114.));
#2879=CARTESIAN_POINT('',(28.,0.,-114.));
#2880=CARTESIAN_POINT('',(26.,31.,-114.));
#2881=CARTESIAN_POINT('Origin',(-26.,0.,-84.));
#2882=CARTESIAN_POINT('',(-26.,31.,-84.));
#2883=CARTESIAN_POINT('',(-26.,0.,-84.));
#2884=CARTESIAN_POINT('',(-26.,31.,-91.5));
#2885=CARTESIAN_POINT('Origin',(-28.,0.,-84.));
#2886=CARTESIAN_POINT('',(-28.,31.,-84.));
#2887=CARTESIAN_POINT('',(-28.,0.,-84.));
#2888=CARTESIAN_POINT('',(-27.5,31.,-84.));
#2889=CARTESIAN_POINT('Origin',(-28.,0.,-82.));
#2890=CARTESIAN_POINT('',(-28.,3.,-82.));
#2891=CARTESIAN_POINT('',(-28.,0.,-82.));
#2892=CARTESIAN_POINT('',(-28.,3.,-87.5979532019112));
#2893=CARTESIAN_POINT('',(-28.,31.,-84.));
#2894=CARTESIAN_POINT('Origin',(-26.,0.,-82.));
#2895=CARTESIAN_POINT('',(-26.,3.,-82.));
#2896=CARTESIAN_POINT('',(-26.,0.,-82.));
#2897=CARTESIAN_POINT('',(-13.,3.,-82.));
#2898=CARTESIAN_POINT('Origin',(0.,3.,-93.1959064038223));
#2899=CARTESIAN_POINT('',(-28.5,3.,-114.5));
#2900=CARTESIAN_POINT('',(-28.5,3.,-73.8918128076447));
#2901=CARTESIAN_POINT('',(-28.5,3.,-114.5));
#2902=CARTESIAN_POINT('',(28.5,3.,-114.5));
#2903=CARTESIAN_POINT('',(-28.5,3.,-114.5));
#2904=CARTESIAN_POINT('',(28.5,3.,-73.8918128076447));
#2905=CARTESIAN_POINT('',(28.5,3.,-114.5));
#2906=CARTESIAN_POINT('',(25.8248407643312,3.,-72.009218850762));
#2907=CARTESIAN_POINT('Origin',(26.5,3.,-73.8918128076447));
#2908=CARTESIAN_POINT('',(-25.8248407643312,3.,-72.009218850762));
#2909=CARTESIAN_POINT('Origin',(0.,3.,0.));
#2910=CARTESIAN_POINT('Origin',(-26.5,3.,-73.8918128076447));
#2911=CARTESIAN_POINT('',(-26.,3.,-77.));
#2912=CARTESIAN_POINT('',(-26.,3.,-85.0979532019112));
#2913=CARTESIAN_POINT('',(26.,3.,-77.));
#2914=CARTESIAN_POINT('',(13.,3.,-77.));
#2915=CARTESIAN_POINT('',(26.,3.,-82.));
#2916=CARTESIAN_POINT('',(26.,3.,-87.5979532019112));
#2917=CARTESIAN_POINT('',(28.,3.,-82.));
#2918=CARTESIAN_POINT('',(14.,3.,-82.));
#2919=CARTESIAN_POINT('',(28.,3.,-88.5979532019111));
#2920=CARTESIAN_POINT('Origin',(28.5,0.,-114.5));
#2921=CARTESIAN_POINT('',(28.5,0.,-114.5));
#2922=CARTESIAN_POINT('',(-28.5,0.,-114.5));
#2923=CARTESIAN_POINT('',(14.25,0.,-114.5));
#2924=CARTESIAN_POINT('',(28.5,0.,-114.5));
#2925=CARTESIAN_POINT('',(-28.5,0.,-114.5));
#2926=CARTESIAN_POINT('Origin',(28.5,0.,-73.8918128076447));
#2927=CARTESIAN_POINT('',(28.5,0.,-73.8918128076447));
#2928=CARTESIAN_POINT('',(28.5,0.,-83.2582951935058));
#2929=CARTESIAN_POINT('',(28.5,0.,-73.8918128076447));
#2930=CARTESIAN_POINT('Origin',(26.5,0.,-73.8918128076447));
#2931=CARTESIAN_POINT('',(25.8248407643312,0.,-72.009218850762));
#2932=CARTESIAN_POINT('Origin',(26.5,0.,-73.8918128076447));
#2933=CARTESIAN_POINT('',(25.8248407643312,0.,-72.009218850762));
#2934=CARTESIAN_POINT('Origin',(0.,0.,0.));
#2935=CARTESIAN_POINT('',(-25.8248407643312,0.,-72.009218850762));
#2936=CARTESIAN_POINT('Origin',(0.,0.,0.));
#2937=CARTESIAN_POINT('',(-25.8248407643312,0.,-72.009218850762));
#2938=CARTESIAN_POINT('Origin',(-26.5,0.,-73.8918128076447));
#2939=CARTESIAN_POINT('',(-28.5,0.,-73.8918128076447));
#2940=CARTESIAN_POINT('Origin',(-26.5,0.,-73.8918128076447));
#2941=CARTESIAN_POINT('',(-28.5,0.,-73.8918128076447));
#2942=CARTESIAN_POINT('Origin',(-28.5,0.,-114.5));
#2943=CARTESIAN_POINT('',(-28.5,0.,-103.562388789683));
#2944=CARTESIAN_POINT('Origin',(-26.,0.,-77.));
#2945=CARTESIAN_POINT('',(-26.,0.,-77.));
#2946=CARTESIAN_POINT('Origin',(-27.,31.,-99.));
#2947=CARTESIAN_POINT('Origin',(27.,31.,-99.));
#2948=CARTESIAN_POINT('',(28.,31.,-84.));
#2949=CARTESIAN_POINT('',(26.5,31.,-84.));
#2950=CARTESIAN_POINT('',(28.,31.,-84.));
#2951=CARTESIAN_POINT('Origin',(26.,0.,-84.));
#2952=CARTESIAN_POINT('',(28.,0.,-84.));
#2953=CARTESIAN_POINT('Origin',(29.9967720409514,108.,-64.8876908453312));
#2954=CARTESIAN_POINT('',(30.,108.,-70.2495551587339));
#2955=CARTESIAN_POINT('',(29.9967720409514,108.,-64.8876908453312));
#2956=CARTESIAN_POINT('',(30.,108.,-70.2495551587339));
#2957=CARTESIAN_POINT('',(30.,110.,-70.2495551587339));
#2958=CARTESIAN_POINT('',(30.,0.,-70.2495551587339));
#2959=CARTESIAN_POINT('',(29.9967720409514,110.,-64.8876908453312));
#2960=CARTESIAN_POINT('',(30.,110.,-70.2495551587339));
#2961=CARTESIAN_POINT('',(29.9967720409514,0.,-64.8876908453312));
#2962=CARTESIAN_POINT('Origin',(4.44089209850063E-15,108.,-69.9037034920393));
#2963=CARTESIAN_POINT('',(28.6184210526316,108.,-69.3252189066453));
#2964=CARTESIAN_POINT('',(-28.6184210526316,108.,-69.3252189066453));
#2965=CARTESIAN_POINT('Origin',(0.,108.,0.));
#2966=CARTESIAN_POINT('Origin',(29.,108.,-70.2495551587339));
#2967=CARTESIAN_POINT('',(29.4084507042254,108.,-65.7201873641361));
#2968=CARTESIAN_POINT('Origin',(29.,108.,-64.8074069840786));
#2969=CARTESIAN_POINT('',(-29.4084507042253,108.,-65.7201873641361));
#2970=CARTESIAN_POINT('Origin',(0.,108.,0.));
#2971=CARTESIAN_POINT('',(-30.,108.,-64.8074069840786));
#2972=CARTESIAN_POINT('Origin',(-29.,108.,-64.8074069840786));
#2973=CARTESIAN_POINT('',(-30.,108.,-70.2495551587339));
#2974=CARTESIAN_POINT('',(-30.,108.,-70.2495551587339));
#2975=CARTESIAN_POINT('Origin',(-29.,108.,-70.2495551587339));
#2976=CARTESIAN_POINT('Origin',(-29.,0.,-64.8074069840786));
#2977=CARTESIAN_POINT('',(-30.,110.,-64.8074069840786));
#2978=CARTESIAN_POINT('',(-30.,0.,-64.8074069840786));
#2979=CARTESIAN_POINT('',(-29.4084507042253,86.,-65.7201873641361));
#2980=CARTESIAN_POINT('',(-29.4084507042253,0.,-65.7201873641361));
#2981=CARTESIAN_POINT('',(-30.,86.,-64.8074069840786));
#2982=CARTESIAN_POINT('Origin',(-29.,86.,-64.8074069840786));
#2983=CARTESIAN_POINT('',(-30.,66.,-64.8074069840786));
#2984=CARTESIAN_POINT('',(-30.,0.,-64.8074069840786));
#2985=CARTESIAN_POINT('',(-29.4084507042253,66.,-65.7201873641361));
#2986=CARTESIAN_POINT('Origin',(-29.,66.,-64.8074069840786));
#2987=CARTESIAN_POINT('',(-29.4084507042253,44.,-65.7201873641361));
#2988=CARTESIAN_POINT('',(-29.4084507042253,0.,-65.7201873641361));
#2989=CARTESIAN_POINT('',(-30.,44.,-64.8074069840786));
#2990=CARTESIAN_POINT('Origin',(-29.,44.,-64.8074069840786));
#2991=CARTESIAN_POINT('',(-30.,24.,-64.8074069840786));
#2992=CARTESIAN_POINT('',(-30.,0.,-64.8074069840786));
#2993=CARTESIAN_POINT('',(-29.4084507042253,24.,-65.7201873641361));
#2994=CARTESIAN_POINT('Origin',(-29.,24.,-64.8074069840786));
#2995=CARTESIAN_POINT('',(-29.4084507042253,2.,-65.7201873641361));
#2996=CARTESIAN_POINT('',(-29.4084507042253,0.,-65.7201873641361));
#2997=CARTESIAN_POINT('',(-30.,2.,-64.8074069840786));
#2998=CARTESIAN_POINT('Origin',(-29.,2.,-64.8074069840786));
#2999=CARTESIAN_POINT('',(-30.,0.,-64.8074069840786));
#3000=CARTESIAN_POINT('',(-30.,0.,-64.8074069840786));
#3001=CARTESIAN_POINT('',(-28.5915492957746,0.,-63.8946266040212));
#3002=CARTESIAN_POINT('Origin',(-29.,0.,-64.8074069840786));
#3003=CARTESIAN_POINT('',(-28.5915492957746,110.,-63.8946266040212));
#3004=CARTESIAN_POINT('',(-28.5915492957746,0.,-63.8946266040212));
#3005=CARTESIAN_POINT('Origin',(-29.,110.,-64.8074069840786));
#3006=CARTESIAN_POINT('Origin',(29.,0.,-70.2495551587339));
#3007=CARTESIAN_POINT('',(28.6184210526316,86.,-69.3252189066453));
#3008=CARTESIAN_POINT('',(28.6184210526316,0.,-69.3252189066453));
#3009=CARTESIAN_POINT('',(30.,86.,-70.2495551587339));
#3010=CARTESIAN_POINT('Origin',(29.,86.,-70.2495551587339));
#3011=CARTESIAN_POINT('',(30.,0.,-70.2495551587339));
#3012=CARTESIAN_POINT('Origin',(0.,0.,0.));
#3013=CARTESIAN_POINT('',(-28.6184210526316,86.,-69.3252189066453));
#3014=CARTESIAN_POINT('',(-28.6184210526316,0.,-69.3252189066453));
#3015=CARTESIAN_POINT('Origin',(0.,86.,0.));
#3016=CARTESIAN_POINT('Origin',(29.9967720409514,66.,-64.8876908453312));
#3017=CARTESIAN_POINT('',(30.,66.,-70.2495551587339));
#3018=CARTESIAN_POINT('',(29.9967720409514,66.,-64.8876908453312));
#3019=CARTESIAN_POINT('',(30.,66.,-70.2495551587339));
#3020=CARTESIAN_POINT('',(30.,0.,-70.2495551587339));
#3021=CARTESIAN_POINT('',(29.9967720409514,86.,-64.8876908453312));
#3022=CARTESIAN_POINT('',(30.,86.,-70.2495551587339));
#3023=CARTESIAN_POINT('',(29.9967720409514,0.,-64.8876908453312));
#3024=CARTESIAN_POINT('Origin',(4.44089209850063E-15,86.,-69.9037034920393));
#3025=CARTESIAN_POINT('',(-30.,86.,-70.2495551587339));
#3026=CARTESIAN_POINT('Origin',(-29.,86.,-70.2495551587339));
#3027=CARTESIAN_POINT('',(-30.,86.,-70.2495551587339));
#3028=CARTESIAN_POINT('',(29.4084507042254,86.,-65.7201873641361));
#3029=CARTESIAN_POINT('Origin',(0.,86.,0.));
#3030=CARTESIAN_POINT('Origin',(29.,86.,-64.8074069840786));
#3031=CARTESIAN_POINT('Origin',(4.44089209850063E-15,66.,-69.9037034920393));
#3032=CARTESIAN_POINT('',(28.6184210526316,66.,-69.3252189066453));
#3033=CARTESIAN_POINT('',(-28.6184210526316,66.,-69.3252189066453));
#3034=CARTESIAN_POINT('Origin',(0.,66.,0.));
#3035=CARTESIAN_POINT('Origin',(29.,66.,-70.2495551587339));
#3036=CARTESIAN_POINT('',(29.4084507042254,66.,-65.7201873641361));
#3037=CARTESIAN_POINT('Origin',(29.,66.,-64.8074069840786));
#3038=CARTESIAN_POINT('Origin',(0.,66.,0.));
#3039=CARTESIAN_POINT('',(-30.,66.,-70.2495551587339));
#3040=CARTESIAN_POINT('',(-30.,66.,-70.2495551587339));
#3041=CARTESIAN_POINT('Origin',(-29.,66.,-70.2495551587339));
#3042=CARTESIAN_POINT('Origin',(0.,0.,0.));
#3043=CARTESIAN_POINT('',(29.4084507042254,44.,-65.7201873641361));
#3044=CARTESIAN_POINT('',(29.4084507042254,0.,-65.7201873641361));
#3045=CARTESIAN_POINT('Origin',(0.,44.,0.));
#3046=CARTESIAN_POINT('Origin',(0.,0.,0.));
#3047=CARTESIAN_POINT('',(29.4084507042254,0.,-65.7201873641361));
#3048=CARTESIAN_POINT('Origin',(29.,0.,-70.2495551587339));
#3049=CARTESIAN_POINT('',(28.6184210526316,44.,-69.3252189066453));
#3050=CARTESIAN_POINT('',(28.6184210526316,0.,-69.3252189066453));
#3051=CARTESIAN_POINT('',(30.,44.,-70.2495551587339));
#3052=CARTESIAN_POINT('Origin',(29.,44.,-70.2495551587339));
#3053=CARTESIAN_POINT('',(30.,0.,-70.2495551587339));
#3054=CARTESIAN_POINT('Origin',(-29.,0.,-70.2495551587339));
#3055=CARTESIAN_POINT('',(-30.,0.,-70.2495551587339));
#3056=CARTESIAN_POINT('Origin',(0.,0.,0.));
#3057=CARTESIAN_POINT('',(-28.6184210526316,44.,-69.3252189066453));
#3058=CARTESIAN_POINT('',(-28.6184210526316,0.,-69.3252189066453));
#3059=CARTESIAN_POINT('Origin',(0.,44.,0.));
#3060=CARTESIAN_POINT('Origin',(29.9967720409514,24.,-64.8876908453312));
#3061=CARTESIAN_POINT('',(30.,24.,-70.2495551587339));
#3062=CARTESIAN_POINT('',(29.9967720409514,24.,-64.8876908453312));
#3063=CARTESIAN_POINT('',(30.,24.,-70.2495551587339));
#3064=CARTESIAN_POINT('',(30.,0.,-70.2495551587339));
#3065=CARTESIAN_POINT('',(29.9967720409514,44.,-64.8876908453312));
#3066=CARTESIAN_POINT('',(30.,44.,-70.2495551587339));
#3067=CARTESIAN_POINT('',(29.9967720409514,0.,-64.8876908453312));
#3068=CARTESIAN_POINT('Origin',(4.44089209850063E-15,44.,-69.9037034920393));
#3069=CARTESIAN_POINT('',(-30.,44.,-70.2495551587339));
#3070=CARTESIAN_POINT('Origin',(-29.,44.,-70.2495551587339));
#3071=CARTESIAN_POINT('',(-30.,44.,-70.2495551587339));
#3072=CARTESIAN_POINT('Origin',(29.,44.,-64.8074069840786));
#3073=CARTESIAN_POINT('Origin',(4.44089209850063E-15,24.,-69.9037034920393));
#3074=CARTESIAN_POINT('',(28.6184210526316,24.,-69.3252189066453));
#3075=CARTESIAN_POINT('',(-28.6184210526316,24.,-69.3252189066453));
#3076=CARTESIAN_POINT('Origin',(0.,24.,0.));
#3077=CARTESIAN_POINT('Origin',(29.,24.,-70.2495551587339));
#3078=CARTESIAN_POINT('',(29.4084507042254,24.,-65.7201873641361));
#3079=CARTESIAN_POINT('Origin',(29.,24.,-64.8074069840786));
#3080=CARTESIAN_POINT('Origin',(0.,24.,0.));
#3081=CARTESIAN_POINT('',(-30.,24.,-70.2495551587339));
#3082=CARTESIAN_POINT('',(-30.,24.,-70.2495551587339));
#3083=CARTESIAN_POINT('Origin',(-29.,24.,-70.2495551587339));
#3084=CARTESIAN_POINT('Origin',(0.,0.,0.));
#3085=CARTESIAN_POINT('',(29.4084507042254,2.,-65.7201873641361));
#3086=CARTESIAN_POINT('',(29.4084507042254,0.,-65.7201873641361));
#3087=CARTESIAN_POINT('Origin',(0.,2.,0.));
#3088=CARTESIAN_POINT('Origin',(29.,0.,-70.2495551587339));
#3089=CARTESIAN_POINT('',(28.6184210526316,2.,-69.3252189066453));
#3090=CARTESIAN_POINT('',(28.6184210526316,0.,-69.3252189066453));
#3091=CARTESIAN_POINT('',(30.,2.,-70.2495551587339));
#3092=CARTESIAN_POINT('Origin',(29.,2.,-70.2495551587339));
#3093=CARTESIAN_POINT('',(30.,0.,-70.2495551587339));
#3094=CARTESIAN_POINT('Origin',(0.,0.,0.));
#3095=CARTESIAN_POINT('',(-28.6184210526316,2.,-69.3252189066453));
#3096=CARTESIAN_POINT('',(-28.6184210526316,0.,-69.3252189066453));
#3097=CARTESIAN_POINT('Origin',(0.,2.,0.));
#3098=CARTESIAN_POINT('Origin',(-29.,0.,-70.2495551587339));
#3099=CARTESIAN_POINT('',(-30.,2.,-70.2495551587339));
#3100=CARTESIAN_POINT('',(-30.,0.,-70.2495551587339));
#3101=CARTESIAN_POINT('Origin',(-29.,2.,-70.2495551587339));
#3102=CARTESIAN_POINT('Origin',(-29.,0.,-70.2495551587339));
#3103=CARTESIAN_POINT('',(-30.,0.,-70.2495551587339));
#3104=CARTESIAN_POINT('Origin',(29.9967720409514,0.,-64.8876908453312));
#3105=CARTESIAN_POINT('',(30.,0.,-70.2495551587339));
#3106=CARTESIAN_POINT('',(29.9967720409514,0.,-64.8876908453312));
#3107=CARTESIAN_POINT('',(30.,0.,-70.2495551587339));
#3108=CARTESIAN_POINT('',(30.,0.,-70.2495551587339));
#3109=CARTESIAN_POINT('',(29.9967720409514,2.,-64.8876908453312));
#3110=CARTESIAN_POINT('',(30.,2.,-70.2495551587339));
#3111=CARTESIAN_POINT('',(29.9967720409514,0.,-64.8876908453312));
#3112=CARTESIAN_POINT('Origin',(0.,2.,-89.9037034920393));
#3113=CARTESIAN_POINT('',(-30.,2.,-70.2495551587339));
#3114=CARTESIAN_POINT('Origin',(29.,2.,-64.8074069840786));
#3115=CARTESIAN_POINT('Origin',(29.,0.,-64.8074069840786));
#3116=CARTESIAN_POINT('',(28.5915492957747,110.,-63.8946266040212));
#3117=CARTESIAN_POINT('Origin',(29.,110.,-64.8074069840786));
#3118=CARTESIAN_POINT('',(28.5915492957747,0.,-63.8946266040212));
#3119=CARTESIAN_POINT('',(28.5915492957747,0.,-63.8946266040212));
#3120=CARTESIAN_POINT('Origin',(29.,0.,-64.8074069840786));
#3121=CARTESIAN_POINT('Origin',(0.,0.,0.));
#3122=CARTESIAN_POINT('Origin',(0.,0.,0.));
#3123=CARTESIAN_POINT('Origin',(0.,110.,0.));
#3124=CARTESIAN_POINT('Origin',(8.88178419700125E-15,110.,-67.9037034920393));
#3125=CARTESIAN_POINT('',(30.,110.,-115.));
#3126=CARTESIAN_POINT('',(30.,110.,-115.));
#3127=CARTESIAN_POINT('',(29.,110.,-116.));
#3128=CARTESIAN_POINT('Origin',(29.,110.,-115.));
#3129=CARTESIAN_POINT('',(-29.,110.,-116.));
#3130=CARTESIAN_POINT('',(-29.,110.,-116.));
#3131=CARTESIAN_POINT('',(-30.,110.,-115.));
#3132=CARTESIAN_POINT('Origin',(-29.,110.,-115.));
#3133=CARTESIAN_POINT('',(-30.,110.,-115.));
#3134=CARTESIAN_POINT('Origin',(26.,0.,-77.));
#3135=CARTESIAN_POINT('',(26.,0.,-77.));
#3136=CARTESIAN_POINT('Origin',(26.,0.,-82.));
#3137=CARTESIAN_POINT('',(26.,0.,-82.));
#3138=CARTESIAN_POINT('Origin',(28.,0.,-82.));
#3139=CARTESIAN_POINT('',(28.,0.,-82.));
#3140=CARTESIAN_POINT('Origin',(28.,0.,-84.));
#3141=CARTESIAN_POINT('Origin',(-30.,0.,-115.));
#3142=CARTESIAN_POINT('',(-30.,0.,-115.));
#3143=CARTESIAN_POINT('',(-30.,0.,-115.));
#3144=CARTESIAN_POINT('',(-30.,0.,-115.));
#3145=CARTESIAN_POINT('Origin',(-29.,0.,-115.));
#3146=CARTESIAN_POINT('',(-29.,0.,-116.));
#3147=CARTESIAN_POINT('Origin',(-29.,0.,-115.));
#3148=CARTESIAN_POINT('',(-29.,0.,-116.));
#3149=CARTESIAN_POINT('Origin',(29.,0.,-116.));
#3150=CARTESIAN_POINT('',(29.,0.,-116.));
#3151=CARTESIAN_POINT('',(-29.,0.,-116.));
#3152=CARTESIAN_POINT('',(29.,0.,-116.));
#3153=CARTESIAN_POINT('Origin',(29.,0.,-115.));
#3154=CARTESIAN_POINT('',(30.,0.,-115.));
#3155=CARTESIAN_POINT('Origin',(29.,0.,-115.));
#3156=CARTESIAN_POINT('',(30.,0.,-115.));
#3157=CARTESIAN_POINT('Origin',(30.,0.,-70.2495551587339));
#3158=CARTESIAN_POINT('',(30.,0.,-115.));
#3159=CARTESIAN_POINT('Origin',(0.,0.,-92.624777579367));
#3160=CARTESIAN_POINT('Origin',(27.5,3.,-83.75));
#3161=CARTESIAN_POINT('',(27.,3.,-83.75));
#3162=CARTESIAN_POINT('',(27.,29.,-83.75));
#3163=CARTESIAN_POINT('',(27.,3.,-83.75));
#3164=CARTESIAN_POINT('',(-27.,29.,-83.75));
#3165=CARTESIAN_POINT('',(-27.,29.,-83.75));
#3166=CARTESIAN_POINT('',(-27.,3.,-83.75));
#3167=CARTESIAN_POINT('',(-27.,3.,-83.75));
#3168=CARTESIAN_POINT('',(-27.5,3.,-83.75));
#3169=CARTESIAN_POINT('',(27.5,3.,-83.75));
#3170=CARTESIAN_POINT('',(-27.5,103.,-83.75));
#3171=CARTESIAN_POINT('',(-27.5,3.,-83.75));
#3172=CARTESIAN_POINT('',(27.5,103.,-83.75));
#3173=CARTESIAN_POINT('',(27.5,103.,-83.75));
#3174=CARTESIAN_POINT('',(27.5,3.,-83.75));
#3175=CARTESIAN_POINT('',(27.5,3.,-83.75));
#3176=CARTESIAN_POINT('',(27.5,3.,-83.75));
#3177=CARTESIAN_POINT('Origin',(27.5,3.,-82.25));
#3178=CARTESIAN_POINT('',(27.5,3.,-82.25));
#3179=CARTESIAN_POINT('',(27.5,3.,-82.25));
#3180=CARTESIAN_POINT('',(27.5,103.,-82.25));
#3181=CARTESIAN_POINT('',(27.5,103.,-82.25));
#3182=CARTESIAN_POINT('',(27.5,3.,-82.25));
#3183=CARTESIAN_POINT('Origin',(-27.5,3.,-82.25));
#3184=CARTESIAN_POINT('',(-27.5,3.,-82.25));
#3185=CARTESIAN_POINT('',(-27.5,3.,-82.25));
#3186=CARTESIAN_POINT('',(-27.5,103.,-82.25));
#3187=CARTESIAN_POINT('',(-27.5,103.,-82.25));
#3188=CARTESIAN_POINT('',(-27.5,3.,-82.25));
#3189=CARTESIAN_POINT('Origin',(-27.5,3.,-83.75));
#3190=CARTESIAN_POINT('',(-27.5,3.,-83.75));
#3191=CARTESIAN_POINT('',(-27.5,103.,-83.75));
#3192=CARTESIAN_POINT('Origin',(8.88178419700125E-15,103.,-83.));
#3193=CARTESIAN_POINT('Origin',(27.,3.,-100.75));
#3194=CARTESIAN_POINT('',(27.,3.,-100.75));
#3195=CARTESIAN_POINT('',(-27.,3.,-100.75));
#3196=CARTESIAN_POINT('',(27.,3.,-100.75));
#3197=CARTESIAN_POINT('',(-27.,29.,-100.75));
#3198=CARTESIAN_POINT('',(-27.,3.,-100.75));
#3199=CARTESIAN_POINT('',(27.,29.,-100.75));
#3200=CARTESIAN_POINT('',(27.,29.,-100.75));
#3201=CARTESIAN_POINT('',(27.,3.,-100.75));
#3202=CARTESIAN_POINT('Origin',(27.,3.,-83.75));
#3203=CARTESIAN_POINT('',(27.,3.,-83.75));
#3204=CARTESIAN_POINT('',(27.,29.,-83.75));
#3205=CARTESIAN_POINT('Origin',(-27.,3.,-100.75));
#3206=CARTESIAN_POINT('',(-27.,3.,-100.75));
#3207=CARTESIAN_POINT('',(-27.,29.,-100.75));
#3208=CARTESIAN_POINT('Origin',(0.,29.,-92.25));
#3209=CARTESIAN_POINT('Origin',(0.,3.,-92.25));
#3210=CARTESIAN_POINT('Origin',(18.,0.3,-108.));
#3211=CARTESIAN_POINT('',(18.,0.,-111.3));
#3212=CARTESIAN_POINT('Origin',(18.,0.,-108.));
#3213=CARTESIAN_POINT('',(18.,0.3,-111.));
#3214=CARTESIAN_POINT('Origin',(18.,0.3,-111.3));
#3215=CARTESIAN_POINT('',(15.,0.3,-108.));
#3216=CARTESIAN_POINT('Origin',(18.,0.3,-108.));
#3217=CARTESIAN_POINT('Origin',(18.,0.3,-108.));
#3218=CARTESIAN_POINT('Origin',(18.,0.,-108.));
#3219=CARTESIAN_POINT('',(15.,1.2,-108.));
#3220=CARTESIAN_POINT('',(15.,0.,-108.));
#3221=CARTESIAN_POINT('',(18.,1.2,-111.));
#3222=CARTESIAN_POINT('Origin',(18.,1.2,-108.));
#3223=CARTESIAN_POINT('Origin',(18.,1.2,-108.));
#3224=CARTESIAN_POINT('Origin',(4.44089209850063E-15,0.,-93.1959064038223));
#3225=CARTESIAN_POINT('',(-28.4,0.,-114.4));
#3226=CARTESIAN_POINT('',(-28.4,0.,-73.8918128076447));
#3227=CARTESIAN_POINT('',(-28.4,0.,-114.4));
#3228=CARTESIAN_POINT('',(28.4,0.,-114.4));
#3229=CARTESIAN_POINT('',(-28.4,0.,-114.4));
#3230=CARTESIAN_POINT('',(28.4,0.,-73.8918128076447));
#3231=CARTESIAN_POINT('',(28.4,0.,-114.4));
#3232=CARTESIAN_POINT('',(25.8585987261146,0.,-72.1033485486061));
#3233=CARTESIAN_POINT('Origin',(26.5,0.,-73.8918128076447));
#3234=CARTESIAN_POINT('',(-25.8585987261146,0.,-72.1033485486061));
#3235=CARTESIAN_POINT('Origin',(0.,0.,0.));
#3236=CARTESIAN_POINT('Origin',(-26.5,0.,-73.8918128076447));
#3237=CARTESIAN_POINT('',(1.06980968025329E-14,0.,-111.3));
#3238=CARTESIAN_POINT('Origin',(1.11022302462516E-14,0.,-108.));
#3239=CARTESIAN_POINT('',(-18.,0.,-111.3));
#3240=CARTESIAN_POINT('Origin',(-18.,0.,-108.));
#3241=CARTESIAN_POINT('Origin',(18.,1.2,-108.));
#3242=CARTESIAN_POINT('',(18.,1.5,-111.3));
#3243=CARTESIAN_POINT('Origin',(18.,1.2,-111.3));
#3244=CARTESIAN_POINT('Origin',(18.,1.5,-108.));
#3245=CARTESIAN_POINT('Origin',(18.,1.5,-108.));
#3246=CARTESIAN_POINT('',(12.75,1.5,-108.));
#3247=CARTESIAN_POINT('Origin',(18.,1.5,-108.));
#3248=CARTESIAN_POINT('Origin',(18.,2.65,-108.));
#3249=CARTESIAN_POINT('',(18.,2.95,-102.45));
#3250=CARTESIAN_POINT('Origin',(18.,2.95,-108.));
#3251=CARTESIAN_POINT('',(18.,2.65,-102.75));
#3252=CARTESIAN_POINT('Origin',(18.,2.65,-102.45));
#3253=CARTESIAN_POINT('',(12.75,2.65,-108.));
#3254=CARTESIAN_POINT('Origin',(18.,2.65,-108.));
#3255=CARTESIAN_POINT('Origin',(18.,2.65,-108.));
#3256=CARTESIAN_POINT('Origin',(4.44089209850063E-15,2.95,-93.1959064038223));
#3257=CARTESIAN_POINT('',(-28.4,2.95,-114.4));
#3258=CARTESIAN_POINT('',(-28.4,2.95,-73.8918128076447));
#3259=CARTESIAN_POINT('',(-28.4,2.95,-114.4));
#3260=CARTESIAN_POINT('',(-25.8585987261146,2.95,-72.1033485486061));
#3261=CARTESIAN_POINT('Origin',(-26.5,2.95,-73.8918128076447));
#3262=CARTESIAN_POINT('',(25.8585987261146,2.95,-72.1033485486061));
#3263=CARTESIAN_POINT('Origin',(0.,2.95,0.));
#3264=CARTESIAN_POINT('',(28.4,2.95,-73.8918128076447));
#3265=CARTESIAN_POINT('Origin',(26.5,2.95,-73.8918128076447));
#3266=CARTESIAN_POINT('',(28.4,2.95,-114.4));
#3267=CARTESIAN_POINT('',(28.4,2.95,-114.4));
#3268=CARTESIAN_POINT('',(-28.4,2.95,-114.4));
#3269=CARTESIAN_POINT('',(1.04225512727248E-14,2.95,-102.45));
#3270=CARTESIAN_POINT('Origin',(1.11022302462516E-14,2.95,-108.));
#3271=CARTESIAN_POINT('',(-18.,2.95,-102.45));
#3272=CARTESIAN_POINT('Origin',(-18.,2.95,-108.));
#3273=CARTESIAN_POINT('Origin',(18.,1.5,-108.));
#3274=CARTESIAN_POINT('',(12.75,1.5,-108.));
#3275=CARTESIAN_POINT('Origin',(1.11022302462516E-14,2.65,-108.));
#3276=CARTESIAN_POINT('',(1.04592906766992E-14,2.65,-102.75));
#3277=CARTESIAN_POINT('Origin',(1.04225512727248E-14,2.65,-102.45));
#3278=CARTESIAN_POINT('',(-5.24999999999999,2.65,-108.));
#3279=CARTESIAN_POINT('Origin',(1.11022302462516E-14,2.65,-108.));
#3280=CARTESIAN_POINT('Origin',(1.11022302462516E-14,2.65,-108.));
#3281=CARTESIAN_POINT('Origin',(1.11022302462516E-14,1.5,-108.));
#3282=CARTESIAN_POINT('',(-5.24999999999999,1.5,-108.));
#3283=CARTESIAN_POINT('Origin',(1.11022302462516E-14,1.5,-108.));
#3284=CARTESIAN_POINT('',(-5.24999999999999,1.5,-108.));
#3285=CARTESIAN_POINT('Origin',(1.11022302462516E-14,0.3,-108.));
#3286=CARTESIAN_POINT('',(1.07348362065074E-14,0.3,-111.));
#3287=CARTESIAN_POINT('Origin',(1.06980968025329E-14,0.3,-111.3));
#3288=CARTESIAN_POINT('',(-2.99999999999999,0.3,-108.));
#3289=CARTESIAN_POINT('Origin',(1.11022302462516E-14,0.3,-108.));
#3290=CARTESIAN_POINT('Origin',(1.11022302462516E-14,0.3,-108.));
#3291=CARTESIAN_POINT('Origin',(1.11022302462516E-14,0.,-108.));
#3292=CARTESIAN_POINT('',(-2.99999999999999,1.2,-108.));
#3293=CARTESIAN_POINT('',(-2.99999999999999,0.,-108.));
#3294=CARTESIAN_POINT('',(1.07348362065074E-14,1.2,-111.));
#3295=CARTESIAN_POINT('Origin',(1.11022302462516E-14,1.2,-108.));
#3296=CARTESIAN_POINT('Origin',(1.11022302462516E-14,1.2,-108.));
#3297=CARTESIAN_POINT('Origin',(1.11022302462516E-14,1.2,-108.));
#3298=CARTESIAN_POINT('',(1.06980968025329E-14,1.5,-111.3));
#3299=CARTESIAN_POINT('Origin',(1.06980968025329E-14,1.2,-111.3));
#3300=CARTESIAN_POINT('Origin',(1.11022302462516E-14,1.5,-108.));
#3301=CARTESIAN_POINT('Origin',(1.11022302462516E-14,1.5,-108.));
#3302=CARTESIAN_POINT('Origin',(-18.,0.3,-108.));
#3303=CARTESIAN_POINT('',(-18.,0.3,-111.));
#3304=CARTESIAN_POINT('Origin',(-18.,0.3,-111.3));
#3305=CARTESIAN_POINT('',(-21.,0.3,-108.));
#3306=CARTESIAN_POINT('Origin',(-18.,0.3,-108.));
#3307=CARTESIAN_POINT('Origin',(-18.,0.3,-108.));
#3308=CARTESIAN_POINT('Origin',(-18.,0.,-108.));
#3309=CARTESIAN_POINT('',(-21.,1.2,-108.));
#3310=CARTESIAN_POINT('',(-21.,0.,-108.));
#3311=CARTESIAN_POINT('',(-18.,1.2,-111.));
#3312=CARTESIAN_POINT('Origin',(-18.,1.2,-108.));
#3313=CARTESIAN_POINT('Origin',(-18.,1.2,-108.));
#3314=CARTESIAN_POINT('Origin',(-18.,2.65,-108.));
#3315=CARTESIAN_POINT('',(-18.,2.65,-102.75));
#3316=CARTESIAN_POINT('Origin',(-18.,2.65,-102.45));
#3317=CARTESIAN_POINT('',(-23.25,2.65,-108.));
#3318=CARTESIAN_POINT('Origin',(-18.,2.65,-108.));
#3319=CARTESIAN_POINT('Origin',(-18.,2.65,-108.));
#3320=CARTESIAN_POINT('Origin',(-18.,1.5,-108.));
#3321=CARTESIAN_POINT('',(-23.25,1.5,-108.));
#3322=CARTESIAN_POINT('Origin',(-18.,1.5,-108.));
#3323=CARTESIAN_POINT('',(-23.25,1.5,-108.));
#3324=CARTESIAN_POINT('Origin',(-18.,1.2,-108.));
#3325=CARTESIAN_POINT('',(-18.,1.5,-111.3));
#3326=CARTESIAN_POINT('Origin',(-18.,1.2,-111.3));
#3327=CARTESIAN_POINT('Origin',(-18.,1.5,-108.));
#3328=CARTESIAN_POINT('Origin',(-18.,1.5,-108.));
#3329=CARTESIAN_POINT('Origin',(28.4,0.,-114.4));
#3330=CARTESIAN_POINT('',(-28.4,0.,-114.4));
#3331=CARTESIAN_POINT('',(28.4,0.,-114.4));
#3332=CARTESIAN_POINT('Origin',(28.4,0.,-73.8918128076447));
#3333=CARTESIAN_POINT('',(28.4,0.,-73.8918128076447));
#3334=CARTESIAN_POINT('Origin',(26.5,0.,-73.8918128076447));
#3335=CARTESIAN_POINT('',(25.8585987261146,0.,-72.1033485486061));
#3336=CARTESIAN_POINT('Origin',(0.,0.,0.));
#3337=CARTESIAN_POINT('',(-25.8585987261146,0.,-72.1033485486061));
#3338=CARTESIAN_POINT('Origin',(-26.5,0.,-73.8918128076447));
#3339=CARTESIAN_POINT('',(-28.4,0.,-73.8918128076447));
#3340=CARTESIAN_POINT('Origin',(-28.4,0.,-114.4));
#3341=CARTESIAN_POINT('Origin',(28.4,107.05,-114.4));
#3342=CARTESIAN_POINT('',(-28.4,107.05,-114.4));
#3343=CARTESIAN_POINT('',(28.4,107.05,-114.4));
#3344=CARTESIAN_POINT('',(-28.4,107.05,-114.4));
#3345=CARTESIAN_POINT('',(-28.4,110.,-114.4));
#3346=CARTESIAN_POINT('',(-28.4,107.05,-114.4));
#3347=CARTESIAN_POINT('',(28.4,110.,-114.4));
#3348=CARTESIAN_POINT('',(-28.4,110.,-114.4));
#3349=CARTESIAN_POINT('',(28.4,107.05,-114.4));
#3350=CARTESIAN_POINT('Origin',(28.4,107.05,-73.8918128076447));
#3351=CARTESIAN_POINT('',(28.4,107.05,-73.8918128076447));
#3352=CARTESIAN_POINT('',(28.4,107.05,-114.4));
#3353=CARTESIAN_POINT('',(28.4,110.,-73.8918128076447));
#3354=CARTESIAN_POINT('',(28.4,110.,-114.4));
#3355=CARTESIAN_POINT('',(28.4,107.05,-73.8918128076447));
#3356=CARTESIAN_POINT('Origin',(26.5,107.05,-73.8918128076447));
#3357=CARTESIAN_POINT('',(25.8585987261146,107.05,-72.1033485486061));
#3358=CARTESIAN_POINT('Origin',(26.5,107.05,-73.8918128076447));
#3359=CARTESIAN_POINT('',(25.8585987261146,110.,-72.1033485486061));
#3360=CARTESIAN_POINT('Origin',(26.5,110.,-73.8918128076447));
#3361=CARTESIAN_POINT('',(25.8585987261146,107.05,-72.1033485486061));
#3362=CARTESIAN_POINT('Origin',(0.,107.05,0.));
#3363=CARTESIAN_POINT('',(-25.8585987261146,107.05,-72.1033485486061));
#3364=CARTESIAN_POINT('Origin',(0.,107.05,0.));
#3365=CARTESIAN_POINT('',(-25.8585987261146,110.,-72.1033485486061));
#3366=CARTESIAN_POINT('Origin',(0.,110.,0.));
#3367=CARTESIAN_POINT('',(-25.8585987261146,107.05,-72.1033485486061));
#3368=CARTESIAN_POINT('Origin',(-26.5,107.05,-73.8918128076447));
#3369=CARTESIAN_POINT('',(-28.4,107.05,-73.8918128076447));
#3370=CARTESIAN_POINT('Origin',(-26.5,107.05,-73.8918128076447));
#3371=CARTESIAN_POINT('',(-28.4,110.,-73.8918128076447));
#3372=CARTESIAN_POINT('Origin',(-26.5,110.,-73.8918128076447));
#3373=CARTESIAN_POINT('',(-28.4,107.05,-73.8918128076447));
#3374=CARTESIAN_POINT('Origin',(-28.4,107.05,-114.4));
#3375=CARTESIAN_POINT('',(-28.4,107.05,-114.4));
#3376=CARTESIAN_POINT('',(-28.4,110.,-114.4));
#3377=CARTESIAN_POINT('Origin',(4.44089209850063E-15,110.,-93.1959064038223));
#3378=CARTESIAN_POINT('Origin',(4.44089209850063E-15,107.05,-93.1959064038223));
#3379=UNCERTAINTY_MEASURE_WITH_UNIT(LENGTH_MEASURE(0.01),#3383,
'DISTANCE_ACCURACY_VALUE',
'Maximum model space distance between geometric entities at asserted c
onnectivities');
#3380=UNCERTAINTY_MEASURE_WITH_UNIT(LENGTH_MEASURE(0.01),#3383,
'DISTANCE_ACCURACY_VALUE',
'Maximum model space distance between geometric entities at asserted c
onnectivities');
#3381=(
GEOMETRIC_REPRESENTATION_CONTEXT(3)
GLOBAL_UNCERTAINTY_ASSIGNED_CONTEXT((#3379))
GLOBAL_UNIT_ASSIGNED_CONTEXT((#3383,#3385,#3386))
REPRESENTATION_CONTEXT('','3D')
);
#3382=(
GEOMETRIC_REPRESENTATION_CONTEXT(3)
GLOBAL_UNCERTAINTY_ASSIGNED_CONTEXT((#3380))
GLOBAL_UNIT_ASSIGNED_CONTEXT((#3383,#3385,#3386))
REPRESENTATION_CONTEXT('','3D')
);
#3383=(
LENGTH_UNIT()
NAMED_UNIT(*)
SI_UNIT(.MILLI.,.METRE.)
);
#3384=(
LENGTH_UNIT()
NAMED_UNIT(*)
SI_UNIT($,.METRE.)
);
#3385=(
NAMED_UNIT(*)
PLANE_ANGLE_UNIT()
SI_UNIT($,.RADIAN.)
);
#3386=(
NAMED_UNIT(*)
SI_UNIT($,.STERADIAN.)
SOLID_ANGLE_UNIT()
);
#3387=SHAPE_DEFINITION_REPRESENTATION(#3388,#3389);
#3388=PRODUCT_DEFINITION_SHAPE('',$,#3391);
#3389=SHAPE_REPRESENTATION('',(#1983),#3381);
#3390=PRODUCT_DEFINITION_CONTEXT('part definition',#3395,'design');
#3391=PRODUCT_DEFINITION('SenS_Encasing_ControlUnit',
'SenS_Encasing_ControlUnit v5',#3392,#3390);
#3392=PRODUCT_DEFINITION_FORMATION('',$,#3397);
#3393=PRODUCT_RELATED_PRODUCT_CATEGORY('SenS_Encasing_ControlUnit v5',
'SenS_Encasing_ControlUnit v5',(#3397));
#3394=APPLICATION_PROTOCOL_DEFINITION('international standard',
'automotive_design',2009,#3395);
#3395=APPLICATION_CONTEXT(
'Core Data for Automotive Mechanical Design Process');
#3396=PRODUCT_CONTEXT('part definition',#3395,'mechanical');
#3397=PRODUCT('SenS_Encasing_ControlUnit','SenS_Encasing_ControlUnit v5',$,(#3396));
#3398=PRESENTATION_STYLE_ASSIGNMENT((#3399));
#3399=SURFACE_STYLE_USAGE(.BOTH.,#3400);
#3400=SURFACE_SIDE_STYLE('',(#3401));
#3401=SURFACE_STYLE_FILL_AREA(#3402);
#3402=FILL_AREA_STYLE('Stahl - satiniert',(#3403));
#3403=FILL_AREA_STYLE_COLOUR('Stahl - satiniert',#3404);
#3404=COLOUR_RGB('Stahl - satiniert',0.627450980392157,0.627450980392157,
0.627450980392157);
ENDSEC;
END-ISO-10303-21;
