ISO-10303-21;
HEADER;
/* Generated by software containing ST-Developer
 * from STEP Tools, Inc. (www.steptools.com) 
 */

FILE_DESCRIPTION(
/* description */ (''),
/* implementation_level */ '2;1');

FILE_NAME(
/* name */ 'SenS_Encasing_VibrationUnit.step',
/* time_stamp */ '2024-05-30T21:28:38+02:00',
/* author */ (''),
/* organization */ (''),
/* preprocessor_version */ 'ST-DEVELOPER v20',
/* originating_system */ 'Autodesk Translation Framework v13.14.0.145',

/* authorisation */ '');

FILE_SCHEMA (('AUTOMOTIVE_DESIGN { 1 0 10303 214 3 1 1 }'));
ENDSEC;

DATA;
#10=MECHANICAL_DESIGN_GEOMETRIC_PRESENTATION_REPRESENTATION('',(#13,#14),
#4224);
#11=SHAPE_REPRESENTATION_RELATIONSHIP('SRR','None',#4231,#12);
#12=ADVANCED_BREP_SHAPE_REPRESENTATION('',(#15,#16),#4223);
#13=STYLED_ITEM('',(#4240),#15);
#14=STYLED_ITEM('',(#4240),#16);
#15=MANIFOLD_SOLID_BREP('K\X\F6rper1',#2135);
#16=MANIFOLD_SOLID_BREP('K\X\F6rper6',#2136);
#17=TOROIDAL_SURFACE('',#2186,70.9,0.9);
#18=TOROIDAL_SURFACE('',#2207,70.9,0.9);
#19=(
BOUNDED_SURFACE()
B_SPLINE_SURFACE(2,2,((#3274,#3275,#3276,#3277,#3278),(#3279,#3280,#3281,
#3282,#3283),(#3284,#3285,#3286,#3287,#3288)),.UNSPECIFIED.,.F.,.F.,.F.)
B_SPLINE_SURFACE_WITH_KNOTS((3,3),(3,2,3),(0.,1.5707963267949),(-0.420756079446982,
0.70306478696449,1.82688565337596),.UNSPECIFIED.)
GEOMETRIC_REPRESENTATION_ITEM()
RATIONAL_B_SPLINE_SURFACE(((1.,0.846238769743439,1.,0.846238769743439,1.),
(0.707106781186551,0.59838117258855,0.707106781186551,0.59838117258855,
0.707106781186551),(1.,0.846238769743439,1.,0.846238769743439,1.)))
REPRESENTATION_ITEM('')
SURFACE()
);
#20=(
BOUNDED_SURFACE()
B_SPLINE_SURFACE(2,2,((#3310,#3311,#3312,#3313,#3314),(#3315,#3316,#3317,
#3318,#3319),(#3320,#3321,#3322,#3323,#3324)),.UNSPECIFIED.,.F.,.F.,.F.)
B_SPLINE_SURFACE_WITH_KNOTS((3,3),(3,2,3),(0.,1.5707963267949),(-1.5707963267949,
-0.575020123673998,0.420756079446901),.UNSPECIFIED.)
GEOMETRIC_REPRESENTATION_ITEM()
RATIONAL_B_SPLINE_SURFACE(((1.,0.878593102125734,1.,0.878593102125734,1.),
(0.707106781186557,0.62125914041684,0.707106781186557,0.62125914041684,
0.707106781186557),(1.,0.878593102125734,1.,0.878593102125734,1.)))
REPRESENTATION_ITEM('')
SURFACE()
);
#21=(
BOUNDED_SURFACE()
B_SPLINE_SURFACE(2,2,((#3448,#3449,#3450,#3451,#3452),(#3453,#3454,#3455,
#3456,#3457),(#3458,#3459,#3460,#3461,#3462)),.UNSPECIFIED.,.F.,.F.,.F.)
B_SPLINE_SURFACE_WITH_KNOTS((3,3),(3,2,3),(-1.5707963267949,0.),(-1.5707963267949,
-0.5750201236739,0.420756079447095),.UNSPECIFIED.)
GEOMETRIC_REPRESENTATION_ITEM()
RATIONAL_B_SPLINE_SURFACE(((1.,0.878593102125711,1.,0.878593102125711,1.),
(0.707106781186552,0.621259140416819,0.707106781186552,0.621259140416819,
0.707106781186552),(1.,0.878593102125711,1.,0.878593102125711,1.)))
REPRESENTATION_ITEM('')
SURFACE()
);
#22=(
BOUNDED_SURFACE()
B_SPLINE_SURFACE(2,2,((#3470,#3471,#3472,#3473,#3474),(#3475,#3476,#3477,
#3478,#3479),(#3480,#3481,#3482,#3483,#3484)),.UNSPECIFIED.,.F.,.F.,.F.)
B_SPLINE_SURFACE_WITH_KNOTS((3,3),(3,2,3),(-1.5707963267949,0.),(-0.420756079446905,
0.703064786964528,1.82688565337596),.UNSPECIFIED.)
GEOMETRIC_REPRESENTATION_ITEM()
RATIONAL_B_SPLINE_SURFACE(((1.,0.846238769743449,1.,0.846238769743449,1.),
(0.70710678118656,0.598381172588565,0.70710678118656,0.598381172588565,
0.70710678118656),(1.,0.846238769743449,1.,0.846238769743449,1.)))
REPRESENTATION_ITEM('')
SURFACE()
);
#23=(
BOUNDED_SURFACE()
B_SPLINE_SURFACE(2,2,((#4152,#4153,#4154),(#4155,#4156,#4157),(#4158,#4159,
#4160)),.UNSPECIFIED.,.F.,.F.,.F.)
B_SPLINE_SURFACE_WITH_KNOTS((3,3),(3,3),(-1.57079632679491,0.),(-3.1415926535898,
-1.5707963267949),.UNSPECIFIED.)
GEOMETRIC_REPRESENTATION_ITEM()
RATIONAL_B_SPLINE_SURFACE(((1.,0.707106781186545,1.),(0.707106781186537,
0.499999999999991,0.707106781186537),(1.,0.707106781186545,1.)))
REPRESENTATION_ITEM('')
SURFACE()
);
#24=(
BOUNDED_SURFACE()
B_SPLINE_SURFACE(2,2,((#4172,#4173,#4174),(#4175,#4176,#4177),(#4178,#4179,
#4180)),.UNSPECIFIED.,.F.,.F.,.F.)
B_SPLINE_SURFACE_WITH_KNOTS((3,3),(3,3),(-1.5707963267949,0.),(1.5707963267949,
3.14159265358984),.UNSPECIFIED.)
GEOMETRIC_REPRESENTATION_ITEM()
RATIONAL_B_SPLINE_SURFACE(((1.,0.707106781186532,1.),(0.707106781186523,
0.499999999999971,0.707106781186523),(1.,0.707106781186532,1.)))
REPRESENTATION_ITEM('')
SURFACE()
);
#25=(
BOUNDED_SURFACE()
B_SPLINE_SURFACE(2,2,((#4194,#4195,#4196),(#4197,#4198,#4199),(#4200,#4201,
#4202)),.UNSPECIFIED.,.F.,.F.,.F.)
B_SPLINE_SURFACE_WITH_KNOTS((3,3),(3,3),(0.,1.57079632679491),(1.5707963267949,
3.1415926535898),.UNSPECIFIED.)
GEOMETRIC_REPRESENTATION_ITEM()
RATIONAL_B_SPLINE_SURFACE(((1.,0.707106781186545,1.),(0.707106781186536,
0.499999999999991,0.707106781186536),(1.,0.707106781186545,1.)))
REPRESENTATION_ITEM('')
SURFACE()
);
#26=(
BOUNDED_SURFACE()
B_SPLINE_SURFACE(2,2,((#4209,#4210,#4211),(#4212,#4213,#4214),(#4215,#4216,
#4217)),.UNSPECIFIED.,.F.,.F.,.F.)
B_SPLINE_SURFACE_WITH_KNOTS((3,3),(3,3),(0.,1.5707963267949),(-3.14159265358979,
-1.5707963267949),.UNSPECIFIED.)
GEOMETRIC_REPRESENTATION_ITEM()
RATIONAL_B_SPLINE_SURFACE(((1.,0.707106781186547,1.),(0.707106781186523,
0.499999999999982,0.707106781186523),(1.,0.707106781186547,1.)))
REPRESENTATION_ITEM('')
SURFACE()
);
#27=FACE_BOUND('',#277,.T.);
#28=FACE_BOUND('',#278,.T.);
#29=FACE_BOUND('',#279,.T.);
#30=FACE_BOUND('',#280,.T.);
#31=FACE_BOUND('',#282,.T.);
#32=FACE_BOUND('',#283,.T.);
#33=FACE_BOUND('',#309,.T.);
#34=FACE_BOUND('',#310,.T.);
#35=FACE_BOUND('',#320,.T.);
#36=FACE_BOUND('',#322,.T.);
#37=FACE_BOUND('',#327,.T.);
#38=FACE_BOUND('',#329,.T.);
#39=FACE_BOUND('',#334,.T.);
#40=FACE_BOUND('',#336,.T.);
#41=FACE_BOUND('',#341,.T.);
#42=FACE_BOUND('',#343,.T.);
#43=FACE_BOUND('',#350,.T.);
#44=FACE_BOUND('',#351,.T.);
#45=FACE_BOUND('',#359,.T.);
#46=FACE_BOUND('',#360,.T.);
#47=FACE_BOUND('',#367,.T.);
#48=FACE_BOUND('',#370,.T.);
#49=FACE_BOUND('',#373,.T.);
#50=FACE_BOUND('',#376,.T.);
#51=FACE_BOUND('',#401,.T.);
#52=FACE_BOUND('',#402,.T.);
#53=FACE_BOUND('',#403,.T.);
#54=FACE_BOUND('',#404,.T.);
#55=B_SPLINE_CURVE_WITH_KNOTS('',3,(#3008,#3009,#3010,#3011,#3012,#3013),
 .UNSPECIFIED.,.F.,.F.,(4,2,4),(0.472884581465515,0.514339178299964,0.516973243467754),
 .UNSPECIFIED.);
#56=B_SPLINE_CURVE_WITH_KNOTS('',3,(#3017,#3018,#3019,#3020,#3021,#3022),
 .UNSPECIFIED.,.F.,.F.,(4,2,4),(0.429280375892289,0.431914442729232,0.473369039563682),
 .UNSPECIFIED.);
#57=B_SPLINE_CURVE_WITH_KNOTS('',3,(#3026,#3027,#3028,#3029,#3030,#3031),
 .UNSPECIFIED.,.F.,.F.,(4,2,4),(0.157489884679427,0.198957088785535,0.201286776187383),
 .UNSPECIFIED.);
#58=B_SPLINE_CURVE_WITH_KNOTS('',3,(#3034,#3035,#3036,#3037,#3038,#3039),
 .UNSPECIFIED.,.F.,.F.,(4,2,4),(0.429644019710793,0.431973707112641,0.473440911218749),
 .UNSPECIFIED.);
#59=B_SPLINE_CURVE_WITH_KNOTS('',3,(#3063,#3064,#3065,#3066,#3067,#3068,
#3069,#3070,#3071,#3072,#3073,#3074,#3075,#3076,#3077,#3078),
 .UNSPECIFIED.,.F.,.F.,(4,2,2,2,2,2,2,4),(1.16169047877514,1.1683756184541,
1.17506075813307,1.18843103749099,1.21517159620685,1.26865271363856,1.30947000643219,
1.31166016819791),.UNSPECIFIED.);
#60=B_SPLINE_CURVE_WITH_KNOTS('',3,(#3082,#3083,#3084,#3085,#3086,#3087,
#3088,#3089,#3090,#3091,#3092,#3093,#3094,#3095,#3096,#3097),
 .UNSPECIFIED.,.F.,.F.,(4,2,2,2,2,2,2,4),(0.237260468467665,0.23945063193466,
0.280267924728291,0.333749042160004,0.36048960087586,0.373859880233788,
0.380545019912752,0.387230159591716),.UNSPECIFIED.);
#61=B_SPLINE_CURVE_WITH_KNOTS('',3,(#3100,#3101,#3102,#3103,#3104,#3105,
#3106,#3107,#3108,#3109,#3110,#3111,#3112,#3113,#3114,#3115,#3116,#3117,
#3118,#3119,#3120,#3121,#3122,#3123,#3124,#3125,#3126,#3127,#3128,#3129,
#3130,#3131,#3132,#3133),.UNSPECIFIED.,.T.,.F.,(4,2,2,2,2,2,2,2,2,2,2,2,
2,2,2,2,4),(0.,0.0600648918455716,0.120129783691143,0.184230682296742,0.24833158090234,
0.312845319585197,0.377359058268054,0.437470883005406,0.497582707742757,
0.557694532480109,0.617806357217461,0.682320095900318,0.746833834583175,
0.810934733188773,0.875035631794372,0.935100523639943,0.995165415485515),
 .UNSPECIFIED.);
#62=B_SPLINE_CURVE_WITH_KNOTS('',3,(#3135,#3136,#3137,#3138,#3139,#3140,
#3141,#3142,#3143,#3144,#3145,#3146,#3147,#3148,#3149,#3150,#3151,#3152,
#3153,#3154,#3155,#3156,#3157,#3158,#3159,#3160,#3161,#3162,#3163,#3164,
#3165,#3166,#3167,#3168),.UNSPECIFIED.,.T.,.F.,(4,2,2,2,2,2,2,2,2,2,2,2,
2,2,2,2,4),(0.,0.0601118247373514,0.120223649474703,0.18473738815756,0.249251126840417,
0.313352025446016,0.377452924051614,0.437517815897186,0.497582707742757,
0.557647599588329,0.617712491433901,0.681813390039499,0.745914288645097,
0.810428027327955,0.874941766010812,0.935053590748163,0.995165415485515),
 .UNSPECIFIED.);
#63=B_SPLINE_CURVE_WITH_KNOTS('',3,(#3170,#3171,#3172,#3173,#3174,#3175,
#3176,#3177,#3178,#3179,#3180,#3181,#3182,#3183,#3184,#3185,#3186,#3187,
#3188,#3189,#3190,#3191,#3192,#3193,#3194,#3195,#3196,#3197,#3198,#3199,
#3200,#3201,#3202,#3203),.UNSPECIFIED.,.T.,.F.,(4,2,2,2,2,2,2,2,2,2,2,2,
2,2,2,2,4),(0.,0.0600648918455718,0.120129783691144,0.184230682296742,0.24833158090234,
0.312845319585198,0.377359058268055,0.437470883005406,0.497582707742758,
0.557694532480109,0.617806357217461,0.682320095900318,0.746833834583175,
0.810934733188773,0.875035631794372,0.935100523639943,0.995165415485515),
 .UNSPECIFIED.);
#64=B_SPLINE_CURVE_WITH_KNOTS('',3,(#3205,#3206,#3207,#3208,#3209,#3210,
#3211,#3212,#3213,#3214,#3215,#3216,#3217,#3218,#3219,#3220,#3221,#3222,
#3223,#3224,#3225,#3226,#3227,#3228,#3229,#3230,#3231,#3232,#3233,#3234,
#3235,#3236,#3237,#3238),.UNSPECIFIED.,.T.,.F.,(4,2,2,2,2,2,2,2,2,2,2,2,
2,2,2,2,4),(0.,0.0601118247373514,0.120223649474703,0.18473738815756,0.249251126840417,
0.313352025446016,0.377452924051614,0.437517815897186,0.497582707742757,
0.557647599588329,0.617712491433901,0.681813390039499,0.745914288645097,
0.810428027327955,0.874941766010812,0.935053590748163,0.995165415485515),
 .UNSPECIFIED.);
#65=B_SPLINE_CURVE_WITH_KNOTS('',3,(#3292,#3293,#3294,#3295,#3296,#3297,
#3298,#3299,#3300,#3301,#3302,#3303,#3304,#3305),.UNSPECIFIED.,.F.,.F.,
(4,2,2,2,2,2,4),(-0.00122567202263537,0.,0.000497318675701196,0.0280087161935014,
0.0513941163857607,0.0747701988206198,0.0981398464767767),.UNSPECIFIED.);
#66=B_SPLINE_CURVE_WITH_KNOTS('',3,(#3333,#3334,#3335,#3336,#3337,#3338,
#3339,#3340,#3341,#3342,#3343,#3344,#3345,#3346,#3347,#3348,#3349,#3350,
#3351,#3352,#3353,#3354,#3355,#3356,#3357,#3358,#3359,#3360,#3361,#3362,
#3363,#3364,#3365,#3366,#3367,#3368,#3369),.UNSPECIFIED.,.F.,.F.,(4,3,3,
3,3,3,3,3,3,3,3,3,4),(0.,0.136568472768214,0.273131470968031,0.409689492799387,
0.54624303627021,0.682834611352523,0.819412243030721,0.955977926522981,
1.09253365518544,1.22911803657386,1.36567851230415,1.50224999063612,1.57079635563619),
 .UNSPECIFIED.);
#67=B_SPLINE_CURVE_WITH_KNOTS('',3,(#3391,#3392,#3393,#3394,#3395,#3396,
#3397,#3398,#3399,#3400,#3401,#3402,#3403,#3404,#3405,#3406,#3407,#3408,
#3409,#3410,#3411,#3412,#3413,#3414,#3415,#3416,#3417,#3418,#3419,#3420,
#3421,#3422,#3423,#3424,#3425,#3426,#3427),.UNSPECIFIED.,.F.,.F.,(4,3,3,
3,3,3,3,3,3,3,3,3,4),(0.,0.136568472768218,0.273131470968036,0.409689492799352,
0.546243036270172,0.682834611352489,0.819412243030677,0.955977926522941,
1.09253365518539,1.22911803657382,1.3656785123041,1.50224999063607,1.57079635563617),
 .UNSPECIFIED.);
#68=B_SPLINE_CURVE_WITH_KNOTS('',3,(#3428,#3429,#3430,#3431,#3432,#3433,
#3434,#3435,#3436,#3437,#3438,#3439,#3440,#3441),.UNSPECIFIED.,.F.,.F.,
(4,2,2,2,2,2,4),(-0.197505319194963,-0.196279647207905,-0.195782328570343,
-0.168270937467839,-0.144885542750035,-0.12150946578745,-0.098139823602061),
 .UNSPECIFIED.);
#69=B_SPLINE_CURVE_WITH_KNOTS('',3,(#3551,#3552,#3553,#3554,#3555,#3556),
 .UNSPECIFIED.,.F.,.F.,(4,2,4),(0.133547257801293,0.20158918716288,0.28559036725171),
 .UNSPECIFIED.);
#70=B_SPLINE_CURVE_WITH_KNOTS('',3,(#3557,#3558,#3559,#3560,#3561,#3562,
#3563,#3564,#3565,#3566,#3567,#3568,#3569,#3570,#3571,#3572,#3573,#3574,
#3575,#3576,#3577,#3578,#3579,#3580,#3581,#3582),.UNSPECIFIED.,.F.,.F.,
(4,2,2,2,2,2,2,2,2,2,2,2,4),(0.28559036725171,0.388069659628327,0.490548952004944,
0.5539465992225,0.585645422831278,0.617344246440056,0.649043070048835,0.680741893657613,
0.744139540875169,0.846618833251786,0.949098125628403,1.03309930571723,
1.10114123507882),.UNSPECIFIED.);
#71=B_SPLINE_CURVE_WITH_KNOTS('',3,(#3584,#3585,#3586,#3587,#3588,#3589,
#3590,#3591,#3592,#3593,#3594,#3595,#3596,#3597,#3598,#3599,#3600,#3601,
#3602,#3603,#3604,#3605,#3606,#3607,#3608,#3609,#3610),.UNSPECIFIED.,.F.,
 .F.,(4,2,2,2,2,2,2,3,2,2,2,2,4),(0.762754345479081,0.80704796970134,0.889501421410997,
0.988740184493201,1.08797894757541,1.15083573992163,1.18226413609474,1.21369253226785,
1.24512092844097,1.27654932461408,1.3394061169603,1.43864488004251,1.53788364312471),
 .UNSPECIFIED.);
#72=B_SPLINE_CURVE_WITH_KNOTS('',3,(#3611,#3612,#3613,#3614,#3615,#3616),
 .UNSPECIFIED.,.F.,.F.,(4,2,4),(1.53788364312471,1.62033709483437,1.66463071905663),
 .UNSPECIFIED.);
#73=B_SPLINE_CURVE_WITH_KNOTS('',3,(#3622,#3623,#3624,#3625,#3626,#3627,
#3628,#3629,#3630,#3631,#3632,#3633),.UNSPECIFIED.,.F.,.F.,(4,2,2,2,2,4),
(0.,0.0314283961731121,0.0628567923462243,0.125713584692449,0.224952347774653,
0.324191110856857),.UNSPECIFIED.);
#74=B_SPLINE_CURVE_WITH_KNOTS('',3,(#3634,#3635,#3636,#3637,#3638,#3639,
#3640,#3641,#3642,#3643,#3644,#3645,#3646,#3647,#3648,#3649,#3650,#3651,
#3652,#3653,#3654,#3655,#3656,#3657,#3658,#3659,#3660,#3661),
 .UNSPECIFIED.,.F.,.F.,(4,2,2,2,2,2,2,2,2,2,2,2,2,4),(0.324191110856857,
0.406644562566514,0.48909801427617,0.547972140205048,0.606846266133927,
0.665720392062805,0.724594517991684,0.80704796970134,0.889501421410997,
0.988740184493201,1.0879789475754,1.15083573992163,1.18226413609474,1.21369253226785),
 .UNSPECIFIED.);
#75=B_SPLINE_CURVE_WITH_KNOTS('',3,(#3664,#3665,#3666,#3667,#3668,#3669,
#3670,#3671,#3672,#3673),.UNSPECIFIED.,.F.,.F.,(4,2,2,2,4),(0.,0.0587940035370245,
0.117588007074049,0.201589187162879,0.28559036725171),.UNSPECIFIED.);
#76=B_SPLINE_CURVE_WITH_KNOTS('',3,(#3674,#3675,#3676,#3677,#3678,#3679,
#3680,#3681,#3682,#3683,#3684,#3685,#3686,#3687,#3688,#3689,#3690,#3691,
#3692,#3693,#3694,#3695,#3696,#3697,#3698,#3699,#3700,#3701,#3702,#3703),
 .UNSPECIFIED.,.F.,.F.,(4,2,2,2,2,2,2,2,2,2,2,2,2,2,4),(0.28559036725171,
0.388069659628327,0.490548952004943,0.5539465992225,0.585645422831278,0.617344246440056,
0.649043070048834,0.680741893657613,0.744139540875169,0.846618833251786,
0.949098125628403,1.03309930571723,1.11710048580606,1.17589448934309,1.23468849288011),
 .UNSPECIFIED.);
#77=B_SPLINE_CURVE_WITH_KNOTS('',3,(#3882,#3883,#3884,#3885,#3886,#3887),
 .UNSPECIFIED.,.F.,.F.,(4,2,4),(0.762754345479079,0.80704796970134,0.889501421410997),
 .UNSPECIFIED.);
#78=B_SPLINE_CURVE_WITH_KNOTS('',3,(#3889,#3890,#3891,#3892,#3893,#3894,
#3895,#3896,#3897,#3898,#3899,#3900,#3901,#3902,#3903,#3904,#3905,#3906,
#3907,#3908,#3909,#3910,#3911,#3912,#3913,#3914,#3915),.UNSPECIFIED.,.F.,
 .F.,(4,2,2,2,2,3,2,2,2,2,2,2,4),(0.889501421410997,0.988740184493201,1.0879789475754,
1.15083573992163,1.18226413609474,1.21369253226785,1.24512092844097,1.27654932461408,
1.3394061169603,1.43864488004251,1.53788364312471,1.62033709483437,1.66463071905663),
 .UNSPECIFIED.);
#79=B_SPLINE_CURVE_WITH_KNOTS('',3,(#3947,#3948,#3949,#3950,#3951,#3952,
#3953,#3954,#3955,#3956,#3957,#3958,#3959,#3960,#3961,#3962,#3963,#3964,
#3965,#3966,#3967,#3968,#3969,#3970,#3971,#3972),.UNSPECIFIED.,.F.,.F.,
(4,2,2,2,2,2,2,2,2,2,2,2,4),(0.133547257801291,0.20158918716288,0.28559036725171,
0.388069659628327,0.490548952004944,0.5539465992225,0.585645422831278,0.617344246440056,
0.649043070048834,0.680741893657612,0.744139540875169,0.846618833251785,
0.949098125628402),.UNSPECIFIED.);
#80=B_SPLINE_CURVE_WITH_KNOTS('',3,(#3974,#3975,#3976,#3977,#3978,#3979),
 .UNSPECIFIED.,.F.,.F.,(4,2,4),(0.949098125628402,1.03309930571723,1.10114123507882),
 .UNSPECIFIED.);
#81=B_SPLINE_CURVE_WITH_KNOTS('',3,(#3985,#3986,#3987,#3988,#3989,#3990,
#3991,#3992,#3993,#3994,#3995,#3996,#3997,#3998,#3999,#4000,#4001,#4002,
#4003,#4004,#4005,#4006,#4007,#4008,#4009,#4010,#4011,#4012,#4013,#4014),
 .UNSPECIFIED.,.F.,.F.,(4,2,2,2,2,2,2,2,2,2,2,2,2,2,4),(0.,0.0587940035370245,
0.117588007074049,0.20158918716288,0.28559036725171,0.388069659628327,0.490548952004943,
0.5539465992225,0.585645422831278,0.617344246440056,0.649043070048834,0.680741893657613,
0.744139540875169,0.846618833251786,0.949098125628402),.UNSPECIFIED.);
#82=B_SPLINE_CURVE_WITH_KNOTS('',3,(#4015,#4016,#4017,#4018,#4019,#4020,
#4021,#4022,#4023,#4024),.UNSPECIFIED.,.F.,.F.,(4,2,2,2,4),(0.949098125628402,
1.03309930571723,1.11710048580606,1.17589448934309,1.23468849288011),
 .UNSPECIFIED.);
#83=B_SPLINE_CURVE_WITH_KNOTS('',3,(#4027,#4028,#4029,#4030,#4031,#4032,
#4033,#4034,#4035,#4036,#4037,#4038,#4039,#4040,#4041,#4042,#4043,#4044,
#4045,#4046,#4047,#4048,#4049,#4050,#4051,#4052,#4053,#4054),
 .UNSPECIFIED.,.F.,.F.,(4,2,2,2,2,2,2,2,2,2,2,2,2,4),(0.,0.0314283961731121,
0.0628567923462243,0.125713584692449,0.224952347774652,0.324191110856856,
0.406644562566513,0.48909801427617,0.547972140205048,0.606846266133927,
0.665720392062805,0.724594517991683,0.80704796970134,0.889501421410997),
 .UNSPECIFIED.);
#84=B_SPLINE_CURVE_WITH_KNOTS('',3,(#4055,#4056,#4057,#4058,#4059,#4060,
#4061,#4062,#4063,#4064,#4065,#4066),.UNSPECIFIED.,.F.,.F.,(4,2,2,2,2,4),
(0.889501421410997,0.988740184493201,1.0879789475754,1.15083573992163,1.18226413609474,
1.21369253226785),.UNSPECIFIED.);
#85=ELLIPSE('',#2157,1.41421356237308,1.);
#86=ELLIPSE('',#2158,1.41421356237308,1.);
#87=ELLIPSE('',#2161,1.4142135623731,1.);
#88=ELLIPSE('',#2162,1.4142135623731,1.);
#89=ELLIPSE('',#2170,1.41421356237308,1.);
#90=ELLIPSE('',#2174,1.41421356237308,1.);
#91=PLANE('',#2153);
#92=PLANE('',#2167);
#93=PLANE('',#2171);
#94=PLANE('',#2175);
#95=PLANE('',#2179);
#96=PLANE('',#2183);
#97=PLANE('',#2200);
#98=PLANE('',#2211);
#99=PLANE('',#2213);
#100=PLANE('',#2216);
#101=PLANE('',#2219);
#102=PLANE('',#2220);
#103=PLANE('',#2223);
#104=PLANE('',#2224);
#105=PLANE('',#2227);
#106=PLANE('',#2229);
#107=PLANE('',#2249);
#108=PLANE('',#2250);
#109=PLANE('',#2251);
#110=PLANE('',#2252);
#111=PLANE('',#2253);
#112=PLANE('',#2254);
#113=PLANE('',#2255);
#114=PLANE('',#2256);
#115=PLANE('',#2257);
#116=PLANE('',#2258);
#117=PLANE('',#2259);
#118=PLANE('',#2260);
#119=PLANE('',#2261);
#120=PLANE('',#2262);
#121=PLANE('',#2263);
#122=PLANE('',#2264);
#123=PLANE('',#2265);
#124=PLANE('',#2266);
#125=PLANE('',#2267);
#126=PLANE('',#2268);
#127=PLANE('',#2273);
#128=PLANE('',#2274);
#129=PLANE('',#2275);
#130=PLANE('',#2279);
#131=PLANE('',#2280);
#132=PLANE('',#2285);
#133=PLANE('',#2299);
#134=PLANE('',#2302);
#135=PLANE('',#2308);
#136=PLANE('',#2313);
#137=PLANE('',#2318);
#138=PLANE('',#2323);
#139=PLANE('',#2331);
#140=PLANE('',#2332);
#141=PLANE('',#2333);
#142=PLANE('',#2334);
#143=PLANE('',#2335);
#144=PLANE('',#2336);
#145=PLANE('',#2337);
#146=PLANE('',#2338);
#147=PLANE('',#2339);
#148=PLANE('',#2351);
#149=PLANE('',#2358);
#150=FACE_OUTER_BOUND('',#264,.T.);
#151=FACE_OUTER_BOUND('',#265,.T.);
#152=FACE_OUTER_BOUND('',#266,.T.);
#153=FACE_OUTER_BOUND('',#267,.T.);
#154=FACE_OUTER_BOUND('',#268,.T.);
#155=FACE_OUTER_BOUND('',#269,.T.);
#156=FACE_OUTER_BOUND('',#270,.T.);
#157=FACE_OUTER_BOUND('',#271,.T.);
#158=FACE_OUTER_BOUND('',#272,.T.);
#159=FACE_OUTER_BOUND('',#273,.T.);
#160=FACE_OUTER_BOUND('',#274,.T.);
#161=FACE_OUTER_BOUND('',#275,.T.);
#162=FACE_OUTER_BOUND('',#276,.T.);
#163=FACE_OUTER_BOUND('',#281,.T.);
#164=FACE_OUTER_BOUND('',#284,.T.);
#165=FACE_OUTER_BOUND('',#285,.T.);
#166=FACE_OUTER_BOUND('',#286,.T.);
#167=FACE_OUTER_BOUND('',#287,.T.);
#168=FACE_OUTER_BOUND('',#288,.T.);
#169=FACE_OUTER_BOUND('',#289,.T.);
#170=FACE_OUTER_BOUND('',#290,.T.);
#171=FACE_OUTER_BOUND('',#291,.T.);
#172=FACE_OUTER_BOUND('',#292,.T.);
#173=FACE_OUTER_BOUND('',#293,.T.);
#174=FACE_OUTER_BOUND('',#294,.T.);
#175=FACE_OUTER_BOUND('',#295,.T.);
#176=FACE_OUTER_BOUND('',#296,.T.);
#177=FACE_OUTER_BOUND('',#297,.T.);
#178=FACE_OUTER_BOUND('',#298,.T.);
#179=FACE_OUTER_BOUND('',#299,.T.);
#180=FACE_OUTER_BOUND('',#300,.T.);
#181=FACE_OUTER_BOUND('',#301,.T.);
#182=FACE_OUTER_BOUND('',#302,.T.);
#183=FACE_OUTER_BOUND('',#303,.T.);
#184=FACE_OUTER_BOUND('',#304,.T.);
#185=FACE_OUTER_BOUND('',#305,.T.);
#186=FACE_OUTER_BOUND('',#306,.T.);
#187=FACE_OUTER_BOUND('',#307,.T.);
#188=FACE_OUTER_BOUND('',#308,.T.);
#189=FACE_OUTER_BOUND('',#311,.T.);
#190=FACE_OUTER_BOUND('',#312,.T.);
#191=FACE_OUTER_BOUND('',#313,.T.);
#192=FACE_OUTER_BOUND('',#314,.T.);
#193=FACE_OUTER_BOUND('',#315,.T.);
#194=FACE_OUTER_BOUND('',#316,.T.);
#195=FACE_OUTER_BOUND('',#317,.T.);
#196=FACE_OUTER_BOUND('',#318,.T.);
#197=FACE_OUTER_BOUND('',#319,.T.);
#198=FACE_OUTER_BOUND('',#321,.T.);
#199=FACE_OUTER_BOUND('',#323,.T.);
#200=FACE_OUTER_BOUND('',#324,.T.);
#201=FACE_OUTER_BOUND('',#325,.T.);
#202=FACE_OUTER_BOUND('',#326,.T.);
#203=FACE_OUTER_BOUND('',#328,.T.);
#204=FACE_OUTER_BOUND('',#330,.T.);
#205=FACE_OUTER_BOUND('',#331,.T.);
#206=FACE_OUTER_BOUND('',#332,.T.);
#207=FACE_OUTER_BOUND('',#333,.T.);
#208=FACE_OUTER_BOUND('',#335,.T.);
#209=FACE_OUTER_BOUND('',#337,.T.);
#210=FACE_OUTER_BOUND('',#338,.T.);
#211=FACE_OUTER_BOUND('',#339,.T.);
#212=FACE_OUTER_BOUND('',#340,.T.);
#213=FACE_OUTER_BOUND('',#342,.T.);
#214=FACE_OUTER_BOUND('',#344,.T.);
#215=FACE_OUTER_BOUND('',#345,.T.);
#216=FACE_OUTER_BOUND('',#346,.T.);
#217=FACE_OUTER_BOUND('',#347,.T.);
#218=FACE_OUTER_BOUND('',#348,.T.);
#219=FACE_OUTER_BOUND('',#349,.T.);
#220=FACE_OUTER_BOUND('',#352,.T.);
#221=FACE_OUTER_BOUND('',#353,.T.);
#222=FACE_OUTER_BOUND('',#354,.T.);
#223=FACE_OUTER_BOUND('',#355,.T.);
#224=FACE_OUTER_BOUND('',#356,.T.);
#225=FACE_OUTER_BOUND('',#357,.T.);
#226=FACE_OUTER_BOUND('',#358,.T.);
#227=FACE_OUTER_BOUND('',#361,.T.);
#228=FACE_OUTER_BOUND('',#362,.T.);
#229=FACE_OUTER_BOUND('',#363,.T.);
#230=FACE_OUTER_BOUND('',#364,.T.);
#231=FACE_OUTER_BOUND('',#365,.T.);
#232=FACE_OUTER_BOUND('',#366,.T.);
#233=FACE_OUTER_BOUND('',#368,.T.);
#234=FACE_OUTER_BOUND('',#369,.T.);
#235=FACE_OUTER_BOUND('',#371,.T.);
#236=FACE_OUTER_BOUND('',#372,.T.);
#237=FACE_OUTER_BOUND('',#374,.T.);
#238=FACE_OUTER_BOUND('',#375,.T.);
#239=FACE_OUTER_BOUND('',#377,.T.);
#240=FACE_OUTER_BOUND('',#378,.T.);
#241=FACE_OUTER_BOUND('',#379,.T.);
#242=FACE_OUTER_BOUND('',#380,.T.);
#243=FACE_OUTER_BOUND('',#381,.T.);
#244=FACE_OUTER_BOUND('',#382,.T.);
#245=FACE_OUTER_BOUND('',#383,.T.);
#246=FACE_OUTER_BOUND('',#384,.T.);
#247=FACE_OUTER_BOUND('',#385,.T.);
#248=FACE_OUTER_BOUND('',#386,.T.);
#249=FACE_OUTER_BOUND('',#387,.T.);
#250=FACE_OUTER_BOUND('',#388,.T.);
#251=FACE_OUTER_BOUND('',#389,.T.);
#252=FACE_OUTER_BOUND('',#390,.T.);
#253=FACE_OUTER_BOUND('',#391,.T.);
#254=FACE_OUTER_BOUND('',#392,.T.);
#255=FACE_OUTER_BOUND('',#393,.T.);
#256=FACE_OUTER_BOUND('',#394,.T.);
#257=FACE_OUTER_BOUND('',#395,.T.);
#258=FACE_OUTER_BOUND('',#396,.T.);
#259=FACE_OUTER_BOUND('',#397,.T.);
#260=FACE_OUTER_BOUND('',#398,.T.);
#261=FACE_OUTER_BOUND('',#399,.T.);
#262=FACE_OUTER_BOUND('',#400,.T.);
#263=FACE_OUTER_BOUND('',#405,.T.);
#264=EDGE_LOOP('',(#1360,#1361,#1362,#1363));
#265=EDGE_LOOP('',(#1364,#1365,#1366,#1367,#1368,#1369,#1370,#1371));
#266=EDGE_LOOP('',(#1372,#1373,#1374,#1375,#1376,#1377));
#267=EDGE_LOOP('',(#1378,#1379,#1380,#1381,#1382,#1383));
#268=EDGE_LOOP('',(#1384,#1385,#1386,#1387,#1388,#1389,#1390,#1391));
#269=EDGE_LOOP('',(#1392,#1393,#1394,#1395,#1396,#1397));
#270=EDGE_LOOP('',(#1398,#1399,#1400,#1401,#1402));
#271=EDGE_LOOP('',(#1403,#1404,#1405,#1406,#1407,#1408));
#272=EDGE_LOOP('',(#1409,#1410,#1411,#1412,#1413));
#273=EDGE_LOOP('',(#1414,#1415,#1416,#1417));
#274=EDGE_LOOP('',(#1418,#1419,#1420,#1421,#1422));
#275=EDGE_LOOP('',(#1423,#1424,#1425,#1426,#1427));
#276=EDGE_LOOP('',(#1428,#1429,#1430,#1431));
#277=EDGE_LOOP('',(#1432));
#278=EDGE_LOOP('',(#1433));
#279=EDGE_LOOP('',(#1434));
#280=EDGE_LOOP('',(#1435));
#281=EDGE_LOOP('',(#1436,#1437,#1438,#1439,#1440,#1441,#1442));
#282=EDGE_LOOP('',(#1443,#1444,#1445,#1446));
#283=EDGE_LOOP('',(#1447,#1448,#1449,#1450));
#284=EDGE_LOOP('',(#1451,#1452,#1453,#1454));
#285=EDGE_LOOP('',(#1455,#1456,#1457,#1458));
#286=EDGE_LOOP('',(#1459,#1460,#1461,#1462));
#287=EDGE_LOOP('',(#1463,#1464,#1465,#1466));
#288=EDGE_LOOP('',(#1467,#1468,#1469,#1470));
#289=EDGE_LOOP('',(#1471,#1472,#1473,#1474));
#290=EDGE_LOOP('',(#1475,#1476,#1477,#1478,#1479,#1480,#1481,#1482));
#291=EDGE_LOOP('',(#1483,#1484,#1485,#1486));
#292=EDGE_LOOP('',(#1487,#1488,#1489,#1490,#1491,#1492,#1493,#1494));
#293=EDGE_LOOP('',(#1495,#1496,#1497,#1498,#1499,#1500,#1501,#1502));
#294=EDGE_LOOP('',(#1503,#1504,#1505,#1506));
#295=EDGE_LOOP('',(#1507,#1508,#1509,#1510));
#296=EDGE_LOOP('',(#1511,#1512,#1513,#1514));
#297=EDGE_LOOP('',(#1515,#1516,#1517,#1518));
#298=EDGE_LOOP('',(#1519,#1520,#1521,#1522));
#299=EDGE_LOOP('',(#1523,#1524));
#300=EDGE_LOOP('',(#1525,#1526,#1527,#1528));
#301=EDGE_LOOP('',(#1529,#1530,#1531,#1532));
#302=EDGE_LOOP('',(#1533,#1534,#1535,#1536));
#303=EDGE_LOOP('',(#1537,#1538,#1539,#1540,#1541,#1542,#1543,#1544));
#304=EDGE_LOOP('',(#1545,#1546,#1547,#1548));
#305=EDGE_LOOP('',(#1549,#1550,#1551,#1552));
#306=EDGE_LOOP('',(#1553,#1554));
#307=EDGE_LOOP('',(#1555,#1556,#1557,#1558));
#308=EDGE_LOOP('',(#1559,#1560,#1561,#1562,#1563,#1564,#1565,#1566,#1567,
#1568,#1569,#1570,#1571,#1572,#1573,#1574,#1575,#1576,#1577,#1578,#1579,
#1580,#1581,#1582,#1583,#1584));
#309=EDGE_LOOP('',(#1585,#1586));
#310=EDGE_LOOP('',(#1587,#1588));
#311=EDGE_LOOP('',(#1589,#1590,#1591,#1592,#1593,#1594));
#312=EDGE_LOOP('',(#1595,#1596,#1597,#1598,#1599));
#313=EDGE_LOOP('',(#1600,#1601,#1602,#1603,#1604,#1605));
#314=EDGE_LOOP('',(#1606,#1607,#1608,#1609,#1610));
#315=EDGE_LOOP('',(#1611,#1612,#1613,#1614));
#316=EDGE_LOOP('',(#1615,#1616,#1617,#1618));
#317=EDGE_LOOP('',(#1619,#1620,#1621,#1622));
#318=EDGE_LOOP('',(#1623,#1624,#1625,#1626));
#319=EDGE_LOOP('',(#1627,#1628,#1629,#1630));
#320=EDGE_LOOP('',(#1631));
#321=EDGE_LOOP('',(#1632,#1633,#1634,#1635));
#322=EDGE_LOOP('',(#1636));
#323=EDGE_LOOP('',(#1637,#1638,#1639,#1640));
#324=EDGE_LOOP('',(#1641,#1642,#1643,#1644));
#325=EDGE_LOOP('',(#1645,#1646,#1647,#1648));
#326=EDGE_LOOP('',(#1649,#1650,#1651,#1652));
#327=EDGE_LOOP('',(#1653));
#328=EDGE_LOOP('',(#1654,#1655,#1656,#1657));
#329=EDGE_LOOP('',(#1658));
#330=EDGE_LOOP('',(#1659,#1660,#1661,#1662));
#331=EDGE_LOOP('',(#1663,#1664,#1665,#1666));
#332=EDGE_LOOP('',(#1667,#1668,#1669,#1670));
#333=EDGE_LOOP('',(#1671,#1672,#1673,#1674));
#334=EDGE_LOOP('',(#1675));
#335=EDGE_LOOP('',(#1676,#1677,#1678,#1679));
#336=EDGE_LOOP('',(#1680));
#337=EDGE_LOOP('',(#1681,#1682,#1683,#1684));
#338=EDGE_LOOP('',(#1685,#1686,#1687,#1688));
#339=EDGE_LOOP('',(#1689,#1690,#1691,#1692));
#340=EDGE_LOOP('',(#1693,#1694,#1695,#1696));
#341=EDGE_LOOP('',(#1697));
#342=EDGE_LOOP('',(#1698,#1699,#1700,#1701));
#343=EDGE_LOOP('',(#1702));
#344=EDGE_LOOP('',(#1703,#1704,#1705,#1706));
#345=EDGE_LOOP('',(#1707,#1708,#1709,#1710));
#346=EDGE_LOOP('',(#1711,#1712,#1713,#1714));
#347=EDGE_LOOP('',(#1715,#1716,#1717,#1718));
#348=EDGE_LOOP('',(#1719,#1720,#1721,#1722));
#349=EDGE_LOOP('',(#1723,#1724,#1725,#1726,#1727,#1728,#1729));
#350=EDGE_LOOP('',(#1730,#1731,#1732,#1733));
#351=EDGE_LOOP('',(#1734,#1735,#1736,#1737));
#352=EDGE_LOOP('',(#1738,#1739,#1740,#1741,#1742,#1743));
#353=EDGE_LOOP('',(#1744,#1745,#1746,#1747,#1748,#1749,#1750,#1751,#1752,
#1753,#1754,#1755,#1756,#1757,#1758,#1759));
#354=EDGE_LOOP('',(#1760,#1761,#1762,#1763));
#355=EDGE_LOOP('',(#1764,#1765,#1766,#1767,#1768,#1769));
#356=EDGE_LOOP('',(#1770,#1771,#1772,#1773,#1774,#1775,#1776,#1777,#1778,
#1779,#1780,#1781,#1782,#1783,#1784,#1785));
#357=EDGE_LOOP('',(#1786,#1787));
#358=EDGE_LOOP('',(#1788,#1789,#1790,#1791,#1792,#1793,#1794,#1795,#1796,
#1797,#1798,#1799,#1800,#1801,#1802,#1803,#1804,#1805,#1806,#1807,#1808,
#1809,#1810,#1811,#1812,#1813));
#359=EDGE_LOOP('',(#1814,#1815));
#360=EDGE_LOOP('',(#1816,#1817));
#361=EDGE_LOOP('',(#1818,#1819,#1820,#1821));
#362=EDGE_LOOP('',(#1822,#1823,#1824,#1825));
#363=EDGE_LOOP('',(#1826,#1827,#1828,#1829));
#364=EDGE_LOOP('',(#1830,#1831,#1832,#1833,#1834,#1835));
#365=EDGE_LOOP('',(#1836,#1837,#1838,#1839));
#366=EDGE_LOOP('',(#1840));
#367=EDGE_LOOP('',(#1841));
#368=EDGE_LOOP('',(#1842,#1843,#1844,#1845));
#369=EDGE_LOOP('',(#1846));
#370=EDGE_LOOP('',(#1847));
#371=EDGE_LOOP('',(#1848,#1849,#1850,#1851));
#372=EDGE_LOOP('',(#1852));
#373=EDGE_LOOP('',(#1853));
#374=EDGE_LOOP('',(#1854,#1855,#1856,#1857));
#375=EDGE_LOOP('',(#1858));
#376=EDGE_LOOP('',(#1859));
#377=EDGE_LOOP('',(#1860,#1861,#1862,#1863,#1864));
#378=EDGE_LOOP('',(#1865,#1866,#1867,#1868,#1869,#1870));
#379=EDGE_LOOP('',(#1871,#1872,#1873,#1874,#1875));
#380=EDGE_LOOP('',(#1876,#1877,#1878,#1879,#1880,#1881));
#381=EDGE_LOOP('',(#1882,#1883,#1884,#1885,#1886,#1887,#1888,#1889));
#382=EDGE_LOOP('',(#1890,#1891));
#383=EDGE_LOOP('',(#1892,#1893,#1894,#1895));
#384=EDGE_LOOP('',(#1896,#1897,#1898,#1899));
#385=EDGE_LOOP('',(#1900,#1901,#1902,#1903));
#386=EDGE_LOOP('',(#1904,#1905,#1906,#1907));
#387=EDGE_LOOP('',(#1908,#1909,#1910,#1911));
#388=EDGE_LOOP('',(#1912,#1913,#1914,#1915));
#389=EDGE_LOOP('',(#1916,#1917,#1918,#1919,#1920,#1921));
#390=EDGE_LOOP('',(#1922,#1923,#1924,#1925));
#391=EDGE_LOOP('',(#1926,#1927,#1928,#1929));
#392=EDGE_LOOP('',(#1930,#1931,#1932,#1933));
#393=EDGE_LOOP('',(#1934,#1935,#1936,#1937));
#394=EDGE_LOOP('',(#1938,#1939,#1940,#1941));
#395=EDGE_LOOP('',(#1942,#1943,#1944,#1945,#1946,#1947));
#396=EDGE_LOOP('',(#1948,#1949,#1950,#1951));
#397=EDGE_LOOP('',(#1952,#1953,#1954,#1955));
#398=EDGE_LOOP('',(#1956,#1957,#1958,#1959));
#399=EDGE_LOOP('',(#1960,#1961,#1962,#1963));
#400=EDGE_LOOP('',(#1964,#1965,#1966,#1967));
#401=EDGE_LOOP('',(#1968));
#402=EDGE_LOOP('',(#1969));
#403=EDGE_LOOP('',(#1970));
#404=EDGE_LOOP('',(#1971));
#405=EDGE_LOOP('',(#1972,#1973,#1974,#1975));
#406=CIRCLE('',#2151,3.00000000000001);
#407=CIRCLE('',#2152,3.00000000000001);
#408=CIRCLE('',#2155,0.999999999999998);
#409=CIRCLE('',#2156,0.999999999999998);
#410=CIRCLE('',#2160,1.00000000000001);
#411=CIRCLE('',#2163,1.00000000000001);
#412=CIRCLE('',#2165,72.);
#413=CIRCLE('',#2166,72.);
#414=CIRCLE('',#2168,75.);
#415=CIRCLE('',#2172,75.);
#416=CIRCLE('',#2180,0.0999999999999761);
#417=CIRCLE('',#2181,70.9);
#418=CIRCLE('',#2182,0.0999999999999923);
#419=CIRCLE('',#2184,0.900000000000002);
#420=CIRCLE('',#2185,0.999999999999992);
#421=CIRCLE('',#2187,0.900000000000041);
#422=CIRCLE('',#2188,70.);
#423=CIRCLE('',#2189,0.899999999999999);
#424=CIRCLE('',#2190,0.999999999999976);
#425=CIRCLE('',#2192,0.9);
#426=CIRCLE('',#2195,0.999999999999992);
#427=CIRCLE('',#2197,70.);
#428=CIRCLE('',#2199,0.999999999999976);
#429=CIRCLE('',#2203,0.9);
#430=CIRCLE('',#2204,0.899999999999999);
#431=CIRCLE('',#2205,0.0999999999999761);
#432=CIRCLE('',#2206,0.900000000000004);
#433=CIRCLE('',#2208,70.9);
#434=CIRCLE('',#2209,0.900000000000006);
#435=CIRCLE('',#2210,0.0999999999999923);
#436=CIRCLE('',#2212,11.);
#437=CIRCLE('',#2214,11.);
#438=CIRCLE('',#2215,11.);
#439=CIRCLE('',#2217,11.);
#440=CIRCLE('',#2218,11.);
#441=CIRCLE('',#2221,1.6);
#442=CIRCLE('',#2222,1.6);
#443=CIRCLE('',#2225,11.);
#444=CIRCLE('',#2226,11.);
#445=CIRCLE('',#2228,11.);
#446=CIRCLE('',#2231,11.);
#447=CIRCLE('',#2232,11.);
#448=CIRCLE('',#2234,1.6);
#449=CIRCLE('',#2236,1.6);
#450=CIRCLE('',#2238,1.6);
#451=CIRCLE('',#2240,1.6);
#452=CIRCLE('',#2242,1.6);
#453=CIRCLE('',#2244,1.6);
#454=CIRCLE('',#2246,1.6);
#455=CIRCLE('',#2248,1.6);
#456=CIRCLE('',#2270,0.9);
#457=CIRCLE('',#2272,0.9);
#458=CIRCLE('',#2277,3.00000000000001);
#459=CIRCLE('',#2278,3.00000000000001);
#460=CIRCLE('',#2281,0.9);
#461=CIRCLE('',#2282,0.9);
#462=CIRCLE('',#2283,0.9);
#463=CIRCLE('',#2284,0.9);
#464=CIRCLE('',#2286,11.);
#465=CIRCLE('',#2288,11.);
#466=CIRCLE('',#2289,11.);
#467=CIRCLE('',#2290,11.);
#468=CIRCLE('',#2291,11.);
#469=CIRCLE('',#2292,11.);
#470=CIRCLE('',#2293,11.);
#471=CIRCLE('',#2294,11.);
#472=CIRCLE('',#2295,11.);
#473=CIRCLE('',#2296,11.);
#474=CIRCLE('',#2298,0.900000000000003);
#475=CIRCLE('',#2301,0.899999999999999);
#476=CIRCLE('',#2303,0.0999999999999963);
#477=CIRCLE('',#2304,0.0999999999999963);
#478=CIRCLE('',#2306,3.);
#479=CIRCLE('',#2307,3.);
#480=CIRCLE('',#2309,1.6);
#481=CIRCLE('',#2311,3.);
#482=CIRCLE('',#2312,3.);
#483=CIRCLE('',#2314,1.6);
#484=CIRCLE('',#2316,3.);
#485=CIRCLE('',#2317,3.);
#486=CIRCLE('',#2319,1.6);
#487=CIRCLE('',#2321,3.);
#488=CIRCLE('',#2322,3.);
#489=CIRCLE('',#2324,1.6);
#490=CIRCLE('',#2327,1.6);
#491=CIRCLE('',#2330,1.6);
#492=CIRCLE('',#2340,0.900000000000016);
#493=CIRCLE('',#2341,0.0999999999999963);
#494=CIRCLE('',#2342,0.999999999999996);
#495=CIRCLE('',#2344,0.899999999999999);
#496=CIRCLE('',#2345,0.899999999999999);
#497=CIRCLE('',#2346,0.0999999999999963);
#498=CIRCLE('',#2347,0.999999999999996);
#499=CIRCLE('',#2350,0.999999999999996);
#500=CIRCLE('',#2353,0.899999999999999);
#501=CIRCLE('',#2354,0.900000000000016);
#502=CIRCLE('',#2355,0.999999999999996);
#503=CIRCLE('',#2357,0.899999999999999);
#504=LINE('',#2960,#678);
#505=LINE('',#2964,#679);
#506=LINE('',#2968,#680);
#507=LINE('',#2970,#681);
#508=LINE('',#2972,#682);
#509=LINE('',#2974,#683);
#510=LINE('',#2976,#684);
#511=LINE('',#2978,#685);
#512=LINE('',#2979,#686);
#513=LINE('',#2985,#687);
#514=LINE('',#2997,#688);
#515=LINE('',#3002,#689);
#516=LINE('',#3015,#690);
#517=LINE('',#3033,#691);
#518=LINE('',#3041,#692);
#519=LINE('',#3043,#693);
#520=LINE('',#3046,#694);
#521=LINE('',#3049,#695);
#522=LINE('',#3050,#696);
#523=LINE('',#3055,#697);
#524=LINE('',#3058,#698);
#525=LINE('',#3060,#699);
#526=LINE('',#3061,#700);
#527=LINE('',#3081,#701);
#528=LINE('',#3242,#702);
#529=LINE('',#3244,#703);
#530=LINE('',#3252,#704);
#531=LINE('',#3253,#705);
#532=LINE('',#3256,#706);
#533=LINE('',#3258,#707);
#534=LINE('',#3260,#708);
#535=LINE('',#3261,#709);
#536=LINE('',#3264,#710);
#537=LINE('',#3266,#711);
#538=LINE('',#3268,#712);
#539=LINE('',#3269,#713);
#540=LINE('',#3272,#714);
#541=LINE('',#3273,#715);
#542=LINE('',#3331,#716);
#543=LINE('',#3373,#717);
#544=LINE('',#3377,#718);
#545=LINE('',#3381,#719);
#546=LINE('',#3382,#720);
#547=LINE('',#3385,#721);
#548=LINE('',#3386,#722);
#549=LINE('',#3390,#723);
#550=LINE('',#3446,#724);
#551=LINE('',#3489,#725);
#552=LINE('',#3496,#726);
#553=LINE('',#3499,#727);
#554=LINE('',#3505,#728);
#555=LINE('',#3508,#729);
#556=LINE('',#3510,#730);
#557=LINE('',#3511,#731);
#558=LINE('',#3517,#732);
#559=LINE('',#3519,#733);
#560=LINE('',#3521,#734);
#561=LINE('',#3524,#735);
#562=LINE('',#3525,#736);
#563=LINE('',#3529,#737);
#564=LINE('',#3531,#738);
#565=LINE('',#3533,#739);
#566=LINE('',#3534,#740);
#567=LINE('',#3539,#741);
#568=LINE('',#3544,#742);
#569=LINE('',#3545,#743);
#570=LINE('',#3548,#744);
#571=LINE('',#3619,#745);
#572=LINE('',#3706,#746);
#573=LINE('',#3710,#747);
#574=LINE('',#3714,#748);
#575=LINE('',#3718,#749);
#576=LINE('',#3723,#750);
#577=LINE('',#3727,#751);
#578=LINE('',#3731,#752);
#579=LINE('',#3735,#753);
#580=LINE('',#3739,#754);
#581=LINE('',#3740,#755);
#582=LINE('',#3741,#756);
#583=LINE('',#3745,#757);
#584=LINE('',#3746,#758);
#585=LINE('',#3747,#759);
#586=LINE('',#3749,#760);
#587=LINE('',#3750,#761);
#588=LINE('',#3756,#762);
#589=LINE('',#3758,#763);
#590=LINE('',#3760,#764);
#591=LINE('',#3761,#765);
#592=LINE('',#3765,#766);
#593=LINE('',#3767,#767);
#594=LINE('',#3769,#768);
#595=LINE('',#3770,#769);
#596=LINE('',#3772,#770);
#597=LINE('',#3773,#771);
#598=LINE('',#3775,#772);
#599=LINE('',#3777,#773);
#600=LINE('',#3781,#774);
#601=LINE('',#3783,#775);
#602=LINE('',#3785,#776);
#603=LINE('',#3786,#777);
#604=LINE('',#3790,#778);
#605=LINE('',#3792,#779);
#606=LINE('',#3794,#780);
#607=LINE('',#3795,#781);
#608=LINE('',#3797,#782);
#609=LINE('',#3798,#783);
#610=LINE('',#3800,#784);
#611=LINE('',#3802,#785);
#612=LINE('',#3805,#786);
#613=LINE('',#3807,#787);
#614=LINE('',#3808,#788);
#615=LINE('',#3811,#789);
#616=LINE('',#3813,#790);
#617=LINE('',#3814,#791);
#618=LINE('',#3816,#792);
#619=LINE('',#3818,#793);
#620=LINE('',#3825,#794);
#621=LINE('',#3827,#795);
#622=LINE('',#3829,#796);
#623=LINE('',#3830,#797);
#624=LINE('',#3835,#798);
#625=LINE('',#3839,#799);
#626=LINE('',#3843,#800);
#627=LINE('',#3845,#801);
#628=LINE('',#3847,#802);
#629=LINE('',#3849,#803);
#630=LINE('',#3850,#804);
#631=LINE('',#3855,#805);
#632=LINE('',#3859,#806);
#633=LINE('',#3863,#807);
#634=LINE('',#3866,#808);
#635=LINE('',#3868,#809);
#636=LINE('',#3870,#810);
#637=LINE('',#3872,#811);
#638=LINE('',#3873,#812);
#639=LINE('',#3880,#813);
#640=LINE('',#3917,#814);
#641=LINE('',#3921,#815);
#642=LINE('',#3925,#816);
#643=LINE('',#3929,#817);
#644=LINE('',#3933,#818);
#645=LINE('',#3937,#819);
#646=LINE('',#3941,#820);
#647=LINE('',#3945,#821);
#648=LINE('',#3981,#822);
#649=LINE('',#4069,#823);
#650=LINE('',#4072,#824);
#651=LINE('',#4075,#825);
#652=LINE('',#4076,#826);
#653=LINE('',#4079,#827);
#654=LINE('',#4083,#828);
#655=LINE('',#4087,#829);
#656=LINE('',#4093,#830);
#657=LINE('',#4102,#831);
#658=LINE('',#4111,#832);
#659=LINE('',#4120,#833);
#660=LINE('',#4126,#834);
#661=LINE('',#4128,#835);
#662=LINE('',#4131,#836);
#663=LINE('',#4133,#837);
#664=LINE('',#4136,#838);
#665=LINE('',#4137,#839);
#666=LINE('',#4139,#840);
#667=LINE('',#4141,#841);
#668=LINE('',#4143,#842);
#669=LINE('',#4145,#843);
#670=LINE('',#4147,#844);
#671=LINE('',#4148,#845);
#672=LINE('',#4170,#846);
#673=LINE('',#4171,#847);
#674=LINE('',#4186,#848);
#675=LINE('',#4190,#849);
#676=LINE('',#4208,#850);
#677=LINE('',#4219,#851);
#678=VECTOR('',#2364,10.);
#679=VECTOR('',#2367,10.);
#680=VECTOR('',#2372,10.);
#681=VECTOR('',#2373,10.);
#682=VECTOR('',#2374,10.);
#683=VECTOR('',#2375,10.);
#684=VECTOR('',#2376,10.);
#685=VECTOR('',#2377,10.);
#686=VECTOR('',#2378,10.);
#687=VECTOR('',#2383,10.);
#688=VECTOR('',#2396,10.);
#689=VECTOR('',#2401,10.);
#690=VECTOR('',#2406,10.);
#691=VECTOR('',#2409,10.);
#692=VECTOR('',#2412,10.);
#693=VECTOR('',#2415,10.);
#694=VECTOR('',#2418,10.);
#695=VECTOR('',#2423,10.);
#696=VECTOR('',#2424,10.);
#697=VECTOR('',#2431,10.);
#698=VECTOR('',#2434,10.);
#699=VECTOR('',#2435,10.);
#700=VECTOR('',#2436,10.);
#701=VECTOR('',#2441,10.);
#702=VECTOR('',#2446,10.);
#703=VECTOR('',#2447,10.);
#704=VECTOR('',#2454,10.);
#705=VECTOR('',#2455,10.);
#706=VECTOR('',#2456,10.);
#707=VECTOR('',#2457,10.);
#708=VECTOR('',#2458,10.);
#709=VECTOR('',#2459,10.);
#710=VECTOR('',#2460,10.);
#711=VECTOR('',#2461,10.);
#712=VECTOR('',#2462,10.);
#713=VECTOR('',#2463,10.);
#714=VECTOR('',#2466,10.);
#715=VECTOR('',#2467,10.);
#716=VECTOR('',#2486,10.);
#717=VECTOR('',#2493,10.);
#718=VECTOR('',#2498,10.);
#719=VECTOR('',#2503,10.);
#720=VECTOR('',#2504,10.);
#721=VECTOR('',#2507,10.);
#722=VECTOR('',#2508,10.);
#723=VECTOR('',#2511,10.);
#724=VECTOR('',#2516,10.);
#725=VECTOR('',#2533,10.);
#726=VECTOR('',#2540,10.);
#727=VECTOR('',#2543,10.);
#728=VECTOR('',#2548,10.);
#729=VECTOR('',#2551,10.);
#730=VECTOR('',#2554,10.);
#731=VECTOR('',#2555,10.);
#732=VECTOR('',#2560,10.);
#733=VECTOR('',#2561,10.);
#734=VECTOR('',#2562,10.);
#735=VECTOR('',#2565,10.);
#736=VECTOR('',#2566,10.);
#737=VECTOR('',#2569,10.);
#738=VECTOR('',#2570,10.);
#739=VECTOR('',#2571,10.);
#740=VECTOR('',#2572,10.);
#741=VECTOR('',#2577,10.);
#742=VECTOR('',#2586,10.);
#743=VECTOR('',#2587,10.);
#744=VECTOR('',#2590,10.);
#745=VECTOR('',#2595,10.);
#746=VECTOR('',#2598,1.6);
#747=VECTOR('',#2603,1.6);
#748=VECTOR('',#2608,1.6);
#749=VECTOR('',#2613,1.6);
#750=VECTOR('',#2620,1.6);
#751=VECTOR('',#2625,1.6);
#752=VECTOR('',#2630,1.6);
#753=VECTOR('',#2635,1.6);
#754=VECTOR('',#2638,10.);
#755=VECTOR('',#2639,10.);
#756=VECTOR('',#2640,10.);
#757=VECTOR('',#2643,10.);
#758=VECTOR('',#2644,10.);
#759=VECTOR('',#2645,10.);
#760=VECTOR('',#2648,10.);
#761=VECTOR('',#2649,10.);
#762=VECTOR('',#2656,10.);
#763=VECTOR('',#2657,10.);
#764=VECTOR('',#2658,10.);
#765=VECTOR('',#2659,10.);
#766=VECTOR('',#2662,10.);
#767=VECTOR('',#2663,10.);
#768=VECTOR('',#2664,10.);
#769=VECTOR('',#2665,10.);
#770=VECTOR('',#2668,10.);
#771=VECTOR('',#2669,10.);
#772=VECTOR('',#2672,10.);
#773=VECTOR('',#2675,10.);
#774=VECTOR('',#2678,10.);
#775=VECTOR('',#2679,10.);
#776=VECTOR('',#2680,10.);
#777=VECTOR('',#2681,10.);
#778=VECTOR('',#2684,10.);
#779=VECTOR('',#2685,10.);
#780=VECTOR('',#2686,10.);
#781=VECTOR('',#2687,10.);
#782=VECTOR('',#2690,10.);
#783=VECTOR('',#2691,10.);
#784=VECTOR('',#2694,10.);
#785=VECTOR('',#2697,10.);
#786=VECTOR('',#2700,10.);
#787=VECTOR('',#2701,10.);
#788=VECTOR('',#2702,10.);
#789=VECTOR('',#2705,10.);
#790=VECTOR('',#2706,10.);
#791=VECTOR('',#2707,10.);
#792=VECTOR('',#2710,10.);
#793=VECTOR('',#2713,10.);
#794=VECTOR('',#2724,10.);
#795=VECTOR('',#2727,10.);
#796=VECTOR('',#2730,10.);
#797=VECTOR('',#2731,10.);
#798=VECTOR('',#2736,10.);
#799=VECTOR('',#2739,10.);
#800=VECTOR('',#2744,10.);
#801=VECTOR('',#2745,10.);
#802=VECTOR('',#2746,10.);
#803=VECTOR('',#2747,10.);
#804=VECTOR('',#2748,10.);
#805=VECTOR('',#2753,10.);
#806=VECTOR('',#2756,10.);
#807=VECTOR('',#2759,10.);
#808=VECTOR('',#2762,10.);
#809=VECTOR('',#2763,10.);
#810=VECTOR('',#2764,10.);
#811=VECTOR('',#2765,10.);
#812=VECTOR('',#2766,10.);
#813=VECTOR('',#2775,10.);
#814=VECTOR('',#2776,10.);
#815=VECTOR('',#2779,10.);
#816=VECTOR('',#2782,10.);
#817=VECTOR('',#2785,10.);
#818=VECTOR('',#2788,10.);
#819=VECTOR('',#2791,10.);
#820=VECTOR('',#2794,10.);
#821=VECTOR('',#2797,10.);
#822=VECTOR('',#2798,10.);
#823=VECTOR('',#2803,10.);
#824=VECTOR('',#2806,10.);
#825=VECTOR('',#2809,10.);
#826=VECTOR('',#2810,10.);
#827=VECTOR('',#2813,10.);
#828=VECTOR('',#2818,10.);
#829=VECTOR('',#2821,10.);
#830=VECTOR('',#2828,3.);
#831=VECTOR('',#2839,3.);
#832=VECTOR('',#2850,3.);
#833=VECTOR('',#2861,3.);
#834=VECTOR('',#2870,1.6);
#835=VECTOR('',#2873,1.6);
#836=VECTOR('',#2878,1.6);
#837=VECTOR('',#2881,1.6);
#838=VECTOR('',#2886,10.);
#839=VECTOR('',#2887,10.);
#840=VECTOR('',#2890,10.);
#841=VECTOR('',#2893,10.);
#842=VECTOR('',#2896,10.);
#843=VECTOR('',#2899,10.);
#844=VECTOR('',#2902,10.);
#845=VECTOR('',#2903,10.);
#846=VECTOR('',#2920,10.);
#847=VECTOR('',#2921,10.);
#848=VECTOR('',#2930,10.);
#849=VECTOR('',#2935,10.);
#850=VECTOR('',#2950,10.);
#851=VECTOR('',#2953,10.);
#852=VERTEX_POINT('',#2958);
#853=VERTEX_POINT('',#2959);
#854=VERTEX_POINT('',#2961);
#855=VERTEX_POINT('',#2963);
#856=VERTEX_POINT('',#2967);
#857=VERTEX_POINT('',#2969);
#858=VERTEX_POINT('',#2971);
#859=VERTEX_POINT('',#2973);
#860=VERTEX_POINT('',#2975);
#861=VERTEX_POINT('',#2977);
#862=VERTEX_POINT('',#2981);
#863=VERTEX_POINT('',#2982);
#864=VERTEX_POINT('',#2984);
#865=VERTEX_POINT('',#2986);
#866=VERTEX_POINT('',#2991);
#867=VERTEX_POINT('',#2992);
#868=VERTEX_POINT('',#2994);
#869=VERTEX_POINT('',#2996);
#870=VERTEX_POINT('',#2998);
#871=VERTEX_POINT('',#3000);
#872=VERTEX_POINT('',#3004);
#873=VERTEX_POINT('',#3005);
#874=VERTEX_POINT('',#3007);
#875=VERTEX_POINT('',#3014);
#876=VERTEX_POINT('',#3016);
#877=VERTEX_POINT('',#3023);
#878=VERTEX_POINT('',#3025);
#879=VERTEX_POINT('',#3032);
#880=VERTEX_POINT('',#3045);
#881=VERTEX_POINT('',#3053);
#882=VERTEX_POINT('',#3057);
#883=VERTEX_POINT('',#3059);
#884=VERTEX_POINT('',#3080);
#885=VERTEX_POINT('',#3099);
#886=VERTEX_POINT('',#3134);
#887=VERTEX_POINT('',#3169);
#888=VERTEX_POINT('',#3204);
#889=VERTEX_POINT('',#3240);
#890=VERTEX_POINT('',#3241);
#891=VERTEX_POINT('',#3243);
#892=VERTEX_POINT('',#3245);
#893=VERTEX_POINT('',#3247);
#894=VERTEX_POINT('',#3249);
#895=VERTEX_POINT('',#3251);
#896=VERTEX_POINT('',#3254);
#897=VERTEX_POINT('',#3255);
#898=VERTEX_POINT('',#3257);
#899=VERTEX_POINT('',#3259);
#900=VERTEX_POINT('',#3262);
#901=VERTEX_POINT('',#3263);
#902=VERTEX_POINT('',#3265);
#903=VERTEX_POINT('',#3267);
#904=VERTEX_POINT('',#3271);
#905=VERTEX_POINT('',#3289);
#906=VERTEX_POINT('',#3307);
#907=VERTEX_POINT('',#3325);
#908=VERTEX_POINT('',#3329);
#909=VERTEX_POINT('',#3371);
#910=VERTEX_POINT('',#3375);
#911=VERTEX_POINT('',#3379);
#912=VERTEX_POINT('',#3384);
#913=VERTEX_POINT('',#3388);
#914=VERTEX_POINT('',#3389);
#915=VERTEX_POINT('',#3443);
#916=VERTEX_POINT('',#3445);
#917=VERTEX_POINT('',#3463);
#918=VERTEX_POINT('',#3467);
#919=VERTEX_POINT('',#3487);
#920=VERTEX_POINT('',#3488);
#921=VERTEX_POINT('',#3492);
#922=VERTEX_POINT('',#3493);
#923=VERTEX_POINT('',#3495);
#924=VERTEX_POINT('',#3497);
#925=VERTEX_POINT('',#3501);
#926=VERTEX_POINT('',#3502);
#927=VERTEX_POINT('',#3504);
#928=VERTEX_POINT('',#3506);
#929=VERTEX_POINT('',#3513);
#930=VERTEX_POINT('',#3514);
#931=VERTEX_POINT('',#3516);
#932=VERTEX_POINT('',#3518);
#933=VERTEX_POINT('',#3520);
#934=VERTEX_POINT('',#3522);
#935=VERTEX_POINT('',#3527);
#936=VERTEX_POINT('',#3528);
#937=VERTEX_POINT('',#3530);
#938=VERTEX_POINT('',#3532);
#939=VERTEX_POINT('',#3536);
#940=VERTEX_POINT('',#3538);
#941=VERTEX_POINT('',#3547);
#942=VERTEX_POINT('',#3550);
#943=VERTEX_POINT('',#3583);
#944=VERTEX_POINT('',#3617);
#945=VERTEX_POINT('',#3620);
#946=VERTEX_POINT('',#3621);
#947=VERTEX_POINT('',#3662);
#948=VERTEX_POINT('',#3663);
#949=VERTEX_POINT('',#3705);
#950=VERTEX_POINT('',#3709);
#951=VERTEX_POINT('',#3713);
#952=VERTEX_POINT('',#3717);
#953=VERTEX_POINT('',#3721);
#954=VERTEX_POINT('',#3725);
#955=VERTEX_POINT('',#3729);
#956=VERTEX_POINT('',#3733);
#957=VERTEX_POINT('',#3737);
#958=VERTEX_POINT('',#3738);
#959=VERTEX_POINT('',#3743);
#960=VERTEX_POINT('',#3744);
#961=VERTEX_POINT('',#3754);
#962=VERTEX_POINT('',#3755);
#963=VERTEX_POINT('',#3757);
#964=VERTEX_POINT('',#3759);
#965=VERTEX_POINT('',#3763);
#966=VERTEX_POINT('',#3764);
#967=VERTEX_POINT('',#3766);
#968=VERTEX_POINT('',#3768);
#969=VERTEX_POINT('',#3779);
#970=VERTEX_POINT('',#3780);
#971=VERTEX_POINT('',#3782);
#972=VERTEX_POINT('',#3784);
#973=VERTEX_POINT('',#3788);
#974=VERTEX_POINT('',#3789);
#975=VERTEX_POINT('',#3791);
#976=VERTEX_POINT('',#3793);
#977=VERTEX_POINT('',#3804);
#978=VERTEX_POINT('',#3806);
#979=VERTEX_POINT('',#3810);
#980=VERTEX_POINT('',#3812);
#981=VERTEX_POINT('',#3823);
#982=VERTEX_POINT('',#3833);
#983=VERTEX_POINT('',#3834);
#984=VERTEX_POINT('',#3836);
#985=VERTEX_POINT('',#3838);
#986=VERTEX_POINT('',#3842);
#987=VERTEX_POINT('',#3844);
#988=VERTEX_POINT('',#3846);
#989=VERTEX_POINT('',#3848);
#990=VERTEX_POINT('',#3852);
#991=VERTEX_POINT('',#3854);
#992=VERTEX_POINT('',#3856);
#993=VERTEX_POINT('',#3858);
#994=VERTEX_POINT('',#3860);
#995=VERTEX_POINT('',#3862);
#996=VERTEX_POINT('',#3865);
#997=VERTEX_POINT('',#3867);
#998=VERTEX_POINT('',#3869);
#999=VERTEX_POINT('',#3871);
#1000=VERTEX_POINT('',#3877);
#1001=VERTEX_POINT('',#3879);
#1002=VERTEX_POINT('',#3881);
#1003=VERTEX_POINT('',#3888);
#1004=VERTEX_POINT('',#3916);
#1005=VERTEX_POINT('',#3918);
#1006=VERTEX_POINT('',#3920);
#1007=VERTEX_POINT('',#3922);
#1008=VERTEX_POINT('',#3924);
#1009=VERTEX_POINT('',#3926);
#1010=VERTEX_POINT('',#3928);
#1011=VERTEX_POINT('',#3930);
#1012=VERTEX_POINT('',#3932);
#1013=VERTEX_POINT('',#3934);
#1014=VERTEX_POINT('',#3936);
#1015=VERTEX_POINT('',#3938);
#1016=VERTEX_POINT('',#3940);
#1017=VERTEX_POINT('',#3942);
#1018=VERTEX_POINT('',#3944);
#1019=VERTEX_POINT('',#3946);
#1020=VERTEX_POINT('',#3973);
#1021=VERTEX_POINT('',#3980);
#1022=VERTEX_POINT('',#3983);
#1023=VERTEX_POINT('',#3984);
#1024=VERTEX_POINT('',#4025);
#1025=VERTEX_POINT('',#4026);
#1026=VERTEX_POINT('',#4068);
#1027=VERTEX_POINT('',#4070);
#1028=VERTEX_POINT('',#4074);
#1029=VERTEX_POINT('',#4078);
#1030=VERTEX_POINT('',#4082);
#1031=VERTEX_POINT('',#4084);
#1032=VERTEX_POINT('',#4086);
#1033=VERTEX_POINT('',#4090);
#1034=VERTEX_POINT('',#4092);
#1035=VERTEX_POINT('',#4096);
#1036=VERTEX_POINT('',#4099);
#1037=VERTEX_POINT('',#4101);
#1038=VERTEX_POINT('',#4105);
#1039=VERTEX_POINT('',#4108);
#1040=VERTEX_POINT('',#4110);
#1041=VERTEX_POINT('',#4114);
#1042=VERTEX_POINT('',#4117);
#1043=VERTEX_POINT('',#4119);
#1044=VERTEX_POINT('',#4123);
#1045=VERTEX_POINT('',#4161);
#1046=VERTEX_POINT('',#4162);
#1047=VERTEX_POINT('',#4167);
#1048=VERTEX_POINT('',#4168);
#1049=VERTEX_POINT('',#4181);
#1050=VERTEX_POINT('',#4188);
#1051=VERTEX_POINT('',#4203);
#1052=EDGE_CURVE('',#852,#853,#504,.T.);
#1053=EDGE_CURVE('',#854,#852,#406,.T.);
#1054=EDGE_CURVE('',#855,#854,#505,.T.);
#1055=EDGE_CURVE('',#853,#855,#407,.T.);
#1056=EDGE_CURVE('',#856,#855,#506,.T.);
#1057=EDGE_CURVE('',#857,#856,#507,.T.);
#1058=EDGE_CURVE('',#858,#857,#508,.T.);
#1059=EDGE_CURVE('',#859,#858,#509,.T.);
#1060=EDGE_CURVE('',#860,#859,#510,.T.);
#1061=EDGE_CURVE('',#861,#860,#511,.T.);
#1062=EDGE_CURVE('',#853,#861,#512,.T.);
#1063=EDGE_CURVE('',#862,#863,#408,.T.);
#1064=EDGE_CURVE('',#864,#863,#513,.T.);
#1065=EDGE_CURVE('',#864,#865,#409,.T.);
#1066=EDGE_CURVE('',#859,#865,#85,.F.);
#1067=EDGE_CURVE('',#858,#862,#86,.T.);
#1068=EDGE_CURVE('',#866,#867,#410,.T.);
#1069=EDGE_CURVE('',#868,#867,#87,.F.);
#1070=EDGE_CURVE('',#869,#868,#514,.T.);
#1071=EDGE_CURVE('',#870,#869,#88,.F.);
#1072=EDGE_CURVE('',#870,#871,#411,.T.);
#1073=EDGE_CURVE('',#871,#866,#515,.T.);
#1074=EDGE_CURVE('',#872,#873,#412,.T.);
#1075=EDGE_CURVE('',#873,#874,#55,.T.);
#1076=EDGE_CURVE('',#875,#874,#516,.T.);
#1077=EDGE_CURVE('',#875,#876,#56,.T.);
#1078=EDGE_CURVE('',#876,#877,#413,.T.);
#1079=EDGE_CURVE('',#878,#877,#57,.F.);
#1080=EDGE_CURVE('',#879,#878,#517,.F.);
#1081=EDGE_CURVE('',#879,#872,#58,.T.);
#1082=EDGE_CURVE('',#865,#876,#518,.T.);
#1083=EDGE_CURVE('',#871,#864,#414,.T.);
#1084=EDGE_CURVE('',#877,#870,#519,.T.);
#1085=EDGE_CURVE('',#869,#880,#520,.T.);
#1086=EDGE_CURVE('',#880,#878,#89,.F.);
#1087=EDGE_CURVE('',#873,#862,#521,.T.);
#1088=EDGE_CURVE('',#867,#872,#522,.T.);
#1089=EDGE_CURVE('',#863,#866,#415,.T.);
#1090=EDGE_CURVE('',#881,#879,#90,.T.);
#1091=EDGE_CURVE('',#881,#868,#523,.T.);
#1092=EDGE_CURVE('',#860,#882,#524,.T.);
#1093=EDGE_CURVE('',#883,#859,#525,.T.);
#1094=EDGE_CURVE('',#882,#883,#526,.T.);
#1095=EDGE_CURVE('',#883,#875,#59,.T.);
#1096=EDGE_CURVE('',#858,#884,#527,.T.);
#1097=EDGE_CURVE('',#884,#874,#60,.F.);
#1098=EDGE_CURVE('',#885,#885,#61,.T.);
#1099=EDGE_CURVE('',#886,#886,#62,.T.);
#1100=EDGE_CURVE('',#887,#887,#63,.T.);
#1101=EDGE_CURVE('',#888,#888,#64,.T.);
#1102=EDGE_CURVE('',#889,#890,#528,.T.);
#1103=EDGE_CURVE('',#891,#889,#529,.T.);
#1104=EDGE_CURVE('',#892,#891,#416,.T.);
#1105=EDGE_CURVE('',#893,#892,#417,.T.);
#1106=EDGE_CURVE('',#894,#893,#418,.T.);
#1107=EDGE_CURVE('',#895,#894,#530,.T.);
#1108=EDGE_CURVE('',#890,#895,#531,.T.);
#1109=EDGE_CURVE('',#896,#897,#532,.T.);
#1110=EDGE_CURVE('',#897,#898,#533,.T.);
#1111=EDGE_CURVE('',#898,#899,#534,.T.);
#1112=EDGE_CURVE('',#899,#896,#535,.T.);
#1113=EDGE_CURVE('',#900,#901,#536,.T.);
#1114=EDGE_CURVE('',#901,#902,#537,.T.);
#1115=EDGE_CURVE('',#902,#903,#538,.T.);
#1116=EDGE_CURVE('',#903,#900,#539,.T.);
#1117=EDGE_CURVE('',#904,#857,#540,.T.);
#1118=EDGE_CURVE('',#884,#904,#541,.T.);
#1119=EDGE_CURVE('',#905,#893,#419,.T.);
#1120=EDGE_CURVE('',#905,#904,#420,.T.);
#1121=EDGE_CURVE('',#894,#904,#65,.T.);
#1122=EDGE_CURVE('',#906,#892,#421,.T.);
#1123=EDGE_CURVE('',#906,#905,#422,.T.);
#1124=EDGE_CURVE('',#907,#891,#423,.T.);
#1125=EDGE_CURVE('',#907,#906,#424,.T.);
#1126=EDGE_CURVE('',#908,#889,#425,.T.);
#1127=EDGE_CURVE('',#908,#907,#542,.T.);
#1128=EDGE_CURVE('',#857,#895,#66,.T.);
#1129=EDGE_CURVE('',#882,#909,#426,.T.);
#1130=EDGE_CURVE('',#909,#905,#543,.T.);
#1131=EDGE_CURVE('',#909,#910,#427,.T.);
#1132=EDGE_CURVE('',#910,#906,#544,.T.);
#1133=EDGE_CURVE('',#910,#911,#428,.T.);
#1134=EDGE_CURVE('',#881,#907,#545,.T.);
#1135=EDGE_CURVE('',#911,#880,#546,.T.);
#1136=EDGE_CURVE('',#912,#908,#547,.T.);
#1137=EDGE_CURVE('',#911,#912,#548,.T.);
#1138=EDGE_CURVE('',#913,#914,#549,.T.);
#1139=EDGE_CURVE('',#860,#914,#67,.T.);
#1140=EDGE_CURVE('',#913,#882,#68,.T.);
#1141=EDGE_CURVE('',#915,#912,#429,.T.);
#1142=EDGE_CURVE('',#915,#916,#550,.T.);
#1143=EDGE_CURVE('',#911,#916,#430,.T.);
#1144=EDGE_CURVE('',#916,#917,#431,.T.);
#1145=EDGE_CURVE('',#910,#917,#432,.T.);
#1146=EDGE_CURVE('',#917,#918,#433,.T.);
#1147=EDGE_CURVE('',#909,#918,#434,.T.);
#1148=EDGE_CURVE('',#918,#913,#435,.T.);
#1149=EDGE_CURVE('',#919,#920,#551,.T.);
#1150=EDGE_CURVE('',#920,#919,#436,.T.);
#1151=EDGE_CURVE('',#921,#922,#437,.T.);
#1152=EDGE_CURVE('',#923,#921,#552,.T.);
#1153=EDGE_CURVE('',#924,#923,#438,.T.);
#1154=EDGE_CURVE('',#922,#924,#553,.T.);
#1155=EDGE_CURVE('',#925,#926,#439,.T.);
#1156=EDGE_CURVE('',#927,#925,#554,.T.);
#1157=EDGE_CURVE('',#928,#927,#440,.T.);
#1158=EDGE_CURVE('',#926,#928,#555,.T.);
#1159=EDGE_CURVE('',#922,#925,#556,.T.);
#1160=EDGE_CURVE('',#927,#924,#557,.T.);
#1161=EDGE_CURVE('',#929,#930,#441,.T.);
#1162=EDGE_CURVE('',#930,#931,#558,.T.);
#1163=EDGE_CURVE('',#931,#932,#559,.T.);
#1164=EDGE_CURVE('',#933,#932,#560,.T.);
#1165=EDGE_CURVE('',#933,#934,#442,.T.);
#1166=EDGE_CURVE('',#926,#934,#561,.T.);
#1167=EDGE_CURVE('',#928,#929,#562,.T.);
#1168=EDGE_CURVE('',#935,#936,#563,.T.);
#1169=EDGE_CURVE('',#935,#937,#564,.T.);
#1170=EDGE_CURVE('',#938,#937,#565,.T.);
#1171=EDGE_CURVE('',#938,#936,#566,.T.);
#1172=EDGE_CURVE('',#939,#935,#443,.T.);
#1173=EDGE_CURVE('',#940,#939,#567,.T.);
#1174=EDGE_CURVE('',#937,#940,#444,.T.);
#1175=EDGE_CURVE('',#936,#938,#445,.T.);
#1176=EDGE_CURVE('',#940,#921,#568,.T.);
#1177=EDGE_CURVE('',#939,#923,#569,.T.);
#1178=EDGE_CURVE('',#941,#919,#570,.T.);
#1179=EDGE_CURVE('',#941,#931,#446,.T.);
#1180=EDGE_CURVE('',#930,#942,#69,.T.);
#1181=EDGE_CURVE('',#942,#929,#70,.T.);
#1182=EDGE_CURVE('',#934,#943,#71,.T.);
#1183=EDGE_CURVE('',#943,#933,#72,.T.);
#1184=EDGE_CURVE('',#932,#944,#447,.T.);
#1185=EDGE_CURVE('',#920,#944,#571,.T.);
#1186=EDGE_CURVE('',#945,#946,#73,.T.);
#1187=EDGE_CURVE('',#946,#945,#74,.T.);
#1188=EDGE_CURVE('',#947,#948,#75,.T.);
#1189=EDGE_CURVE('',#948,#947,#76,.T.);
#1190=EDGE_CURVE('',#943,#949,#572,.T.);
#1191=EDGE_CURVE('',#949,#949,#448,.T.);
#1192=EDGE_CURVE('',#946,#950,#573,.T.);
#1193=EDGE_CURVE('',#950,#950,#449,.T.);
#1194=EDGE_CURVE('',#942,#951,#574,.T.);
#1195=EDGE_CURVE('',#951,#951,#450,.T.);
#1196=EDGE_CURVE('',#948,#952,#575,.T.);
#1197=EDGE_CURVE('',#952,#952,#451,.T.);
#1198=EDGE_CURVE('',#953,#953,#452,.T.);
#1199=EDGE_CURVE('',#953,#886,#576,.T.);
#1200=EDGE_CURVE('',#954,#954,#453,.T.);
#1201=EDGE_CURVE('',#954,#887,#577,.T.);
#1202=EDGE_CURVE('',#955,#955,#454,.T.);
#1203=EDGE_CURVE('',#955,#888,#578,.T.);
#1204=EDGE_CURVE('',#956,#956,#455,.T.);
#1205=EDGE_CURVE('',#956,#885,#579,.T.);
#1206=EDGE_CURVE('',#957,#958,#580,.T.);
#1207=EDGE_CURVE('',#958,#900,#581,.T.);
#1208=EDGE_CURVE('',#903,#957,#582,.T.);
#1209=EDGE_CURVE('',#959,#960,#583,.T.);
#1210=EDGE_CURVE('',#902,#959,#584,.T.);
#1211=EDGE_CURVE('',#960,#901,#585,.T.);
#1212=EDGE_CURVE('',#957,#959,#586,.T.);
#1213=EDGE_CURVE('',#958,#960,#587,.T.);
#1214=EDGE_CURVE('',#961,#962,#588,.T.);
#1215=EDGE_CURVE('',#963,#961,#589,.T.);
#1216=EDGE_CURVE('',#964,#963,#590,.T.);
#1217=EDGE_CURVE('',#962,#964,#591,.T.);
#1218=EDGE_CURVE('',#965,#966,#592,.T.);
#1219=EDGE_CURVE('',#967,#965,#593,.T.);
#1220=EDGE_CURVE('',#968,#967,#594,.T.);
#1221=EDGE_CURVE('',#966,#968,#595,.T.);
#1222=EDGE_CURVE('',#962,#965,#596,.T.);
#1223=EDGE_CURVE('',#961,#966,#597,.T.);
#1224=EDGE_CURVE('',#963,#968,#598,.T.);
#1225=EDGE_CURVE('',#967,#964,#599,.T.);
#1226=EDGE_CURVE('',#969,#970,#600,.T.);
#1227=EDGE_CURVE('',#971,#969,#601,.T.);
#1228=EDGE_CURVE('',#972,#971,#602,.T.);
#1229=EDGE_CURVE('',#970,#972,#603,.T.);
#1230=EDGE_CURVE('',#973,#974,#604,.T.);
#1231=EDGE_CURVE('',#975,#973,#605,.T.);
#1232=EDGE_CURVE('',#976,#975,#606,.T.);
#1233=EDGE_CURVE('',#974,#976,#607,.T.);
#1234=EDGE_CURVE('',#973,#970,#608,.T.);
#1235=EDGE_CURVE('',#969,#974,#609,.T.);
#1236=EDGE_CURVE('',#971,#976,#610,.T.);
#1237=EDGE_CURVE('',#972,#975,#611,.T.);
#1238=EDGE_CURVE('',#977,#896,#612,.T.);
#1239=EDGE_CURVE('',#899,#978,#613,.T.);
#1240=EDGE_CURVE('',#978,#977,#614,.T.);
#1241=EDGE_CURVE('',#979,#897,#615,.T.);
#1242=EDGE_CURVE('',#980,#979,#616,.T.);
#1243=EDGE_CURVE('',#898,#980,#617,.T.);
#1244=EDGE_CURVE('',#977,#979,#618,.T.);
#1245=EDGE_CURVE('',#978,#980,#619,.T.);
#1246=EDGE_CURVE('',#890,#856,#456,.T.);
#1247=EDGE_CURVE('',#861,#981,#457,.T.);
#1248=EDGE_CURVE('',#914,#981,#620,.T.);
#1249=EDGE_CURVE('',#981,#915,#621,.T.);
#1250=EDGE_CURVE('',#944,#852,#622,.T.);
#1251=EDGE_CURVE('',#854,#941,#623,.T.);
#1252=EDGE_CURVE('',#982,#983,#624,.T.);
#1253=EDGE_CURVE('',#984,#982,#458,.T.);
#1254=EDGE_CURVE('',#985,#984,#625,.T.);
#1255=EDGE_CURVE('',#983,#985,#459,.T.);
#1256=EDGE_CURVE('',#985,#986,#626,.T.);
#1257=EDGE_CURVE('',#987,#986,#627,.T.);
#1258=EDGE_CURVE('',#987,#988,#628,.T.);
#1259=EDGE_CURVE('',#989,#988,#629,.T.);
#1260=EDGE_CURVE('',#989,#983,#630,.T.);
#1261=EDGE_CURVE('',#990,#989,#460,.T.);
#1262=EDGE_CURVE('',#991,#990,#631,.T.);
#1263=EDGE_CURVE('',#992,#991,#461,.T.);
#1264=EDGE_CURVE('',#993,#992,#632,.T.);
#1265=EDGE_CURVE('',#994,#993,#462,.T.);
#1266=EDGE_CURVE('',#995,#994,#633,.T.);
#1267=EDGE_CURVE('',#986,#995,#463,.T.);
#1268=EDGE_CURVE('',#996,#984,#634,.T.);
#1269=EDGE_CURVE('',#997,#996,#635,.T.);
#1270=EDGE_CURVE('',#998,#997,#636,.T.);
#1271=EDGE_CURVE('',#999,#998,#637,.T.);
#1272=EDGE_CURVE('',#982,#999,#638,.T.);
#1273=EDGE_CURVE('',#998,#997,#464,.T.);
#1274=EDGE_CURVE('',#996,#1000,#465,.T.);
#1275=EDGE_CURVE('',#1001,#1000,#639,.T.);
#1276=EDGE_CURVE('',#1001,#1002,#77,.T.);
#1277=EDGE_CURVE('',#1002,#1003,#78,.T.);
#1278=EDGE_CURVE('',#1004,#1003,#640,.T.);
#1279=EDGE_CURVE('',#1004,#1005,#466,.T.);
#1280=EDGE_CURVE('',#1005,#1006,#641,.T.);
#1281=EDGE_CURVE('',#1006,#1007,#467,.T.);
#1282=EDGE_CURVE('',#1008,#1007,#642,.T.);
#1283=EDGE_CURVE('',#1008,#1009,#468,.T.);
#1284=EDGE_CURVE('',#1009,#1010,#643,.T.);
#1285=EDGE_CURVE('',#1010,#1011,#469,.T.);
#1286=EDGE_CURVE('',#1011,#1012,#644,.T.);
#1287=EDGE_CURVE('',#1012,#1013,#470,.T.);
#1288=EDGE_CURVE('',#1013,#1014,#645,.T.);
#1289=EDGE_CURVE('',#1014,#1015,#471,.T.);
#1290=EDGE_CURVE('',#1015,#1016,#646,.T.);
#1291=EDGE_CURVE('',#1016,#1017,#472,.T.);
#1292=EDGE_CURVE('',#1017,#1018,#647,.T.);
#1293=EDGE_CURVE('',#1018,#1019,#79,.T.);
#1294=EDGE_CURVE('',#1019,#1020,#80,.T.);
#1295=EDGE_CURVE('',#1020,#1021,#648,.T.);
#1296=EDGE_CURVE('',#1021,#999,#473,.T.);
#1297=EDGE_CURVE('',#1022,#1023,#81,.T.);
#1298=EDGE_CURVE('',#1023,#1022,#82,.T.);
#1299=EDGE_CURVE('',#1024,#1025,#83,.T.);
#1300=EDGE_CURVE('',#1025,#1024,#84,.T.);
#1301=EDGE_CURVE('',#993,#1026,#649,.T.);
#1302=EDGE_CURVE('',#1026,#1027,#474,.T.);
#1303=EDGE_CURVE('',#1027,#994,#650,.T.);
#1304=EDGE_CURVE('',#1028,#992,#651,.T.);
#1305=EDGE_CURVE('',#1026,#1028,#652,.T.);
#1306=EDGE_CURVE('',#991,#1029,#653,.T.);
#1307=EDGE_CURVE('',#1028,#1029,#475,.T.);
#1308=EDGE_CURVE('',#1030,#990,#654,.T.);
#1309=EDGE_CURVE('',#1031,#1030,#476,.T.);
#1310=EDGE_CURVE('',#1032,#1031,#655,.T.);
#1311=EDGE_CURVE('',#1029,#1032,#477,.T.);
#1312=EDGE_CURVE('',#1033,#1033,#478,.T.);
#1313=EDGE_CURVE('',#1033,#1034,#656,.T.);
#1314=EDGE_CURVE('',#1034,#1034,#479,.T.);
#1315=EDGE_CURVE('',#1035,#1035,#480,.T.);
#1316=EDGE_CURVE('',#1036,#1036,#481,.T.);
#1317=EDGE_CURVE('',#1036,#1037,#657,.T.);
#1318=EDGE_CURVE('',#1037,#1037,#482,.T.);
#1319=EDGE_CURVE('',#1038,#1038,#483,.T.);
#1320=EDGE_CURVE('',#1039,#1039,#484,.T.);
#1321=EDGE_CURVE('',#1039,#1040,#658,.T.);
#1322=EDGE_CURVE('',#1040,#1040,#485,.T.);
#1323=EDGE_CURVE('',#1041,#1041,#486,.T.);
#1324=EDGE_CURVE('',#1042,#1042,#487,.T.);
#1325=EDGE_CURVE('',#1042,#1043,#659,.T.);
#1326=EDGE_CURVE('',#1043,#1043,#488,.T.);
#1327=EDGE_CURVE('',#1044,#1044,#489,.T.);
#1328=EDGE_CURVE('',#1035,#1023,#660,.T.);
#1329=EDGE_CURVE('',#1038,#1019,#661,.T.);
#1330=EDGE_CURVE('',#1020,#1018,#490,.T.);
#1331=EDGE_CURVE('',#1041,#1025,#662,.T.);
#1332=EDGE_CURVE('',#1044,#1002,#663,.T.);
#1333=EDGE_CURVE('',#1003,#1001,#491,.T.);
#1334=EDGE_CURVE('',#1017,#1004,#664,.T.);
#1335=EDGE_CURVE('',#1000,#1021,#665,.T.);
#1336=EDGE_CURVE('',#1011,#1010,#666,.T.);
#1337=EDGE_CURVE('',#1009,#1012,#667,.T.);
#1338=EDGE_CURVE('',#1013,#1008,#668,.T.);
#1339=EDGE_CURVE('',#1007,#1014,#669,.T.);
#1340=EDGE_CURVE('',#1005,#1016,#670,.T.);
#1341=EDGE_CURVE('',#1015,#1006,#671,.T.);
#1342=EDGE_CURVE('',#1045,#1046,#492,.T.);
#1343=EDGE_CURVE('',#1046,#1027,#493,.T.);
#1344=EDGE_CURVE('',#1026,#1045,#494,.T.);
#1345=EDGE_CURVE('',#1047,#1048,#495,.T.);
#1346=EDGE_CURVE('',#1048,#1046,#672,.T.);
#1347=EDGE_CURVE('',#1045,#1047,#673,.T.);
#1348=EDGE_CURVE('',#987,#1049,#496,.T.);
#1349=EDGE_CURVE('',#1049,#1048,#497,.T.);
#1350=EDGE_CURVE('',#1047,#987,#498,.T.);
#1351=EDGE_CURVE('',#995,#1049,#674,.T.);
#1352=EDGE_CURVE('',#1050,#1028,#499,.T.);
#1353=EDGE_CURVE('',#1045,#1050,#675,.T.);
#1354=EDGE_CURVE('',#988,#1030,#500,.T.);
#1355=EDGE_CURVE('',#1051,#1031,#501,.T.);
#1356=EDGE_CURVE('',#988,#1051,#502,.T.);
#1357=EDGE_CURVE('',#1050,#1032,#503,.T.);
#1358=EDGE_CURVE('',#1051,#1050,#676,.T.);
#1359=EDGE_CURVE('',#1047,#1051,#677,.T.);
#1360=ORIENTED_EDGE('',*,*,#1052,.F.);
#1361=ORIENTED_EDGE('',*,*,#1053,.F.);
#1362=ORIENTED_EDGE('',*,*,#1054,.F.);
#1363=ORIENTED_EDGE('',*,*,#1055,.F.);
#1364=ORIENTED_EDGE('',*,*,#1055,.T.);
#1365=ORIENTED_EDGE('',*,*,#1056,.F.);
#1366=ORIENTED_EDGE('',*,*,#1057,.F.);
#1367=ORIENTED_EDGE('',*,*,#1058,.F.);
#1368=ORIENTED_EDGE('',*,*,#1059,.F.);
#1369=ORIENTED_EDGE('',*,*,#1060,.F.);
#1370=ORIENTED_EDGE('',*,*,#1061,.F.);
#1371=ORIENTED_EDGE('',*,*,#1062,.F.);
#1372=ORIENTED_EDGE('',*,*,#1063,.T.);
#1373=ORIENTED_EDGE('',*,*,#1064,.F.);
#1374=ORIENTED_EDGE('',*,*,#1065,.T.);
#1375=ORIENTED_EDGE('',*,*,#1066,.F.);
#1376=ORIENTED_EDGE('',*,*,#1059,.T.);
#1377=ORIENTED_EDGE('',*,*,#1067,.T.);
#1378=ORIENTED_EDGE('',*,*,#1068,.T.);
#1379=ORIENTED_EDGE('',*,*,#1069,.F.);
#1380=ORIENTED_EDGE('',*,*,#1070,.F.);
#1381=ORIENTED_EDGE('',*,*,#1071,.F.);
#1382=ORIENTED_EDGE('',*,*,#1072,.T.);
#1383=ORIENTED_EDGE('',*,*,#1073,.T.);
#1384=ORIENTED_EDGE('',*,*,#1074,.T.);
#1385=ORIENTED_EDGE('',*,*,#1075,.T.);
#1386=ORIENTED_EDGE('',*,*,#1076,.F.);
#1387=ORIENTED_EDGE('',*,*,#1077,.T.);
#1388=ORIENTED_EDGE('',*,*,#1078,.T.);
#1389=ORIENTED_EDGE('',*,*,#1079,.F.);
#1390=ORIENTED_EDGE('',*,*,#1080,.F.);
#1391=ORIENTED_EDGE('',*,*,#1081,.T.);
#1392=ORIENTED_EDGE('',*,*,#1082,.F.);
#1393=ORIENTED_EDGE('',*,*,#1065,.F.);
#1394=ORIENTED_EDGE('',*,*,#1083,.F.);
#1395=ORIENTED_EDGE('',*,*,#1072,.F.);
#1396=ORIENTED_EDGE('',*,*,#1084,.F.);
#1397=ORIENTED_EDGE('',*,*,#1078,.F.);
#1398=ORIENTED_EDGE('',*,*,#1079,.T.);
#1399=ORIENTED_EDGE('',*,*,#1084,.T.);
#1400=ORIENTED_EDGE('',*,*,#1071,.T.);
#1401=ORIENTED_EDGE('',*,*,#1085,.T.);
#1402=ORIENTED_EDGE('',*,*,#1086,.T.);
#1403=ORIENTED_EDGE('',*,*,#1087,.F.);
#1404=ORIENTED_EDGE('',*,*,#1074,.F.);
#1405=ORIENTED_EDGE('',*,*,#1088,.F.);
#1406=ORIENTED_EDGE('',*,*,#1068,.F.);
#1407=ORIENTED_EDGE('',*,*,#1089,.F.);
#1408=ORIENTED_EDGE('',*,*,#1063,.F.);
#1409=ORIENTED_EDGE('',*,*,#1090,.F.);
#1410=ORIENTED_EDGE('',*,*,#1091,.T.);
#1411=ORIENTED_EDGE('',*,*,#1069,.T.);
#1412=ORIENTED_EDGE('',*,*,#1088,.T.);
#1413=ORIENTED_EDGE('',*,*,#1081,.F.);
#1414=ORIENTED_EDGE('',*,*,#1092,.F.);
#1415=ORIENTED_EDGE('',*,*,#1060,.T.);
#1416=ORIENTED_EDGE('',*,*,#1093,.F.);
#1417=ORIENTED_EDGE('',*,*,#1094,.F.);
#1418=ORIENTED_EDGE('',*,*,#1066,.T.);
#1419=ORIENTED_EDGE('',*,*,#1082,.T.);
#1420=ORIENTED_EDGE('',*,*,#1077,.F.);
#1421=ORIENTED_EDGE('',*,*,#1095,.F.);
#1422=ORIENTED_EDGE('',*,*,#1093,.T.);
#1423=ORIENTED_EDGE('',*,*,#1075,.F.);
#1424=ORIENTED_EDGE('',*,*,#1087,.T.);
#1425=ORIENTED_EDGE('',*,*,#1067,.F.);
#1426=ORIENTED_EDGE('',*,*,#1096,.T.);
#1427=ORIENTED_EDGE('',*,*,#1097,.T.);
#1428=ORIENTED_EDGE('',*,*,#1089,.T.);
#1429=ORIENTED_EDGE('',*,*,#1073,.F.);
#1430=ORIENTED_EDGE('',*,*,#1083,.T.);
#1431=ORIENTED_EDGE('',*,*,#1064,.T.);
#1432=ORIENTED_EDGE('',*,*,#1098,.T.);
#1433=ORIENTED_EDGE('',*,*,#1099,.T.);
#1434=ORIENTED_EDGE('',*,*,#1100,.T.);
#1435=ORIENTED_EDGE('',*,*,#1101,.T.);
#1436=ORIENTED_EDGE('',*,*,#1102,.F.);
#1437=ORIENTED_EDGE('',*,*,#1103,.F.);
#1438=ORIENTED_EDGE('',*,*,#1104,.F.);
#1439=ORIENTED_EDGE('',*,*,#1105,.F.);
#1440=ORIENTED_EDGE('',*,*,#1106,.F.);
#1441=ORIENTED_EDGE('',*,*,#1107,.F.);
#1442=ORIENTED_EDGE('',*,*,#1108,.F.);
#1443=ORIENTED_EDGE('',*,*,#1109,.T.);
#1444=ORIENTED_EDGE('',*,*,#1110,.T.);
#1445=ORIENTED_EDGE('',*,*,#1111,.T.);
#1446=ORIENTED_EDGE('',*,*,#1112,.T.);
#1447=ORIENTED_EDGE('',*,*,#1113,.T.);
#1448=ORIENTED_EDGE('',*,*,#1114,.T.);
#1449=ORIENTED_EDGE('',*,*,#1115,.T.);
#1450=ORIENTED_EDGE('',*,*,#1116,.T.);
#1451=ORIENTED_EDGE('',*,*,#1117,.F.);
#1452=ORIENTED_EDGE('',*,*,#1118,.F.);
#1453=ORIENTED_EDGE('',*,*,#1096,.F.);
#1454=ORIENTED_EDGE('',*,*,#1058,.T.);
#1455=ORIENTED_EDGE('',*,*,#1106,.T.);
#1456=ORIENTED_EDGE('',*,*,#1119,.F.);
#1457=ORIENTED_EDGE('',*,*,#1120,.T.);
#1458=ORIENTED_EDGE('',*,*,#1121,.F.);
#1459=ORIENTED_EDGE('',*,*,#1119,.T.);
#1460=ORIENTED_EDGE('',*,*,#1105,.T.);
#1461=ORIENTED_EDGE('',*,*,#1122,.F.);
#1462=ORIENTED_EDGE('',*,*,#1123,.T.);
#1463=ORIENTED_EDGE('',*,*,#1122,.T.);
#1464=ORIENTED_EDGE('',*,*,#1104,.T.);
#1465=ORIENTED_EDGE('',*,*,#1124,.F.);
#1466=ORIENTED_EDGE('',*,*,#1125,.T.);
#1467=ORIENTED_EDGE('',*,*,#1126,.F.);
#1468=ORIENTED_EDGE('',*,*,#1127,.T.);
#1469=ORIENTED_EDGE('',*,*,#1124,.T.);
#1470=ORIENTED_EDGE('',*,*,#1103,.T.);
#1471=ORIENTED_EDGE('',*,*,#1117,.T.);
#1472=ORIENTED_EDGE('',*,*,#1128,.T.);
#1473=ORIENTED_EDGE('',*,*,#1107,.T.);
#1474=ORIENTED_EDGE('',*,*,#1121,.T.);
#1475=ORIENTED_EDGE('',*,*,#1129,.F.);
#1476=ORIENTED_EDGE('',*,*,#1094,.T.);
#1477=ORIENTED_EDGE('',*,*,#1095,.T.);
#1478=ORIENTED_EDGE('',*,*,#1076,.T.);
#1479=ORIENTED_EDGE('',*,*,#1097,.F.);
#1480=ORIENTED_EDGE('',*,*,#1118,.T.);
#1481=ORIENTED_EDGE('',*,*,#1120,.F.);
#1482=ORIENTED_EDGE('',*,*,#1130,.F.);
#1483=ORIENTED_EDGE('',*,*,#1131,.F.);
#1484=ORIENTED_EDGE('',*,*,#1130,.T.);
#1485=ORIENTED_EDGE('',*,*,#1123,.F.);
#1486=ORIENTED_EDGE('',*,*,#1132,.F.);
#1487=ORIENTED_EDGE('',*,*,#1133,.F.);
#1488=ORIENTED_EDGE('',*,*,#1132,.T.);
#1489=ORIENTED_EDGE('',*,*,#1125,.F.);
#1490=ORIENTED_EDGE('',*,*,#1134,.F.);
#1491=ORIENTED_EDGE('',*,*,#1090,.T.);
#1492=ORIENTED_EDGE('',*,*,#1080,.T.);
#1493=ORIENTED_EDGE('',*,*,#1086,.F.);
#1494=ORIENTED_EDGE('',*,*,#1135,.F.);
#1495=ORIENTED_EDGE('',*,*,#1136,.F.);
#1496=ORIENTED_EDGE('',*,*,#1137,.F.);
#1497=ORIENTED_EDGE('',*,*,#1135,.T.);
#1498=ORIENTED_EDGE('',*,*,#1085,.F.);
#1499=ORIENTED_EDGE('',*,*,#1070,.T.);
#1500=ORIENTED_EDGE('',*,*,#1091,.F.);
#1501=ORIENTED_EDGE('',*,*,#1134,.T.);
#1502=ORIENTED_EDGE('',*,*,#1127,.F.);
#1503=ORIENTED_EDGE('',*,*,#1138,.T.);
#1504=ORIENTED_EDGE('',*,*,#1139,.F.);
#1505=ORIENTED_EDGE('',*,*,#1092,.T.);
#1506=ORIENTED_EDGE('',*,*,#1140,.F.);
#1507=ORIENTED_EDGE('',*,*,#1141,.F.);
#1508=ORIENTED_EDGE('',*,*,#1142,.T.);
#1509=ORIENTED_EDGE('',*,*,#1143,.F.);
#1510=ORIENTED_EDGE('',*,*,#1137,.T.);
#1511=ORIENTED_EDGE('',*,*,#1143,.T.);
#1512=ORIENTED_EDGE('',*,*,#1144,.T.);
#1513=ORIENTED_EDGE('',*,*,#1145,.F.);
#1514=ORIENTED_EDGE('',*,*,#1133,.T.);
#1515=ORIENTED_EDGE('',*,*,#1145,.T.);
#1516=ORIENTED_EDGE('',*,*,#1146,.T.);
#1517=ORIENTED_EDGE('',*,*,#1147,.F.);
#1518=ORIENTED_EDGE('',*,*,#1131,.T.);
#1519=ORIENTED_EDGE('',*,*,#1129,.T.);
#1520=ORIENTED_EDGE('',*,*,#1147,.T.);
#1521=ORIENTED_EDGE('',*,*,#1148,.T.);
#1522=ORIENTED_EDGE('',*,*,#1140,.T.);
#1523=ORIENTED_EDGE('',*,*,#1149,.F.);
#1524=ORIENTED_EDGE('',*,*,#1150,.F.);
#1525=ORIENTED_EDGE('',*,*,#1151,.F.);
#1526=ORIENTED_EDGE('',*,*,#1152,.F.);
#1527=ORIENTED_EDGE('',*,*,#1153,.F.);
#1528=ORIENTED_EDGE('',*,*,#1154,.F.);
#1529=ORIENTED_EDGE('',*,*,#1155,.F.);
#1530=ORIENTED_EDGE('',*,*,#1156,.F.);
#1531=ORIENTED_EDGE('',*,*,#1157,.F.);
#1532=ORIENTED_EDGE('',*,*,#1158,.F.);
#1533=ORIENTED_EDGE('',*,*,#1159,.F.);
#1534=ORIENTED_EDGE('',*,*,#1154,.T.);
#1535=ORIENTED_EDGE('',*,*,#1160,.F.);
#1536=ORIENTED_EDGE('',*,*,#1156,.T.);
#1537=ORIENTED_EDGE('',*,*,#1161,.T.);
#1538=ORIENTED_EDGE('',*,*,#1162,.T.);
#1539=ORIENTED_EDGE('',*,*,#1163,.T.);
#1540=ORIENTED_EDGE('',*,*,#1164,.F.);
#1541=ORIENTED_EDGE('',*,*,#1165,.T.);
#1542=ORIENTED_EDGE('',*,*,#1166,.F.);
#1543=ORIENTED_EDGE('',*,*,#1158,.T.);
#1544=ORIENTED_EDGE('',*,*,#1167,.T.);
#1545=ORIENTED_EDGE('',*,*,#1168,.F.);
#1546=ORIENTED_EDGE('',*,*,#1169,.T.);
#1547=ORIENTED_EDGE('',*,*,#1170,.F.);
#1548=ORIENTED_EDGE('',*,*,#1171,.T.);
#1549=ORIENTED_EDGE('',*,*,#1172,.F.);
#1550=ORIENTED_EDGE('',*,*,#1173,.F.);
#1551=ORIENTED_EDGE('',*,*,#1174,.F.);
#1552=ORIENTED_EDGE('',*,*,#1169,.F.);
#1553=ORIENTED_EDGE('',*,*,#1175,.F.);
#1554=ORIENTED_EDGE('',*,*,#1171,.F.);
#1555=ORIENTED_EDGE('',*,*,#1152,.T.);
#1556=ORIENTED_EDGE('',*,*,#1176,.F.);
#1557=ORIENTED_EDGE('',*,*,#1173,.T.);
#1558=ORIENTED_EDGE('',*,*,#1177,.T.);
#1559=ORIENTED_EDGE('',*,*,#1178,.F.);
#1560=ORIENTED_EDGE('',*,*,#1179,.T.);
#1561=ORIENTED_EDGE('',*,*,#1162,.F.);
#1562=ORIENTED_EDGE('',*,*,#1180,.T.);
#1563=ORIENTED_EDGE('',*,*,#1181,.T.);
#1564=ORIENTED_EDGE('',*,*,#1167,.F.);
#1565=ORIENTED_EDGE('',*,*,#1157,.T.);
#1566=ORIENTED_EDGE('',*,*,#1160,.T.);
#1567=ORIENTED_EDGE('',*,*,#1153,.T.);
#1568=ORIENTED_EDGE('',*,*,#1177,.F.);
#1569=ORIENTED_EDGE('',*,*,#1172,.T.);
#1570=ORIENTED_EDGE('',*,*,#1168,.T.);
#1571=ORIENTED_EDGE('',*,*,#1175,.T.);
#1572=ORIENTED_EDGE('',*,*,#1170,.T.);
#1573=ORIENTED_EDGE('',*,*,#1174,.T.);
#1574=ORIENTED_EDGE('',*,*,#1176,.T.);
#1575=ORIENTED_EDGE('',*,*,#1151,.T.);
#1576=ORIENTED_EDGE('',*,*,#1159,.T.);
#1577=ORIENTED_EDGE('',*,*,#1155,.T.);
#1578=ORIENTED_EDGE('',*,*,#1166,.T.);
#1579=ORIENTED_EDGE('',*,*,#1182,.T.);
#1580=ORIENTED_EDGE('',*,*,#1183,.T.);
#1581=ORIENTED_EDGE('',*,*,#1164,.T.);
#1582=ORIENTED_EDGE('',*,*,#1184,.T.);
#1583=ORIENTED_EDGE('',*,*,#1185,.F.);
#1584=ORIENTED_EDGE('',*,*,#1150,.T.);
#1585=ORIENTED_EDGE('',*,*,#1186,.T.);
#1586=ORIENTED_EDGE('',*,*,#1187,.T.);
#1587=ORIENTED_EDGE('',*,*,#1188,.T.);
#1588=ORIENTED_EDGE('',*,*,#1189,.T.);
#1589=ORIENTED_EDGE('',*,*,#1165,.F.);
#1590=ORIENTED_EDGE('',*,*,#1183,.F.);
#1591=ORIENTED_EDGE('',*,*,#1190,.T.);
#1592=ORIENTED_EDGE('',*,*,#1191,.T.);
#1593=ORIENTED_EDGE('',*,*,#1190,.F.);
#1594=ORIENTED_EDGE('',*,*,#1182,.F.);
#1595=ORIENTED_EDGE('',*,*,#1186,.F.);
#1596=ORIENTED_EDGE('',*,*,#1187,.F.);
#1597=ORIENTED_EDGE('',*,*,#1192,.T.);
#1598=ORIENTED_EDGE('',*,*,#1193,.T.);
#1599=ORIENTED_EDGE('',*,*,#1192,.F.);
#1600=ORIENTED_EDGE('',*,*,#1161,.F.);
#1601=ORIENTED_EDGE('',*,*,#1181,.F.);
#1602=ORIENTED_EDGE('',*,*,#1194,.T.);
#1603=ORIENTED_EDGE('',*,*,#1195,.T.);
#1604=ORIENTED_EDGE('',*,*,#1194,.F.);
#1605=ORIENTED_EDGE('',*,*,#1180,.F.);
#1606=ORIENTED_EDGE('',*,*,#1188,.F.);
#1607=ORIENTED_EDGE('',*,*,#1189,.F.);
#1608=ORIENTED_EDGE('',*,*,#1196,.T.);
#1609=ORIENTED_EDGE('',*,*,#1197,.T.);
#1610=ORIENTED_EDGE('',*,*,#1196,.F.);
#1611=ORIENTED_EDGE('',*,*,#1198,.T.);
#1612=ORIENTED_EDGE('',*,*,#1199,.T.);
#1613=ORIENTED_EDGE('',*,*,#1099,.F.);
#1614=ORIENTED_EDGE('',*,*,#1199,.F.);
#1615=ORIENTED_EDGE('',*,*,#1200,.T.);
#1616=ORIENTED_EDGE('',*,*,#1201,.T.);
#1617=ORIENTED_EDGE('',*,*,#1100,.F.);
#1618=ORIENTED_EDGE('',*,*,#1201,.F.);
#1619=ORIENTED_EDGE('',*,*,#1202,.T.);
#1620=ORIENTED_EDGE('',*,*,#1203,.T.);
#1621=ORIENTED_EDGE('',*,*,#1101,.F.);
#1622=ORIENTED_EDGE('',*,*,#1203,.F.);
#1623=ORIENTED_EDGE('',*,*,#1204,.T.);
#1624=ORIENTED_EDGE('',*,*,#1205,.T.);
#1625=ORIENTED_EDGE('',*,*,#1098,.F.);
#1626=ORIENTED_EDGE('',*,*,#1205,.F.);
#1627=ORIENTED_EDGE('',*,*,#1206,.T.);
#1628=ORIENTED_EDGE('',*,*,#1207,.T.);
#1629=ORIENTED_EDGE('',*,*,#1116,.F.);
#1630=ORIENTED_EDGE('',*,*,#1208,.T.);
#1631=ORIENTED_EDGE('',*,*,#1198,.F.);
#1632=ORIENTED_EDGE('',*,*,#1209,.F.);
#1633=ORIENTED_EDGE('',*,*,#1210,.F.);
#1634=ORIENTED_EDGE('',*,*,#1114,.F.);
#1635=ORIENTED_EDGE('',*,*,#1211,.F.);
#1636=ORIENTED_EDGE('',*,*,#1195,.F.);
#1637=ORIENTED_EDGE('',*,*,#1206,.F.);
#1638=ORIENTED_EDGE('',*,*,#1212,.T.);
#1639=ORIENTED_EDGE('',*,*,#1209,.T.);
#1640=ORIENTED_EDGE('',*,*,#1213,.F.);
#1641=ORIENTED_EDGE('',*,*,#1207,.F.);
#1642=ORIENTED_EDGE('',*,*,#1213,.T.);
#1643=ORIENTED_EDGE('',*,*,#1211,.T.);
#1644=ORIENTED_EDGE('',*,*,#1113,.F.);
#1645=ORIENTED_EDGE('',*,*,#1208,.F.);
#1646=ORIENTED_EDGE('',*,*,#1115,.F.);
#1647=ORIENTED_EDGE('',*,*,#1210,.T.);
#1648=ORIENTED_EDGE('',*,*,#1212,.F.);
#1649=ORIENTED_EDGE('',*,*,#1214,.F.);
#1650=ORIENTED_EDGE('',*,*,#1215,.F.);
#1651=ORIENTED_EDGE('',*,*,#1216,.F.);
#1652=ORIENTED_EDGE('',*,*,#1217,.F.);
#1653=ORIENTED_EDGE('',*,*,#1200,.F.);
#1654=ORIENTED_EDGE('',*,*,#1218,.F.);
#1655=ORIENTED_EDGE('',*,*,#1219,.F.);
#1656=ORIENTED_EDGE('',*,*,#1220,.F.);
#1657=ORIENTED_EDGE('',*,*,#1221,.F.);
#1658=ORIENTED_EDGE('',*,*,#1193,.F.);
#1659=ORIENTED_EDGE('',*,*,#1214,.T.);
#1660=ORIENTED_EDGE('',*,*,#1222,.T.);
#1661=ORIENTED_EDGE('',*,*,#1218,.T.);
#1662=ORIENTED_EDGE('',*,*,#1223,.F.);
#1663=ORIENTED_EDGE('',*,*,#1215,.T.);
#1664=ORIENTED_EDGE('',*,*,#1223,.T.);
#1665=ORIENTED_EDGE('',*,*,#1221,.T.);
#1666=ORIENTED_EDGE('',*,*,#1224,.F.);
#1667=ORIENTED_EDGE('',*,*,#1217,.T.);
#1668=ORIENTED_EDGE('',*,*,#1225,.F.);
#1669=ORIENTED_EDGE('',*,*,#1219,.T.);
#1670=ORIENTED_EDGE('',*,*,#1222,.F.);
#1671=ORIENTED_EDGE('',*,*,#1226,.F.);
#1672=ORIENTED_EDGE('',*,*,#1227,.F.);
#1673=ORIENTED_EDGE('',*,*,#1228,.F.);
#1674=ORIENTED_EDGE('',*,*,#1229,.F.);
#1675=ORIENTED_EDGE('',*,*,#1202,.F.);
#1676=ORIENTED_EDGE('',*,*,#1230,.F.);
#1677=ORIENTED_EDGE('',*,*,#1231,.F.);
#1678=ORIENTED_EDGE('',*,*,#1232,.F.);
#1679=ORIENTED_EDGE('',*,*,#1233,.F.);
#1680=ORIENTED_EDGE('',*,*,#1191,.F.);
#1681=ORIENTED_EDGE('',*,*,#1226,.T.);
#1682=ORIENTED_EDGE('',*,*,#1234,.F.);
#1683=ORIENTED_EDGE('',*,*,#1230,.T.);
#1684=ORIENTED_EDGE('',*,*,#1235,.F.);
#1685=ORIENTED_EDGE('',*,*,#1227,.T.);
#1686=ORIENTED_EDGE('',*,*,#1235,.T.);
#1687=ORIENTED_EDGE('',*,*,#1233,.T.);
#1688=ORIENTED_EDGE('',*,*,#1236,.F.);
#1689=ORIENTED_EDGE('',*,*,#1228,.T.);
#1690=ORIENTED_EDGE('',*,*,#1236,.T.);
#1691=ORIENTED_EDGE('',*,*,#1232,.T.);
#1692=ORIENTED_EDGE('',*,*,#1237,.F.);
#1693=ORIENTED_EDGE('',*,*,#1238,.T.);
#1694=ORIENTED_EDGE('',*,*,#1112,.F.);
#1695=ORIENTED_EDGE('',*,*,#1239,.T.);
#1696=ORIENTED_EDGE('',*,*,#1240,.T.);
#1697=ORIENTED_EDGE('',*,*,#1204,.F.);
#1698=ORIENTED_EDGE('',*,*,#1241,.F.);
#1699=ORIENTED_EDGE('',*,*,#1242,.F.);
#1700=ORIENTED_EDGE('',*,*,#1243,.F.);
#1701=ORIENTED_EDGE('',*,*,#1110,.F.);
#1702=ORIENTED_EDGE('',*,*,#1197,.F.);
#1703=ORIENTED_EDGE('',*,*,#1238,.F.);
#1704=ORIENTED_EDGE('',*,*,#1244,.T.);
#1705=ORIENTED_EDGE('',*,*,#1241,.T.);
#1706=ORIENTED_EDGE('',*,*,#1109,.F.);
#1707=ORIENTED_EDGE('',*,*,#1239,.F.);
#1708=ORIENTED_EDGE('',*,*,#1111,.F.);
#1709=ORIENTED_EDGE('',*,*,#1243,.T.);
#1710=ORIENTED_EDGE('',*,*,#1245,.F.);
#1711=ORIENTED_EDGE('',*,*,#1240,.F.);
#1712=ORIENTED_EDGE('',*,*,#1245,.T.);
#1713=ORIENTED_EDGE('',*,*,#1242,.T.);
#1714=ORIENTED_EDGE('',*,*,#1244,.F.);
#1715=ORIENTED_EDGE('',*,*,#1246,.F.);
#1716=ORIENTED_EDGE('',*,*,#1108,.T.);
#1717=ORIENTED_EDGE('',*,*,#1128,.F.);
#1718=ORIENTED_EDGE('',*,*,#1057,.T.);
#1719=ORIENTED_EDGE('',*,*,#1247,.F.);
#1720=ORIENTED_EDGE('',*,*,#1061,.T.);
#1721=ORIENTED_EDGE('',*,*,#1139,.T.);
#1722=ORIENTED_EDGE('',*,*,#1248,.T.);
#1723=ORIENTED_EDGE('',*,*,#1249,.F.);
#1724=ORIENTED_EDGE('',*,*,#1248,.F.);
#1725=ORIENTED_EDGE('',*,*,#1138,.F.);
#1726=ORIENTED_EDGE('',*,*,#1148,.F.);
#1727=ORIENTED_EDGE('',*,*,#1146,.F.);
#1728=ORIENTED_EDGE('',*,*,#1144,.F.);
#1729=ORIENTED_EDGE('',*,*,#1142,.F.);
#1730=ORIENTED_EDGE('',*,*,#1224,.T.);
#1731=ORIENTED_EDGE('',*,*,#1220,.T.);
#1732=ORIENTED_EDGE('',*,*,#1225,.T.);
#1733=ORIENTED_EDGE('',*,*,#1216,.T.);
#1734=ORIENTED_EDGE('',*,*,#1234,.T.);
#1735=ORIENTED_EDGE('',*,*,#1229,.T.);
#1736=ORIENTED_EDGE('',*,*,#1237,.T.);
#1737=ORIENTED_EDGE('',*,*,#1231,.T.);
#1738=ORIENTED_EDGE('',*,*,#1053,.T.);
#1739=ORIENTED_EDGE('',*,*,#1250,.F.);
#1740=ORIENTED_EDGE('',*,*,#1184,.F.);
#1741=ORIENTED_EDGE('',*,*,#1163,.F.);
#1742=ORIENTED_EDGE('',*,*,#1179,.F.);
#1743=ORIENTED_EDGE('',*,*,#1251,.F.);
#1744=ORIENTED_EDGE('',*,*,#1052,.T.);
#1745=ORIENTED_EDGE('',*,*,#1062,.T.);
#1746=ORIENTED_EDGE('',*,*,#1247,.T.);
#1747=ORIENTED_EDGE('',*,*,#1249,.T.);
#1748=ORIENTED_EDGE('',*,*,#1141,.T.);
#1749=ORIENTED_EDGE('',*,*,#1136,.T.);
#1750=ORIENTED_EDGE('',*,*,#1126,.T.);
#1751=ORIENTED_EDGE('',*,*,#1102,.T.);
#1752=ORIENTED_EDGE('',*,*,#1246,.T.);
#1753=ORIENTED_EDGE('',*,*,#1056,.T.);
#1754=ORIENTED_EDGE('',*,*,#1054,.T.);
#1755=ORIENTED_EDGE('',*,*,#1251,.T.);
#1756=ORIENTED_EDGE('',*,*,#1178,.T.);
#1757=ORIENTED_EDGE('',*,*,#1149,.T.);
#1758=ORIENTED_EDGE('',*,*,#1185,.T.);
#1759=ORIENTED_EDGE('',*,*,#1250,.T.);
#1760=ORIENTED_EDGE('',*,*,#1252,.F.);
#1761=ORIENTED_EDGE('',*,*,#1253,.F.);
#1762=ORIENTED_EDGE('',*,*,#1254,.F.);
#1763=ORIENTED_EDGE('',*,*,#1255,.F.);
#1764=ORIENTED_EDGE('',*,*,#1255,.T.);
#1765=ORIENTED_EDGE('',*,*,#1256,.T.);
#1766=ORIENTED_EDGE('',*,*,#1257,.F.);
#1767=ORIENTED_EDGE('',*,*,#1258,.T.);
#1768=ORIENTED_EDGE('',*,*,#1259,.F.);
#1769=ORIENTED_EDGE('',*,*,#1260,.T.);
#1770=ORIENTED_EDGE('',*,*,#1252,.T.);
#1771=ORIENTED_EDGE('',*,*,#1260,.F.);
#1772=ORIENTED_EDGE('',*,*,#1261,.F.);
#1773=ORIENTED_EDGE('',*,*,#1262,.F.);
#1774=ORIENTED_EDGE('',*,*,#1263,.F.);
#1775=ORIENTED_EDGE('',*,*,#1264,.F.);
#1776=ORIENTED_EDGE('',*,*,#1265,.F.);
#1777=ORIENTED_EDGE('',*,*,#1266,.F.);
#1778=ORIENTED_EDGE('',*,*,#1267,.F.);
#1779=ORIENTED_EDGE('',*,*,#1256,.F.);
#1780=ORIENTED_EDGE('',*,*,#1254,.T.);
#1781=ORIENTED_EDGE('',*,*,#1268,.F.);
#1782=ORIENTED_EDGE('',*,*,#1269,.F.);
#1783=ORIENTED_EDGE('',*,*,#1270,.F.);
#1784=ORIENTED_EDGE('',*,*,#1271,.F.);
#1785=ORIENTED_EDGE('',*,*,#1272,.F.);
#1786=ORIENTED_EDGE('',*,*,#1270,.T.);
#1787=ORIENTED_EDGE('',*,*,#1273,.F.);
#1788=ORIENTED_EDGE('',*,*,#1271,.T.);
#1789=ORIENTED_EDGE('',*,*,#1273,.T.);
#1790=ORIENTED_EDGE('',*,*,#1269,.T.);
#1791=ORIENTED_EDGE('',*,*,#1274,.T.);
#1792=ORIENTED_EDGE('',*,*,#1275,.F.);
#1793=ORIENTED_EDGE('',*,*,#1276,.T.);
#1794=ORIENTED_EDGE('',*,*,#1277,.T.);
#1795=ORIENTED_EDGE('',*,*,#1278,.F.);
#1796=ORIENTED_EDGE('',*,*,#1279,.T.);
#1797=ORIENTED_EDGE('',*,*,#1280,.T.);
#1798=ORIENTED_EDGE('',*,*,#1281,.T.);
#1799=ORIENTED_EDGE('',*,*,#1282,.F.);
#1800=ORIENTED_EDGE('',*,*,#1283,.T.);
#1801=ORIENTED_EDGE('',*,*,#1284,.T.);
#1802=ORIENTED_EDGE('',*,*,#1285,.T.);
#1803=ORIENTED_EDGE('',*,*,#1286,.T.);
#1804=ORIENTED_EDGE('',*,*,#1287,.T.);
#1805=ORIENTED_EDGE('',*,*,#1288,.T.);
#1806=ORIENTED_EDGE('',*,*,#1289,.T.);
#1807=ORIENTED_EDGE('',*,*,#1290,.T.);
#1808=ORIENTED_EDGE('',*,*,#1291,.T.);
#1809=ORIENTED_EDGE('',*,*,#1292,.T.);
#1810=ORIENTED_EDGE('',*,*,#1293,.T.);
#1811=ORIENTED_EDGE('',*,*,#1294,.T.);
#1812=ORIENTED_EDGE('',*,*,#1295,.T.);
#1813=ORIENTED_EDGE('',*,*,#1296,.T.);
#1814=ORIENTED_EDGE('',*,*,#1297,.T.);
#1815=ORIENTED_EDGE('',*,*,#1298,.T.);
#1816=ORIENTED_EDGE('',*,*,#1299,.T.);
#1817=ORIENTED_EDGE('',*,*,#1300,.T.);
#1818=ORIENTED_EDGE('',*,*,#1265,.T.);
#1819=ORIENTED_EDGE('',*,*,#1301,.T.);
#1820=ORIENTED_EDGE('',*,*,#1302,.T.);
#1821=ORIENTED_EDGE('',*,*,#1303,.T.);
#1822=ORIENTED_EDGE('',*,*,#1264,.T.);
#1823=ORIENTED_EDGE('',*,*,#1304,.F.);
#1824=ORIENTED_EDGE('',*,*,#1305,.F.);
#1825=ORIENTED_EDGE('',*,*,#1301,.F.);
#1826=ORIENTED_EDGE('',*,*,#1263,.T.);
#1827=ORIENTED_EDGE('',*,*,#1306,.T.);
#1828=ORIENTED_EDGE('',*,*,#1307,.F.);
#1829=ORIENTED_EDGE('',*,*,#1304,.T.);
#1830=ORIENTED_EDGE('',*,*,#1262,.T.);
#1831=ORIENTED_EDGE('',*,*,#1308,.F.);
#1832=ORIENTED_EDGE('',*,*,#1309,.F.);
#1833=ORIENTED_EDGE('',*,*,#1310,.F.);
#1834=ORIENTED_EDGE('',*,*,#1311,.F.);
#1835=ORIENTED_EDGE('',*,*,#1306,.F.);
#1836=ORIENTED_EDGE('',*,*,#1312,.F.);
#1837=ORIENTED_EDGE('',*,*,#1313,.T.);
#1838=ORIENTED_EDGE('',*,*,#1314,.T.);
#1839=ORIENTED_EDGE('',*,*,#1313,.F.);
#1840=ORIENTED_EDGE('',*,*,#1314,.F.);
#1841=ORIENTED_EDGE('',*,*,#1315,.F.);
#1842=ORIENTED_EDGE('',*,*,#1316,.F.);
#1843=ORIENTED_EDGE('',*,*,#1317,.T.);
#1844=ORIENTED_EDGE('',*,*,#1318,.T.);
#1845=ORIENTED_EDGE('',*,*,#1317,.F.);
#1846=ORIENTED_EDGE('',*,*,#1318,.F.);
#1847=ORIENTED_EDGE('',*,*,#1319,.F.);
#1848=ORIENTED_EDGE('',*,*,#1320,.F.);
#1849=ORIENTED_EDGE('',*,*,#1321,.T.);
#1850=ORIENTED_EDGE('',*,*,#1322,.T.);
#1851=ORIENTED_EDGE('',*,*,#1321,.F.);
#1852=ORIENTED_EDGE('',*,*,#1322,.F.);
#1853=ORIENTED_EDGE('',*,*,#1323,.F.);
#1854=ORIENTED_EDGE('',*,*,#1324,.F.);
#1855=ORIENTED_EDGE('',*,*,#1325,.T.);
#1856=ORIENTED_EDGE('',*,*,#1326,.T.);
#1857=ORIENTED_EDGE('',*,*,#1325,.F.);
#1858=ORIENTED_EDGE('',*,*,#1326,.F.);
#1859=ORIENTED_EDGE('',*,*,#1327,.F.);
#1860=ORIENTED_EDGE('',*,*,#1315,.T.);
#1861=ORIENTED_EDGE('',*,*,#1328,.T.);
#1862=ORIENTED_EDGE('',*,*,#1297,.F.);
#1863=ORIENTED_EDGE('',*,*,#1298,.F.);
#1864=ORIENTED_EDGE('',*,*,#1328,.F.);
#1865=ORIENTED_EDGE('',*,*,#1319,.T.);
#1866=ORIENTED_EDGE('',*,*,#1329,.T.);
#1867=ORIENTED_EDGE('',*,*,#1293,.F.);
#1868=ORIENTED_EDGE('',*,*,#1330,.F.);
#1869=ORIENTED_EDGE('',*,*,#1294,.F.);
#1870=ORIENTED_EDGE('',*,*,#1329,.F.);
#1871=ORIENTED_EDGE('',*,*,#1323,.T.);
#1872=ORIENTED_EDGE('',*,*,#1331,.T.);
#1873=ORIENTED_EDGE('',*,*,#1299,.F.);
#1874=ORIENTED_EDGE('',*,*,#1300,.F.);
#1875=ORIENTED_EDGE('',*,*,#1331,.F.);
#1876=ORIENTED_EDGE('',*,*,#1327,.T.);
#1877=ORIENTED_EDGE('',*,*,#1332,.T.);
#1878=ORIENTED_EDGE('',*,*,#1276,.F.);
#1879=ORIENTED_EDGE('',*,*,#1333,.F.);
#1880=ORIENTED_EDGE('',*,*,#1277,.F.);
#1881=ORIENTED_EDGE('',*,*,#1332,.F.);
#1882=ORIENTED_EDGE('',*,*,#1330,.T.);
#1883=ORIENTED_EDGE('',*,*,#1292,.F.);
#1884=ORIENTED_EDGE('',*,*,#1334,.T.);
#1885=ORIENTED_EDGE('',*,*,#1278,.T.);
#1886=ORIENTED_EDGE('',*,*,#1333,.T.);
#1887=ORIENTED_EDGE('',*,*,#1275,.T.);
#1888=ORIENTED_EDGE('',*,*,#1335,.T.);
#1889=ORIENTED_EDGE('',*,*,#1295,.F.);
#1890=ORIENTED_EDGE('',*,*,#1285,.F.);
#1891=ORIENTED_EDGE('',*,*,#1336,.F.);
#1892=ORIENTED_EDGE('',*,*,#1284,.F.);
#1893=ORIENTED_EDGE('',*,*,#1337,.T.);
#1894=ORIENTED_EDGE('',*,*,#1286,.F.);
#1895=ORIENTED_EDGE('',*,*,#1336,.T.);
#1896=ORIENTED_EDGE('',*,*,#1283,.F.);
#1897=ORIENTED_EDGE('',*,*,#1338,.F.);
#1898=ORIENTED_EDGE('',*,*,#1287,.F.);
#1899=ORIENTED_EDGE('',*,*,#1337,.F.);
#1900=ORIENTED_EDGE('',*,*,#1339,.T.);
#1901=ORIENTED_EDGE('',*,*,#1288,.F.);
#1902=ORIENTED_EDGE('',*,*,#1338,.T.);
#1903=ORIENTED_EDGE('',*,*,#1282,.T.);
#1904=ORIENTED_EDGE('',*,*,#1280,.F.);
#1905=ORIENTED_EDGE('',*,*,#1340,.T.);
#1906=ORIENTED_EDGE('',*,*,#1290,.F.);
#1907=ORIENTED_EDGE('',*,*,#1341,.T.);
#1908=ORIENTED_EDGE('',*,*,#1281,.F.);
#1909=ORIENTED_EDGE('',*,*,#1341,.F.);
#1910=ORIENTED_EDGE('',*,*,#1289,.F.);
#1911=ORIENTED_EDGE('',*,*,#1339,.F.);
#1912=ORIENTED_EDGE('',*,*,#1279,.F.);
#1913=ORIENTED_EDGE('',*,*,#1334,.F.);
#1914=ORIENTED_EDGE('',*,*,#1291,.F.);
#1915=ORIENTED_EDGE('',*,*,#1340,.F.);
#1916=ORIENTED_EDGE('',*,*,#1253,.T.);
#1917=ORIENTED_EDGE('',*,*,#1272,.T.);
#1918=ORIENTED_EDGE('',*,*,#1296,.F.);
#1919=ORIENTED_EDGE('',*,*,#1335,.F.);
#1920=ORIENTED_EDGE('',*,*,#1274,.F.);
#1921=ORIENTED_EDGE('',*,*,#1268,.T.);
#1922=ORIENTED_EDGE('',*,*,#1342,.T.);
#1923=ORIENTED_EDGE('',*,*,#1343,.T.);
#1924=ORIENTED_EDGE('',*,*,#1302,.F.);
#1925=ORIENTED_EDGE('',*,*,#1344,.T.);
#1926=ORIENTED_EDGE('',*,*,#1345,.T.);
#1927=ORIENTED_EDGE('',*,*,#1346,.T.);
#1928=ORIENTED_EDGE('',*,*,#1342,.F.);
#1929=ORIENTED_EDGE('',*,*,#1347,.T.);
#1930=ORIENTED_EDGE('',*,*,#1348,.T.);
#1931=ORIENTED_EDGE('',*,*,#1349,.T.);
#1932=ORIENTED_EDGE('',*,*,#1345,.F.);
#1933=ORIENTED_EDGE('',*,*,#1350,.T.);
#1934=ORIENTED_EDGE('',*,*,#1267,.T.);
#1935=ORIENTED_EDGE('',*,*,#1351,.T.);
#1936=ORIENTED_EDGE('',*,*,#1348,.F.);
#1937=ORIENTED_EDGE('',*,*,#1257,.T.);
#1938=ORIENTED_EDGE('',*,*,#1344,.F.);
#1939=ORIENTED_EDGE('',*,*,#1305,.T.);
#1940=ORIENTED_EDGE('',*,*,#1352,.F.);
#1941=ORIENTED_EDGE('',*,*,#1353,.F.);
#1942=ORIENTED_EDGE('',*,*,#1266,.T.);
#1943=ORIENTED_EDGE('',*,*,#1303,.F.);
#1944=ORIENTED_EDGE('',*,*,#1343,.F.);
#1945=ORIENTED_EDGE('',*,*,#1346,.F.);
#1946=ORIENTED_EDGE('',*,*,#1349,.F.);
#1947=ORIENTED_EDGE('',*,*,#1351,.F.);
#1948=ORIENTED_EDGE('',*,*,#1261,.T.);
#1949=ORIENTED_EDGE('',*,*,#1259,.T.);
#1950=ORIENTED_EDGE('',*,*,#1354,.T.);
#1951=ORIENTED_EDGE('',*,*,#1308,.T.);
#1952=ORIENTED_EDGE('',*,*,#1355,.T.);
#1953=ORIENTED_EDGE('',*,*,#1309,.T.);
#1954=ORIENTED_EDGE('',*,*,#1354,.F.);
#1955=ORIENTED_EDGE('',*,*,#1356,.T.);
#1956=ORIENTED_EDGE('',*,*,#1357,.T.);
#1957=ORIENTED_EDGE('',*,*,#1310,.T.);
#1958=ORIENTED_EDGE('',*,*,#1355,.F.);
#1959=ORIENTED_EDGE('',*,*,#1358,.T.);
#1960=ORIENTED_EDGE('',*,*,#1307,.T.);
#1961=ORIENTED_EDGE('',*,*,#1311,.T.);
#1962=ORIENTED_EDGE('',*,*,#1357,.F.);
#1963=ORIENTED_EDGE('',*,*,#1352,.T.);
#1964=ORIENTED_EDGE('',*,*,#1347,.F.);
#1965=ORIENTED_EDGE('',*,*,#1353,.T.);
#1966=ORIENTED_EDGE('',*,*,#1358,.F.);
#1967=ORIENTED_EDGE('',*,*,#1359,.F.);
#1968=ORIENTED_EDGE('',*,*,#1312,.T.);
#1969=ORIENTED_EDGE('',*,*,#1316,.T.);
#1970=ORIENTED_EDGE('',*,*,#1320,.T.);
#1971=ORIENTED_EDGE('',*,*,#1324,.T.);
#1972=ORIENTED_EDGE('',*,*,#1350,.F.);
#1973=ORIENTED_EDGE('',*,*,#1359,.T.);
#1974=ORIENTED_EDGE('',*,*,#1356,.F.);
#1975=ORIENTED_EDGE('',*,*,#1258,.F.);
#1976=CYLINDRICAL_SURFACE('',#2150,3.00000000000001);
#1977=CYLINDRICAL_SURFACE('',#2154,0.999999999999998);
#1978=CYLINDRICAL_SURFACE('',#2159,1.00000000000001);
#1979=CYLINDRICAL_SURFACE('',#2164,72.);
#1980=CYLINDRICAL_SURFACE('',#2169,1.);
#1981=CYLINDRICAL_SURFACE('',#2173,1.);
#1982=CYLINDRICAL_SURFACE('',#2176,1.);
#1983=CYLINDRICAL_SURFACE('',#2177,1.);
#1984=CYLINDRICAL_SURFACE('',#2178,75.);
#1985=CYLINDRICAL_SURFACE('',#2191,0.9);
#1986=CYLINDRICAL_SURFACE('',#2193,0.9);
#1987=CYLINDRICAL_SURFACE('',#2194,0.999999999999992);
#1988=CYLINDRICAL_SURFACE('',#2196,70.);
#1989=CYLINDRICAL_SURFACE('',#2198,0.999999999999976);
#1990=CYLINDRICAL_SURFACE('',#2201,0.9);
#1991=CYLINDRICAL_SURFACE('',#2202,0.9);
#1992=CYLINDRICAL_SURFACE('',#2230,11.);
#1993=CYLINDRICAL_SURFACE('',#2233,1.6);
#1994=CYLINDRICAL_SURFACE('',#2235,1.6);
#1995=CYLINDRICAL_SURFACE('',#2237,1.6);
#1996=CYLINDRICAL_SURFACE('',#2239,1.6);
#1997=CYLINDRICAL_SURFACE('',#2241,1.6);
#1998=CYLINDRICAL_SURFACE('',#2243,1.6);
#1999=CYLINDRICAL_SURFACE('',#2245,1.6);
#2000=CYLINDRICAL_SURFACE('',#2247,1.6);
#2001=CYLINDRICAL_SURFACE('',#2269,0.9);
#2002=CYLINDRICAL_SURFACE('',#2271,0.9);
#2003=CYLINDRICAL_SURFACE('',#2276,3.00000000000001);
#2004=CYLINDRICAL_SURFACE('',#2287,11.);
#2005=CYLINDRICAL_SURFACE('',#2297,0.9);
#2006=CYLINDRICAL_SURFACE('',#2300,0.9);
#2007=CYLINDRICAL_SURFACE('',#2305,3.);
#2008=CYLINDRICAL_SURFACE('',#2310,3.);
#2009=CYLINDRICAL_SURFACE('',#2315,3.);
#2010=CYLINDRICAL_SURFACE('',#2320,3.);
#2011=CYLINDRICAL_SURFACE('',#2325,1.6);
#2012=CYLINDRICAL_SURFACE('',#2326,1.6);
#2013=CYLINDRICAL_SURFACE('',#2328,1.6);
#2014=CYLINDRICAL_SURFACE('',#2329,1.6);
#2015=CYLINDRICAL_SURFACE('',#2343,0.9);
#2016=CYLINDRICAL_SURFACE('',#2348,0.9);
#2017=CYLINDRICAL_SURFACE('',#2349,0.999999999999996);
#2018=CYLINDRICAL_SURFACE('',#2352,0.9);
#2019=CYLINDRICAL_SURFACE('',#2356,0.9);
#2020=CYLINDRICAL_SURFACE('',#2359,0.999999999999996);
#2021=ADVANCED_FACE('',(#150),#1976,.F.);
#2022=ADVANCED_FACE('',(#151),#91,.T.);
#2023=ADVANCED_FACE('',(#152),#1977,.T.);
#2024=ADVANCED_FACE('',(#153),#1978,.T.);
#2025=ADVANCED_FACE('',(#154),#1979,.T.);
#2026=ADVANCED_FACE('',(#155),#92,.T.);
#2027=ADVANCED_FACE('',(#156),#1980,.T.);
#2028=ADVANCED_FACE('',(#157),#93,.F.);
#2029=ADVANCED_FACE('',(#158),#1981,.T.);
#2030=ADVANCED_FACE('',(#159),#94,.T.);
#2031=ADVANCED_FACE('',(#160),#1982,.T.);
#2032=ADVANCED_FACE('',(#161),#1983,.T.);
#2033=ADVANCED_FACE('',(#162,#27,#28,#29,#30),#1984,.F.);
#2034=ADVANCED_FACE('',(#163,#31,#32),#95,.T.);
#2035=ADVANCED_FACE('',(#164),#96,.T.);
#2036=ADVANCED_FACE('',(#165),#19,.F.);
#2037=ADVANCED_FACE('',(#166),#17,.T.);
#2038=ADVANCED_FACE('',(#167),#20,.F.);
#2039=ADVANCED_FACE('',(#168),#1985,.T.);
#2040=ADVANCED_FACE('',(#169),#1986,.T.);
#2041=ADVANCED_FACE('',(#170),#1987,.T.);
#2042=ADVANCED_FACE('',(#171),#1988,.F.);
#2043=ADVANCED_FACE('',(#172),#1989,.T.);
#2044=ADVANCED_FACE('',(#173),#97,.T.);
#2045=ADVANCED_FACE('',(#174),#1990,.T.);
#2046=ADVANCED_FACE('',(#175),#1991,.T.);
#2047=ADVANCED_FACE('',(#176),#21,.F.);
#2048=ADVANCED_FACE('',(#177),#18,.T.);
#2049=ADVANCED_FACE('',(#178),#22,.F.);
#2050=ADVANCED_FACE('',(#179),#98,.T.);
#2051=ADVANCED_FACE('',(#180),#99,.T.);
#2052=ADVANCED_FACE('',(#181),#100,.T.);
#2053=ADVANCED_FACE('',(#182),#101,.T.);
#2054=ADVANCED_FACE('',(#183),#102,.F.);
#2055=ADVANCED_FACE('',(#184),#103,.T.);
#2056=ADVANCED_FACE('',(#185),#104,.T.);
#2057=ADVANCED_FACE('',(#186),#105,.T.);
#2058=ADVANCED_FACE('',(#187),#106,.F.);
#2059=ADVANCED_FACE('',(#188,#33,#34),#1992,.F.);
#2060=ADVANCED_FACE('',(#189),#1993,.F.);
#2061=ADVANCED_FACE('',(#190),#1994,.F.);
#2062=ADVANCED_FACE('',(#191),#1995,.F.);
#2063=ADVANCED_FACE('',(#192),#1996,.F.);
#2064=ADVANCED_FACE('',(#193),#1997,.F.);
#2065=ADVANCED_FACE('',(#194),#1998,.F.);
#2066=ADVANCED_FACE('',(#195),#1999,.F.);
#2067=ADVANCED_FACE('',(#196),#2000,.F.);
#2068=ADVANCED_FACE('',(#197,#35),#107,.T.);
#2069=ADVANCED_FACE('',(#198,#36),#108,.F.);
#2070=ADVANCED_FACE('',(#199),#109,.F.);
#2071=ADVANCED_FACE('',(#200),#110,.F.);
#2072=ADVANCED_FACE('',(#201),#111,.F.);
#2073=ADVANCED_FACE('',(#202,#37),#112,.T.);
#2074=ADVANCED_FACE('',(#203,#38),#113,.F.);
#2075=ADVANCED_FACE('',(#204),#114,.F.);
#2076=ADVANCED_FACE('',(#205),#115,.F.);
#2077=ADVANCED_FACE('',(#206),#116,.F.);
#2078=ADVANCED_FACE('',(#207,#39),#117,.T.);
#2079=ADVANCED_FACE('',(#208,#40),#118,.F.);
#2080=ADVANCED_FACE('',(#209),#119,.F.);
#2081=ADVANCED_FACE('',(#210),#120,.F.);
#2082=ADVANCED_FACE('',(#211),#121,.F.);
#2083=ADVANCED_FACE('',(#212,#41),#122,.T.);
#2084=ADVANCED_FACE('',(#213,#42),#123,.F.);
#2085=ADVANCED_FACE('',(#214),#124,.F.);
#2086=ADVANCED_FACE('',(#215),#125,.F.);
#2087=ADVANCED_FACE('',(#216),#126,.F.);
#2088=ADVANCED_FACE('',(#217),#2001,.T.);
#2089=ADVANCED_FACE('',(#218),#2002,.T.);
#2090=ADVANCED_FACE('',(#219,#43,#44),#127,.F.);
#2091=ADVANCED_FACE('',(#220),#128,.T.);
#2092=ADVANCED_FACE('',(#221),#129,.T.);
#2093=ADVANCED_FACE('',(#222),#2003,.F.);
#2094=ADVANCED_FACE('',(#223),#130,.T.);
#2095=ADVANCED_FACE('',(#224),#131,.F.);
#2096=ADVANCED_FACE('',(#225),#132,.T.);
#2097=ADVANCED_FACE('',(#226,#45,#46),#2004,.F.);
#2098=ADVANCED_FACE('',(#227),#2005,.T.);
#2099=ADVANCED_FACE('',(#228),#133,.T.);
#2100=ADVANCED_FACE('',(#229),#2006,.T.);
#2101=ADVANCED_FACE('',(#230),#134,.T.);
#2102=ADVANCED_FACE('',(#231),#2007,.F.);
#2103=ADVANCED_FACE('',(#232,#47),#135,.T.);
#2104=ADVANCED_FACE('',(#233),#2008,.F.);
#2105=ADVANCED_FACE('',(#234,#48),#136,.T.);
#2106=ADVANCED_FACE('',(#235),#2009,.F.);
#2107=ADVANCED_FACE('',(#236,#49),#137,.T.);
#2108=ADVANCED_FACE('',(#237),#2010,.F.);
#2109=ADVANCED_FACE('',(#238,#50),#138,.T.);
#2110=ADVANCED_FACE('',(#239),#2011,.F.);
#2111=ADVANCED_FACE('',(#240),#2012,.F.);
#2112=ADVANCED_FACE('',(#241),#2013,.F.);
#2113=ADVANCED_FACE('',(#242),#2014,.F.);
#2114=ADVANCED_FACE('',(#243),#139,.F.);
#2115=ADVANCED_FACE('',(#244),#140,.T.);
#2116=ADVANCED_FACE('',(#245),#141,.T.);
#2117=ADVANCED_FACE('',(#246),#142,.T.);
#2118=ADVANCED_FACE('',(#247),#143,.F.);
#2119=ADVANCED_FACE('',(#248),#144,.T.);
#2120=ADVANCED_FACE('',(#249),#145,.T.);
#2121=ADVANCED_FACE('',(#250),#146,.T.);
#2122=ADVANCED_FACE('',(#251),#147,.T.);
#2123=ADVANCED_FACE('',(#252),#23,.F.);
#2124=ADVANCED_FACE('',(#253),#2015,.T.);
#2125=ADVANCED_FACE('',(#254),#24,.F.);
#2126=ADVANCED_FACE('',(#255),#2016,.T.);
#2127=ADVANCED_FACE('',(#256),#2017,.T.);
#2128=ADVANCED_FACE('',(#257),#148,.F.);
#2129=ADVANCED_FACE('',(#258),#2018,.T.);
#2130=ADVANCED_FACE('',(#259),#25,.F.);
#2131=ADVANCED_FACE('',(#260),#2019,.T.);
#2132=ADVANCED_FACE('',(#261),#26,.F.);
#2133=ADVANCED_FACE('',(#262,#51,#52,#53,#54),#149,.T.);
#2134=ADVANCED_FACE('',(#263),#2020,.T.);
#2135=CLOSED_SHELL('',(#2021,#2022,#2023,#2024,#2025,#2026,#2027,#2028,
#2029,#2030,#2031,#2032,#2033,#2034,#2035,#2036,#2037,#2038,#2039,#2040,
#2041,#2042,#2043,#2044,#2045,#2046,#2047,#2048,#2049,#2050,#2051,#2052,
#2053,#2054,#2055,#2056,#2057,#2058,#2059,#2060,#2061,#2062,#2063,#2064,
#2065,#2066,#2067,#2068,#2069,#2070,#2071,#2072,#2073,#2074,#2075,#2076,
#2077,#2078,#2079,#2080,#2081,#2082,#2083,#2084,#2085,#2086,#2087,#2088,
#2089,#2090,#2091,#2092));
#2136=CLOSED_SHELL('',(#2093,#2094,#2095,#2096,#2097,#2098,#2099,#2100,
#2101,#2102,#2103,#2104,#2105,#2106,#2107,#2108,#2109,#2110,#2111,#2112,
#2113,#2114,#2115,#2116,#2117,#2118,#2119,#2120,#2121,#2122,#2123,#2124,
#2125,#2126,#2127,#2128,#2129,#2130,#2131,#2132,#2133,#2134));
#2137=DERIVED_UNIT_ELEMENT(#2139,1.);
#2138=DERIVED_UNIT_ELEMENT(#4226,-3.);
#2139=(
MASS_UNIT()
NAMED_UNIT(*)
SI_UNIT(.KILO.,.GRAM.)
);
#2140=DERIVED_UNIT((#2137,#2138));
#2141=MEASURE_REPRESENTATION_ITEM('density measure',
POSITIVE_RATIO_MEASURE(7850.),#2140);
#2142=PROPERTY_DEFINITION_REPRESENTATION(#2147,#2144);
#2143=PROPERTY_DEFINITION_REPRESENTATION(#2148,#2145);
#2144=REPRESENTATION('material name',(#2146),#4223);
#2145=REPRESENTATION('density',(#2141),#4223);
#2146=DESCRIPTIVE_REPRESENTATION_ITEM('Stahl','Stahl');
#2147=PROPERTY_DEFINITION('material property','material name',#4233);
#2148=PROPERTY_DEFINITION('material property','density of part',#4233);
#2149=AXIS2_PLACEMENT_3D('',#2956,#2360,#2361);
#2150=AXIS2_PLACEMENT_3D('',#2957,#2362,#2363);
#2151=AXIS2_PLACEMENT_3D('',#2962,#2365,#2366);
#2152=AXIS2_PLACEMENT_3D('',#2965,#2368,#2369);
#2153=AXIS2_PLACEMENT_3D('',#2966,#2370,#2371);
#2154=AXIS2_PLACEMENT_3D('',#2980,#2379,#2380);
#2155=AXIS2_PLACEMENT_3D('',#2983,#2381,#2382);
#2156=AXIS2_PLACEMENT_3D('',#2987,#2384,#2385);
#2157=AXIS2_PLACEMENT_3D('',#2988,#2386,#2387);
#2158=AXIS2_PLACEMENT_3D('',#2989,#2388,#2389);
#2159=AXIS2_PLACEMENT_3D('',#2990,#2390,#2391);
#2160=AXIS2_PLACEMENT_3D('',#2993,#2392,#2393);
#2161=AXIS2_PLACEMENT_3D('',#2995,#2394,#2395);
#2162=AXIS2_PLACEMENT_3D('',#2999,#2397,#2398);
#2163=AXIS2_PLACEMENT_3D('',#3001,#2399,#2400);
#2164=AXIS2_PLACEMENT_3D('',#3003,#2402,#2403);
#2165=AXIS2_PLACEMENT_3D('',#3006,#2404,#2405);
#2166=AXIS2_PLACEMENT_3D('',#3024,#2407,#2408);
#2167=AXIS2_PLACEMENT_3D('',#3040,#2410,#2411);
#2168=AXIS2_PLACEMENT_3D('',#3042,#2413,#2414);
#2169=AXIS2_PLACEMENT_3D('',#3044,#2416,#2417);
#2170=AXIS2_PLACEMENT_3D('',#3047,#2419,#2420);
#2171=AXIS2_PLACEMENT_3D('',#3048,#2421,#2422);
#2172=AXIS2_PLACEMENT_3D('',#3051,#2425,#2426);
#2173=AXIS2_PLACEMENT_3D('',#3052,#2427,#2428);
#2174=AXIS2_PLACEMENT_3D('',#3054,#2429,#2430);
#2175=AXIS2_PLACEMENT_3D('',#3056,#2432,#2433);
#2176=AXIS2_PLACEMENT_3D('',#3062,#2437,#2438);
#2177=AXIS2_PLACEMENT_3D('',#3079,#2439,#2440);
#2178=AXIS2_PLACEMENT_3D('',#3098,#2442,#2443);
#2179=AXIS2_PLACEMENT_3D('',#3239,#2444,#2445);
#2180=AXIS2_PLACEMENT_3D('',#3246,#2448,#2449);
#2181=AXIS2_PLACEMENT_3D('',#3248,#2450,#2451);
#2182=AXIS2_PLACEMENT_3D('',#3250,#2452,#2453);
#2183=AXIS2_PLACEMENT_3D('',#3270,#2464,#2465);
#2184=AXIS2_PLACEMENT_3D('',#3290,#2468,#2469);
#2185=AXIS2_PLACEMENT_3D('',#3291,#2470,#2471);
#2186=AXIS2_PLACEMENT_3D('',#3306,#2472,#2473);
#2187=AXIS2_PLACEMENT_3D('',#3308,#2474,#2475);
#2188=AXIS2_PLACEMENT_3D('',#3309,#2476,#2477);
#2189=AXIS2_PLACEMENT_3D('',#3326,#2478,#2479);
#2190=AXIS2_PLACEMENT_3D('',#3327,#2480,#2481);
#2191=AXIS2_PLACEMENT_3D('',#3328,#2482,#2483);
#2192=AXIS2_PLACEMENT_3D('',#3330,#2484,#2485);
#2193=AXIS2_PLACEMENT_3D('',#3332,#2487,#2488);
#2194=AXIS2_PLACEMENT_3D('',#3370,#2489,#2490);
#2195=AXIS2_PLACEMENT_3D('',#3372,#2491,#2492);
#2196=AXIS2_PLACEMENT_3D('',#3374,#2494,#2495);
#2197=AXIS2_PLACEMENT_3D('',#3376,#2496,#2497);
#2198=AXIS2_PLACEMENT_3D('',#3378,#2499,#2500);
#2199=AXIS2_PLACEMENT_3D('',#3380,#2501,#2502);
#2200=AXIS2_PLACEMENT_3D('',#3383,#2505,#2506);
#2201=AXIS2_PLACEMENT_3D('',#3387,#2509,#2510);
#2202=AXIS2_PLACEMENT_3D('',#3442,#2512,#2513);
#2203=AXIS2_PLACEMENT_3D('',#3444,#2514,#2515);
#2204=AXIS2_PLACEMENT_3D('',#3447,#2517,#2518);
#2205=AXIS2_PLACEMENT_3D('',#3464,#2519,#2520);
#2206=AXIS2_PLACEMENT_3D('',#3465,#2521,#2522);
#2207=AXIS2_PLACEMENT_3D('',#3466,#2523,#2524);
#2208=AXIS2_PLACEMENT_3D('',#3468,#2525,#2526);
#2209=AXIS2_PLACEMENT_3D('',#3469,#2527,#2528);
#2210=AXIS2_PLACEMENT_3D('',#3485,#2529,#2530);
#2211=AXIS2_PLACEMENT_3D('',#3486,#2531,#2532);
#2212=AXIS2_PLACEMENT_3D('',#3490,#2534,#2535);
#2213=AXIS2_PLACEMENT_3D('',#3491,#2536,#2537);
#2214=AXIS2_PLACEMENT_3D('',#3494,#2538,#2539);
#2215=AXIS2_PLACEMENT_3D('',#3498,#2541,#2542);
#2216=AXIS2_PLACEMENT_3D('',#3500,#2544,#2545);
#2217=AXIS2_PLACEMENT_3D('',#3503,#2546,#2547);
#2218=AXIS2_PLACEMENT_3D('',#3507,#2549,#2550);
#2219=AXIS2_PLACEMENT_3D('',#3509,#2552,#2553);
#2220=AXIS2_PLACEMENT_3D('',#3512,#2556,#2557);
#2221=AXIS2_PLACEMENT_3D('',#3515,#2558,#2559);
#2222=AXIS2_PLACEMENT_3D('',#3523,#2563,#2564);
#2223=AXIS2_PLACEMENT_3D('',#3526,#2567,#2568);
#2224=AXIS2_PLACEMENT_3D('',#3535,#2573,#2574);
#2225=AXIS2_PLACEMENT_3D('',#3537,#2575,#2576);
#2226=AXIS2_PLACEMENT_3D('',#3540,#2578,#2579);
#2227=AXIS2_PLACEMENT_3D('',#3541,#2580,#2581);
#2228=AXIS2_PLACEMENT_3D('',#3542,#2582,#2583);
#2229=AXIS2_PLACEMENT_3D('',#3543,#2584,#2585);
#2230=AXIS2_PLACEMENT_3D('',#3546,#2588,#2589);
#2231=AXIS2_PLACEMENT_3D('',#3549,#2591,#2592);
#2232=AXIS2_PLACEMENT_3D('',#3618,#2593,#2594);
#2233=AXIS2_PLACEMENT_3D('',#3704,#2596,#2597);
#2234=AXIS2_PLACEMENT_3D('',#3707,#2599,#2600);
#2235=AXIS2_PLACEMENT_3D('',#3708,#2601,#2602);
#2236=AXIS2_PLACEMENT_3D('',#3711,#2604,#2605);
#2237=AXIS2_PLACEMENT_3D('',#3712,#2606,#2607);
#2238=AXIS2_PLACEMENT_3D('',#3715,#2609,#2610);
#2239=AXIS2_PLACEMENT_3D('',#3716,#2611,#2612);
#2240=AXIS2_PLACEMENT_3D('',#3719,#2614,#2615);
#2241=AXIS2_PLACEMENT_3D('',#3720,#2616,#2617);
#2242=AXIS2_PLACEMENT_3D('',#3722,#2618,#2619);
#2243=AXIS2_PLACEMENT_3D('',#3724,#2621,#2622);
#2244=AXIS2_PLACEMENT_3D('',#3726,#2623,#2624);
#2245=AXIS2_PLACEMENT_3D('',#3728,#2626,#2627);
#2246=AXIS2_PLACEMENT_3D('',#3730,#2628,#2629);
#2247=AXIS2_PLACEMENT_3D('',#3732,#2631,#2632);
#2248=AXIS2_PLACEMENT_3D('',#3734,#2633,#2634);
#2249=AXIS2_PLACEMENT_3D('',#3736,#2636,#2637);
#2250=AXIS2_PLACEMENT_3D('',#3742,#2641,#2642);
#2251=AXIS2_PLACEMENT_3D('',#3748,#2646,#2647);
#2252=AXIS2_PLACEMENT_3D('',#3751,#2650,#2651);
#2253=AXIS2_PLACEMENT_3D('',#3752,#2652,#2653);
#2254=AXIS2_PLACEMENT_3D('',#3753,#2654,#2655);
#2255=AXIS2_PLACEMENT_3D('',#3762,#2660,#2661);
#2256=AXIS2_PLACEMENT_3D('',#3771,#2666,#2667);
#2257=AXIS2_PLACEMENT_3D('',#3774,#2670,#2671);
#2258=AXIS2_PLACEMENT_3D('',#3776,#2673,#2674);
#2259=AXIS2_PLACEMENT_3D('',#3778,#2676,#2677);
#2260=AXIS2_PLACEMENT_3D('',#3787,#2682,#2683);
#2261=AXIS2_PLACEMENT_3D('',#3796,#2688,#2689);
#2262=AXIS2_PLACEMENT_3D('',#3799,#2692,#2693);
#2263=AXIS2_PLACEMENT_3D('',#3801,#2695,#2696);
#2264=AXIS2_PLACEMENT_3D('',#3803,#2698,#2699);
#2265=AXIS2_PLACEMENT_3D('',#3809,#2703,#2704);
#2266=AXIS2_PLACEMENT_3D('',#3815,#2708,#2709);
#2267=AXIS2_PLACEMENT_3D('',#3817,#2711,#2712);
#2268=AXIS2_PLACEMENT_3D('',#3819,#2714,#2715);
#2269=AXIS2_PLACEMENT_3D('',#3820,#2716,#2717);
#2270=AXIS2_PLACEMENT_3D('',#3821,#2718,#2719);
#2271=AXIS2_PLACEMENT_3D('',#3822,#2720,#2721);
#2272=AXIS2_PLACEMENT_3D('',#3824,#2722,#2723);
#2273=AXIS2_PLACEMENT_3D('',#3826,#2725,#2726);
#2274=AXIS2_PLACEMENT_3D('',#3828,#2728,#2729);
#2275=AXIS2_PLACEMENT_3D('',#3831,#2732,#2733);
#2276=AXIS2_PLACEMENT_3D('',#3832,#2734,#2735);
#2277=AXIS2_PLACEMENT_3D('',#3837,#2737,#2738);
#2278=AXIS2_PLACEMENT_3D('',#3840,#2740,#2741);
#2279=AXIS2_PLACEMENT_3D('',#3841,#2742,#2743);
#2280=AXIS2_PLACEMENT_3D('',#3851,#2749,#2750);
#2281=AXIS2_PLACEMENT_3D('',#3853,#2751,#2752);
#2282=AXIS2_PLACEMENT_3D('',#3857,#2754,#2755);
#2283=AXIS2_PLACEMENT_3D('',#3861,#2757,#2758);
#2284=AXIS2_PLACEMENT_3D('',#3864,#2760,#2761);
#2285=AXIS2_PLACEMENT_3D('',#3874,#2767,#2768);
#2286=AXIS2_PLACEMENT_3D('',#3875,#2769,#2770);
#2287=AXIS2_PLACEMENT_3D('',#3876,#2771,#2772);
#2288=AXIS2_PLACEMENT_3D('',#3878,#2773,#2774);
#2289=AXIS2_PLACEMENT_3D('',#3919,#2777,#2778);
#2290=AXIS2_PLACEMENT_3D('',#3923,#2780,#2781);
#2291=AXIS2_PLACEMENT_3D('',#3927,#2783,#2784);
#2292=AXIS2_PLACEMENT_3D('',#3931,#2786,#2787);
#2293=AXIS2_PLACEMENT_3D('',#3935,#2789,#2790);
#2294=AXIS2_PLACEMENT_3D('',#3939,#2792,#2793);
#2295=AXIS2_PLACEMENT_3D('',#3943,#2795,#2796);
#2296=AXIS2_PLACEMENT_3D('',#3982,#2799,#2800);
#2297=AXIS2_PLACEMENT_3D('',#4067,#2801,#2802);
#2298=AXIS2_PLACEMENT_3D('',#4071,#2804,#2805);
#2299=AXIS2_PLACEMENT_3D('',#4073,#2807,#2808);
#2300=AXIS2_PLACEMENT_3D('',#4077,#2811,#2812);
#2301=AXIS2_PLACEMENT_3D('',#4080,#2814,#2815);
#2302=AXIS2_PLACEMENT_3D('',#4081,#2816,#2817);
#2303=AXIS2_PLACEMENT_3D('',#4085,#2819,#2820);
#2304=AXIS2_PLACEMENT_3D('',#4088,#2822,#2823);
#2305=AXIS2_PLACEMENT_3D('',#4089,#2824,#2825);
#2306=AXIS2_PLACEMENT_3D('',#4091,#2826,#2827);
#2307=AXIS2_PLACEMENT_3D('',#4094,#2829,#2830);
#2308=AXIS2_PLACEMENT_3D('',#4095,#2831,#2832);
#2309=AXIS2_PLACEMENT_3D('',#4097,#2833,#2834);
#2310=AXIS2_PLACEMENT_3D('',#4098,#2835,#2836);
#2311=AXIS2_PLACEMENT_3D('',#4100,#2837,#2838);
#2312=AXIS2_PLACEMENT_3D('',#4103,#2840,#2841);
#2313=AXIS2_PLACEMENT_3D('',#4104,#2842,#2843);
#2314=AXIS2_PLACEMENT_3D('',#4106,#2844,#2845);
#2315=AXIS2_PLACEMENT_3D('',#4107,#2846,#2847);
#2316=AXIS2_PLACEMENT_3D('',#4109,#2848,#2849);
#2317=AXIS2_PLACEMENT_3D('',#4112,#2851,#2852);
#2318=AXIS2_PLACEMENT_3D('',#4113,#2853,#2854);
#2319=AXIS2_PLACEMENT_3D('',#4115,#2855,#2856);
#2320=AXIS2_PLACEMENT_3D('',#4116,#2857,#2858);
#2321=AXIS2_PLACEMENT_3D('',#4118,#2859,#2860);
#2322=AXIS2_PLACEMENT_3D('',#4121,#2862,#2863);
#2323=AXIS2_PLACEMENT_3D('',#4122,#2864,#2865);
#2324=AXIS2_PLACEMENT_3D('',#4124,#2866,#2867);
#2325=AXIS2_PLACEMENT_3D('',#4125,#2868,#2869);
#2326=AXIS2_PLACEMENT_3D('',#4127,#2871,#2872);
#2327=AXIS2_PLACEMENT_3D('',#4129,#2874,#2875);
#2328=AXIS2_PLACEMENT_3D('',#4130,#2876,#2877);
#2329=AXIS2_PLACEMENT_3D('',#4132,#2879,#2880);
#2330=AXIS2_PLACEMENT_3D('',#4134,#2882,#2883);
#2331=AXIS2_PLACEMENT_3D('',#4135,#2884,#2885);
#2332=AXIS2_PLACEMENT_3D('',#4138,#2888,#2889);
#2333=AXIS2_PLACEMENT_3D('',#4140,#2891,#2892);
#2334=AXIS2_PLACEMENT_3D('',#4142,#2894,#2895);
#2335=AXIS2_PLACEMENT_3D('',#4144,#2897,#2898);
#2336=AXIS2_PLACEMENT_3D('',#4146,#2900,#2901);
#2337=AXIS2_PLACEMENT_3D('',#4149,#2904,#2905);
#2338=AXIS2_PLACEMENT_3D('',#4150,#2906,#2907);
#2339=AXIS2_PLACEMENT_3D('',#4151,#2908,#2909);
#2340=AXIS2_PLACEMENT_3D('',#4163,#2910,#2911);
#2341=AXIS2_PLACEMENT_3D('',#4164,#2912,#2913);
#2342=AXIS2_PLACEMENT_3D('',#4165,#2914,#2915);
#2343=AXIS2_PLACEMENT_3D('',#4166,#2916,#2917);
#2344=AXIS2_PLACEMENT_3D('',#4169,#2918,#2919);
#2345=AXIS2_PLACEMENT_3D('',#4182,#2922,#2923);
#2346=AXIS2_PLACEMENT_3D('',#4183,#2924,#2925);
#2347=AXIS2_PLACEMENT_3D('',#4184,#2926,#2927);
#2348=AXIS2_PLACEMENT_3D('',#4185,#2928,#2929);
#2349=AXIS2_PLACEMENT_3D('',#4187,#2931,#2932);
#2350=AXIS2_PLACEMENT_3D('',#4189,#2933,#2934);
#2351=AXIS2_PLACEMENT_3D('',#4191,#2936,#2937);
#2352=AXIS2_PLACEMENT_3D('',#4192,#2938,#2939);
#2353=AXIS2_PLACEMENT_3D('',#4193,#2940,#2941);
#2354=AXIS2_PLACEMENT_3D('',#4204,#2942,#2943);
#2355=AXIS2_PLACEMENT_3D('',#4205,#2944,#2945);
#2356=AXIS2_PLACEMENT_3D('',#4206,#2946,#2947);
#2357=AXIS2_PLACEMENT_3D('',#4207,#2948,#2949);
#2358=AXIS2_PLACEMENT_3D('',#4218,#2951,#2952);
#2359=AXIS2_PLACEMENT_3D('',#4220,#2954,#2955);
#2360=DIRECTION('axis',(0.,0.,1.));
#2361=DIRECTION('refdir',(1.,0.,0.));
#2362=DIRECTION('center_axis',(-1.,0.,0.));
#2363=DIRECTION('ref_axis',(0.,0.,1.));
#2364=DIRECTION('',(1.,0.,0.));
#2365=DIRECTION('center_axis',(1.,0.,0.));
#2366=DIRECTION('ref_axis',(0.,0.,1.));
#2367=DIRECTION('',(-1.,0.,0.));
#2368=DIRECTION('center_axis',(-1.,0.,0.));
#2369=DIRECTION('ref_axis',(0.,0.,1.));
#2370=DIRECTION('center_axis',(1.,0.,0.));
#2371=DIRECTION('ref_axis',(0.,0.,-1.));
#2372=DIRECTION('',(0.,-1.,0.));
#2373=DIRECTION('',(0.,0.,-1.));
#2374=DIRECTION('',(0.,1.,0.));
#2375=DIRECTION('',(0.,1.,0.));
#2376=DIRECTION('',(0.,1.,0.));
#2377=DIRECTION('',(0.,0.,1.));
#2378=DIRECTION('',(0.,-1.,0.));
#2379=DIRECTION('center_axis',(0.,1.,0.));
#2380=DIRECTION('ref_axis',(-0.381578947368416,0.,0.924336252088606));
#2381=DIRECTION('center_axis',(0.,-1.,0.));
#2382=DIRECTION('ref_axis',(-0.381578947368416,0.,0.924336252088606));
#2383=DIRECTION('',(0.,1.,0.));
#2384=DIRECTION('center_axis',(0.,1.,0.));
#2385=DIRECTION('ref_axis',(-0.381578947368416,0.,0.924336252088606));
#2386=DIRECTION('center_axis',(0.000425693599393395,0.707106781186542,-0.707106653048158));
#2387=DIRECTION('ref_axis',(-0.000425693599399578,0.707106781186553,0.707106653048146));
#2388=DIRECTION('center_axis',(0.000425693599393395,-0.707106781186541,
-0.707106653048158));
#2389=DIRECTION('ref_axis',(-0.000425693599399529,-0.707106781186554,0.707106653048146));
#2390=DIRECTION('center_axis',(0.,1.,0.));
#2391=DIRECTION('ref_axis',(-1.,0.,0.));
#2392=DIRECTION('center_axis',(0.,-1.,0.));
#2393=DIRECTION('ref_axis',(-1.,0.,0.));
#2394=DIRECTION('center_axis',(0.,-0.707106781186551,-0.707106781186544));
#2395=DIRECTION('ref_axis',(-4.4158850400481E-16,-0.707106781186544,0.707106781186551));
#2396=DIRECTION('',(0.,1.,0.));
#2397=DIRECTION('center_axis',(0.,0.70710678118655,-0.707106781186546));
#2398=DIRECTION('ref_axis',(-5.88784672006414E-16,0.707106781186545,0.70710678118655));
#2399=DIRECTION('center_axis',(0.,1.,0.));
#2400=DIRECTION('ref_axis',(-1.,0.,0.));
#2401=DIRECTION('',(0.,1.,0.));
#2402=DIRECTION('center_axis',(0.,1.,0.));
#2403=DIRECTION('ref_axis',(0.408450704225352,0.,-0.912780380057445));
#2404=DIRECTION('center_axis',(0.,-1.,0.));
#2405=DIRECTION('ref_axis',(0.408450704225352,0.,-0.912780380057445));
#2406=DIRECTION('',(0.,1.,0.));
#2407=DIRECTION('center_axis',(0.,1.,0.));
#2408=DIRECTION('ref_axis',(0.408450704225352,0.,-0.912780380057445));
#2409=DIRECTION('',(0.,1.,0.));
#2410=DIRECTION('center_axis',(0.,1.,0.));
#2411=DIRECTION('ref_axis',(1.,0.,0.));
#2412=DIRECTION('',(-0.000602021661681786,0.,0.999999818784943));
#2413=DIRECTION('center_axis',(0.,-1.,0.));
#2414=DIRECTION('ref_axis',(0.381578947368421,0.,-0.924336252088604));
#2415=DIRECTION('',(3.08926844298877E-16,0.,-1.));
#2416=DIRECTION('center_axis',(-3.08926844298877E-16,0.,1.));
#2417=DIRECTION('ref_axis',(-0.707106781186546,0.707106781186549,0.));
#2418=DIRECTION('',(-3.08926844298877E-16,0.,1.));
#2419=DIRECTION('center_axis',(0.,0.70710678118654,0.707106781186555));
#2420=DIRECTION('ref_axis',(4.90653893338685E-16,0.707106781186555,-0.70710678118654));
#2421=DIRECTION('center_axis',(0.,1.,0.));
#2422=DIRECTION('ref_axis',(1.,0.,0.));
#2423=DIRECTION('',(0.000602021661681786,0.,-0.999999818784943));
#2424=DIRECTION('',(-3.08926844298877E-16,0.,1.));
#2425=DIRECTION('center_axis',(0.,1.,0.));
#2426=DIRECTION('ref_axis',(0.381578947368421,0.,-0.924336252088604));
#2427=DIRECTION('center_axis',(-3.08926844298877E-16,0.,1.));
#2428=DIRECTION('ref_axis',(-0.707106781186544,-0.707106781186551,0.));
#2429=DIRECTION('center_axis',(0.,-0.707106781186541,0.707106781186554));
#2430=DIRECTION('ref_axis',(4.41588504004816E-16,-0.707106781186554,-0.707106781186541));
#2431=DIRECTION('',(3.08926844298877E-16,0.,-1.));
#2432=DIRECTION('center_axis',(0.999999818784943,0.,0.000602021661681786));
#2433=DIRECTION('ref_axis',(0.000602021661681786,0.,-0.999999818784943));
#2434=DIRECTION('',(-0.000602021661681786,0.,0.999999818784943));
#2435=DIRECTION('',(0.000602021661681786,0.,-0.999999818784943));
#2436=DIRECTION('',(0.,1.,0.));
#2437=DIRECTION('center_axis',(0.000602021661681786,0.,-0.999999818784943));
#2438=DIRECTION('ref_axis',(0.707106653048152,0.707106781186547,0.000425693599393392));
#2439=DIRECTION('center_axis',(-0.000602021661681786,0.,0.999999818784943));
#2440=DIRECTION('ref_axis',(0.707106653048154,-0.707106781186546,0.000425693599393392));
#2441=DIRECTION('',(-0.000602021661681786,0.,0.999999818784943));
#2442=DIRECTION('center_axis',(0.,1.,0.));
#2443=DIRECTION('ref_axis',(0.381578947368421,0.,-0.924336252088604));
#2444=DIRECTION('center_axis',(0.,1.,0.));
#2445=DIRECTION('ref_axis',(1.,0.,0.));
#2446=DIRECTION('',(1.,0.,0.));
#2447=DIRECTION('',(3.08926844298877E-16,0.,-1.));
#2448=DIRECTION('center_axis',(0.,-1.,0.));
#2449=DIRECTION('ref_axis',(-0.543851678205856,0.,0.839181358296688));
#2450=DIRECTION('center_axis',(0.,1.,0.));
#2451=DIRECTION('ref_axis',(6.34413156928661E-17,0.,-1.));
#2452=DIRECTION('center_axis',(0.,-1.,0.));
#2453=DIRECTION('ref_axis',(0.5771261956054,0.,0.816654978767678));
#2454=DIRECTION('',(-0.000602021661681786,0.,0.999999818784943));
#2455=DIRECTION('',(0.,0.,1.));
#2456=DIRECTION('',(0.,0.,-1.));
#2457=DIRECTION('',(1.,0.,0.));
#2458=DIRECTION('',(0.,0.,1.));
#2459=DIRECTION('',(-1.,0.,0.));
#2460=DIRECTION('',(0.,0.,-1.));
#2461=DIRECTION('',(1.,0.,0.));
#2462=DIRECTION('',(0.,0.,1.));
#2463=DIRECTION('',(-1.,0.,0.));
#2464=DIRECTION('center_axis',(0.999999818784943,0.,0.000602021661681786));
#2465=DIRECTION('ref_axis',(0.000602021661681786,0.,-0.999999818784943));
#2466=DIRECTION('',(0.000602021661681786,0.,-0.999999818784943));
#2467=DIRECTION('',(0.,1.,0.));
#2468=DIRECTION('center_axis',(-0.912780380057446,0.,-0.408450704225351));
#2469=DIRECTION('ref_axis',(-0.408450704225351,0.,0.912780380057446));
#2470=DIRECTION('center_axis',(0.,1.,0.));
#2471=DIRECTION('ref_axis',(0.5771261956054,0.,0.816654978767679));
#2472=DIRECTION('center_axis',(0.,-1.,0.));
#2473=DIRECTION('ref_axis',(0.,0.,-1.));
#2474=DIRECTION('center_axis',(-0.912780380057436,0.,0.408450704225373));
#2475=DIRECTION('ref_axis',(0.408450704225373,0.,0.912780380057436));
#2476=DIRECTION('center_axis',(0.,-1.,0.));
#2477=DIRECTION('ref_axis',(6.34413156928661E-17,0.,-1.));
#2478=DIRECTION('center_axis',(0.,0.,-1.));
#2479=DIRECTION('ref_axis',(-1.,0.,0.));
#2480=DIRECTION('center_axis',(0.,1.,0.));
#2481=DIRECTION('ref_axis',(-0.543851678205856,0.,0.839181358296688));
#2482=DIRECTION('center_axis',(-3.08926844298877E-16,0.,1.));
#2483=DIRECTION('ref_axis',(-0.707106781186547,0.707106781186547,0.));
#2484=DIRECTION('center_axis',(0.,0.,-1.));
#2485=DIRECTION('ref_axis',(-0.707106781186547,0.707106781186547,0.));
#2486=DIRECTION('',(-3.08926844298877E-16,0.,1.));
#2487=DIRECTION('center_axis',(0.000602021661681786,0.,-0.999999818784943));
#2488=DIRECTION('ref_axis',(0.70710665304815,0.70710678118655,0.000425693599393394));
#2489=DIRECTION('center_axis',(0.,1.,0.));
#2490=DIRECTION('ref_axis',(-0.408450704225361,0.,0.912780380057441));
#2491=DIRECTION('center_axis',(0.,-1.,0.));
#2492=DIRECTION('ref_axis',(0.5771261956054,0.,0.816654978767679));
#2493=DIRECTION('',(0.,1.,0.));
#2494=DIRECTION('center_axis',(0.,1.,0.));
#2495=DIRECTION('ref_axis',(0.408450704225352,0.,-0.912780380057445));
#2496=DIRECTION('center_axis',(0.,1.,0.));
#2497=DIRECTION('ref_axis',(6.34413156928661E-17,0.,-1.));
#2498=DIRECTION('',(0.,1.,0.));
#2499=DIRECTION('center_axis',(0.,1.,0.));
#2500=DIRECTION('ref_axis',(-0.408450704225328,0.,-0.912780380057456));
#2501=DIRECTION('center_axis',(0.,-1.,0.));
#2502=DIRECTION('ref_axis',(-0.543851678205856,0.,0.839181358296688));
#2503=DIRECTION('',(0.,1.,0.));
#2504=DIRECTION('',(0.,1.,0.));
#2505=DIRECTION('center_axis',(-1.,0.,-3.08926844298877E-16));
#2506=DIRECTION('ref_axis',(-3.08926844298877E-16,0.,1.));
#2507=DIRECTION('',(0.,1.,0.));
#2508=DIRECTION('',(3.08926844298877E-16,0.,-1.));
#2509=DIRECTION('center_axis',(-0.000602021661681786,0.,0.999999818784943));
#2510=DIRECTION('ref_axis',(0.707106653048149,-0.70710678118655,0.000425693599393394));
#2511=DIRECTION('',(0.000602021661681786,0.,-0.999999818784943));
#2512=DIRECTION('center_axis',(-3.08926844298877E-16,0.,1.));
#2513=DIRECTION('ref_axis',(-0.707106781186547,-0.707106781186548,0.));
#2514=DIRECTION('center_axis',(0.,0.,-1.));
#2515=DIRECTION('ref_axis',(-0.707106781186547,-0.707106781186548,0.));
#2516=DIRECTION('',(-3.08926844298877E-16,0.,1.));
#2517=DIRECTION('center_axis',(0.,0.,1.));
#2518=DIRECTION('ref_axis',(-1.,0.,0.));
#2519=DIRECTION('center_axis',(0.,1.,0.));
#2520=DIRECTION('ref_axis',(-0.543851678205856,0.,0.839181358296688));
#2521=DIRECTION('center_axis',(0.912780380057444,0.,-0.408450704225355));
#2522=DIRECTION('ref_axis',(0.408450704225355,0.,0.912780380057444));
#2523=DIRECTION('center_axis',(0.,1.,0.));
#2524=DIRECTION('ref_axis',(-1.22464679914735E-16,0.,-1.));
#2525=DIRECTION('center_axis',(0.,-1.,0.));
#2526=DIRECTION('ref_axis',(6.34413156928661E-17,0.,-1.));
#2527=DIRECTION('center_axis',(0.912780380057442,0.,0.408450704225359));
#2528=DIRECTION('ref_axis',(-0.408450704225359,0.,0.912780380057442));
#2529=DIRECTION('center_axis',(0.,1.,0.));
#2530=DIRECTION('ref_axis',(0.5771261956054,0.,0.816654978767678));
#2531=DIRECTION('center_axis',(1.,0.,0.));
#2532=DIRECTION('ref_axis',(0.,0.,-1.));
#2533=DIRECTION('',(0.,-1.,0.));
#2534=DIRECTION('center_axis',(-1.,0.,0.));
#2535=DIRECTION('ref_axis',(0.,-0.634738183807682,-0.772727272727271));
#2536=DIRECTION('center_axis',(-1.,0.,0.));
#2537=DIRECTION('ref_axis',(0.,1.,0.));
#2538=DIRECTION('center_axis',(1.,0.,0.));
#2539=DIRECTION('ref_axis',(0.,-0.634738183807682,-0.772727272727271));
#2540=DIRECTION('',(0.,-1.,0.));
#2541=DIRECTION('center_axis',(1.,0.,0.));
#2542=DIRECTION('ref_axis',(0.,-0.634738183807682,-0.772727272727271));
#2543=DIRECTION('',(0.,1.,0.));
#2544=DIRECTION('center_axis',(1.,0.,0.));
#2545=DIRECTION('ref_axis',(0.,-1.,0.));
#2546=DIRECTION('center_axis',(-1.,0.,0.));
#2547=DIRECTION('ref_axis',(0.,-0.634738183807682,-0.772727272727271));
#2548=DIRECTION('',(0.,-1.,0.));
#2549=DIRECTION('center_axis',(-1.,0.,0.));
#2550=DIRECTION('ref_axis',(0.,-0.634738183807682,-0.772727272727271));
#2551=DIRECTION('',(0.,1.,0.));
#2552=DIRECTION('center_axis',(0.,0.,-1.));
#2553=DIRECTION('ref_axis',(-1.,0.,0.));
#2554=DIRECTION('',(1.,0.,0.));
#2555=DIRECTION('',(-1.,0.,0.));
#2556=DIRECTION('center_axis',(0.,0.,1.));
#2557=DIRECTION('ref_axis',(0.,-1.,0.));
#2558=DIRECTION('center_axis',(0.,0.,1.));
#2559=DIRECTION('ref_axis',(-1.,0.,0.));
#2560=DIRECTION('',(1.,0.,0.));
#2561=DIRECTION('',(0.,-1.,0.));
#2562=DIRECTION('',(1.,0.,0.));
#2563=DIRECTION('center_axis',(0.,0.,1.));
#2564=DIRECTION('ref_axis',(-1.,0.,0.));
#2565=DIRECTION('',(1.,0.,0.));
#2566=DIRECTION('',(1.,0.,0.));
#2567=DIRECTION('center_axis',(0.,0.,-1.));
#2568=DIRECTION('ref_axis',(-1.,0.,0.));
#2569=DIRECTION('',(-1.,0.,0.));
#2570=DIRECTION('',(0.,-1.,0.));
#2571=DIRECTION('',(1.,0.,0.));
#2572=DIRECTION('',(0.,1.,0.));
#2573=DIRECTION('center_axis',(1.,0.,0.));
#2574=DIRECTION('ref_axis',(0.,-1.,0.));
#2575=DIRECTION('center_axis',(-1.,0.,0.));
#2576=DIRECTION('ref_axis',(0.,-0.634738183807682,-0.772727272727271));
#2577=DIRECTION('',(0.,1.,0.));
#2578=DIRECTION('center_axis',(-1.,0.,0.));
#2579=DIRECTION('ref_axis',(0.,-0.634738183807682,-0.772727272727271));
#2580=DIRECTION('center_axis',(-1.,0.,0.));
#2581=DIRECTION('ref_axis',(0.,0.,1.));
#2582=DIRECTION('center_axis',(1.,0.,0.));
#2583=DIRECTION('ref_axis',(0.,-0.634738183807682,-0.772727272727271));
#2584=DIRECTION('center_axis',(0.,0.,1.));
#2585=DIRECTION('ref_axis',(0.,-1.,0.));
#2586=DIRECTION('',(1.,0.,0.));
#2587=DIRECTION('',(1.,0.,0.));
#2588=DIRECTION('center_axis',(1.,0.,0.));
#2589=DIRECTION('ref_axis',(0.,5.04646829375069E-16,1.));
#2590=DIRECTION('',(-1.,0.,0.));
#2591=DIRECTION('center_axis',(1.,0.,0.));
#2592=DIRECTION('ref_axis',(0.,-0.634738183807682,-0.772727272727271));
#2593=DIRECTION('center_axis',(1.,0.,0.));
#2594=DIRECTION('ref_axis',(0.,-0.634738183807682,-0.772727272727271));
#2595=DIRECTION('',(1.,0.,0.));
#2596=DIRECTION('center_axis',(0.,0.,1.));
#2597=DIRECTION('ref_axis',(-1.,0.,0.));
#2598=DIRECTION('',(0.,0.,1.));
#2599=DIRECTION('center_axis',(0.,0.,1.));
#2600=DIRECTION('ref_axis',(-1.,0.,0.));
#2601=DIRECTION('center_axis',(0.,0.,1.));
#2602=DIRECTION('ref_axis',(-1.,0.,0.));
#2603=DIRECTION('',(0.,0.,1.));
#2604=DIRECTION('center_axis',(0.,0.,1.));
#2605=DIRECTION('ref_axis',(-1.,0.,0.));
#2606=DIRECTION('center_axis',(0.,0.,1.));
#2607=DIRECTION('ref_axis',(-1.,0.,0.));
#2608=DIRECTION('',(0.,0.,1.));
#2609=DIRECTION('center_axis',(0.,0.,1.));
#2610=DIRECTION('ref_axis',(-1.,0.,0.));
#2611=DIRECTION('center_axis',(0.,0.,1.));
#2612=DIRECTION('ref_axis',(-1.,0.,0.));
#2613=DIRECTION('',(0.,0.,1.));
#2614=DIRECTION('center_axis',(0.,0.,1.));
#2615=DIRECTION('ref_axis',(-1.,0.,0.));
#2616=DIRECTION('center_axis',(0.,0.,1.));
#2617=DIRECTION('ref_axis',(-1.,0.,0.));
#2618=DIRECTION('center_axis',(0.,0.,-1.));
#2619=DIRECTION('ref_axis',(-1.,0.,0.));
#2620=DIRECTION('',(0.,0.,1.));
#2621=DIRECTION('center_axis',(0.,0.,1.));
#2622=DIRECTION('ref_axis',(-1.,0.,0.));
#2623=DIRECTION('center_axis',(0.,0.,-1.));
#2624=DIRECTION('ref_axis',(-1.,0.,0.));
#2625=DIRECTION('',(0.,0.,1.));
#2626=DIRECTION('center_axis',(0.,0.,1.));
#2627=DIRECTION('ref_axis',(-1.,0.,0.));
#2628=DIRECTION('center_axis',(0.,0.,-1.));
#2629=DIRECTION('ref_axis',(-1.,0.,0.));
#2630=DIRECTION('',(0.,0.,1.));
#2631=DIRECTION('center_axis',(0.,0.,1.));
#2632=DIRECTION('ref_axis',(-1.,0.,0.));
#2633=DIRECTION('center_axis',(0.,0.,-1.));
#2634=DIRECTION('ref_axis',(-1.,0.,0.));
#2635=DIRECTION('',(0.,0.,1.));
#2636=DIRECTION('center_axis',(0.,0.,-1.));
#2637=DIRECTION('ref_axis',(-1.,0.,0.));
#2638=DIRECTION('',(-1.,0.,0.));
#2639=DIRECTION('',(0.,1.,0.));
#2640=DIRECTION('',(0.,-1.,0.));
#2641=DIRECTION('center_axis',(0.,0.,-1.));
#2642=DIRECTION('ref_axis',(-1.,0.,0.));
#2643=DIRECTION('',(-1.,0.,0.));
#2644=DIRECTION('',(0.,-1.,0.));
#2645=DIRECTION('',(0.,1.,0.));
#2646=DIRECTION('center_axis',(0.,-1.,0.));
#2647=DIRECTION('ref_axis',(-1.,0.,0.));
#2648=DIRECTION('',(0.,0.,-1.));
#2649=DIRECTION('',(0.,0.,-1.));
#2650=DIRECTION('center_axis',(-1.,0.,0.));
#2651=DIRECTION('ref_axis',(0.,1.,0.));
#2652=DIRECTION('center_axis',(1.,0.,0.));
#2653=DIRECTION('ref_axis',(0.,-1.,0.));
#2654=DIRECTION('center_axis',(0.,0.,-1.));
#2655=DIRECTION('ref_axis',(-1.,0.,0.));
#2656=DIRECTION('',(-1.,0.,0.));
#2657=DIRECTION('',(0.,1.,0.));
#2658=DIRECTION('',(1.,0.,0.));
#2659=DIRECTION('',(0.,-1.,0.));
#2660=DIRECTION('center_axis',(0.,0.,-1.));
#2661=DIRECTION('ref_axis',(-1.,0.,0.));
#2662=DIRECTION('',(1.,0.,0.));
#2663=DIRECTION('',(0.,1.,0.));
#2664=DIRECTION('',(-1.,0.,0.));
#2665=DIRECTION('',(0.,-1.,0.));
#2666=DIRECTION('center_axis',(0.,1.,0.));
#2667=DIRECTION('ref_axis',(1.,0.,0.));
#2668=DIRECTION('',(0.,0.,-1.));
#2669=DIRECTION('',(0.,0.,-1.));
#2670=DIRECTION('center_axis',(1.,0.,0.));
#2671=DIRECTION('ref_axis',(0.,-1.,0.));
#2672=DIRECTION('',(0.,0.,-1.));
#2673=DIRECTION('center_axis',(-1.,0.,0.));
#2674=DIRECTION('ref_axis',(0.,1.,0.));
#2675=DIRECTION('',(0.,0.,1.));
#2676=DIRECTION('center_axis',(0.,0.,-1.));
#2677=DIRECTION('ref_axis',(-1.,0.,0.));
#2678=DIRECTION('',(0.,-1.,0.));
#2679=DIRECTION('',(-1.,0.,0.));
#2680=DIRECTION('',(0.,1.,0.));
#2681=DIRECTION('',(1.,0.,0.));
#2682=DIRECTION('center_axis',(0.,0.,-1.));
#2683=DIRECTION('ref_axis',(-1.,0.,0.));
#2684=DIRECTION('',(0.,1.,0.));
#2685=DIRECTION('',(-1.,0.,0.));
#2686=DIRECTION('',(0.,-1.,0.));
#2687=DIRECTION('',(1.,0.,0.));
#2688=DIRECTION('center_axis',(-1.,0.,0.));
#2689=DIRECTION('ref_axis',(0.,1.,0.));
#2690=DIRECTION('',(0.,0.,1.));
#2691=DIRECTION('',(0.,0.,-1.));
#2692=DIRECTION('center_axis',(0.,1.,0.));
#2693=DIRECTION('ref_axis',(1.,0.,0.));
#2694=DIRECTION('',(0.,0.,-1.));
#2695=DIRECTION('center_axis',(1.,0.,0.));
#2696=DIRECTION('ref_axis',(0.,-1.,0.));
#2697=DIRECTION('',(0.,0.,-1.));
#2698=DIRECTION('center_axis',(0.,0.,-1.));
#2699=DIRECTION('ref_axis',(-1.,0.,0.));
#2700=DIRECTION('',(0.,1.,0.));
#2701=DIRECTION('',(0.,-1.,0.));
#2702=DIRECTION('',(-1.,0.,0.));
#2703=DIRECTION('center_axis',(0.,0.,-1.));
#2704=DIRECTION('ref_axis',(-1.,0.,0.));
#2705=DIRECTION('',(0.,1.,0.));
#2706=DIRECTION('',(-1.,0.,0.));
#2707=DIRECTION('',(0.,-1.,0.));
#2708=DIRECTION('center_axis',(-1.,0.,0.));
#2709=DIRECTION('ref_axis',(0.,1.,0.));
#2710=DIRECTION('',(0.,0.,-1.));
#2711=DIRECTION('center_axis',(1.,0.,0.));
#2712=DIRECTION('ref_axis',(0.,-1.,0.));
#2713=DIRECTION('',(0.,0.,-1.));
#2714=DIRECTION('center_axis',(0.,-1.,0.));
#2715=DIRECTION('ref_axis',(-1.,0.,0.));
#2716=DIRECTION('center_axis',(0.,0.,-1.));
#2717=DIRECTION('ref_axis',(0.707106781186547,0.707106781186547,0.));
#2718=DIRECTION('center_axis',(0.,0.,-1.));
#2719=DIRECTION('ref_axis',(0.707106781186547,0.707106781186547,0.));
#2720=DIRECTION('center_axis',(0.,0.,1.));
#2721=DIRECTION('ref_axis',(0.707106781186547,-0.707106781186548,0.));
#2722=DIRECTION('center_axis',(0.,0.,-1.));
#2723=DIRECTION('ref_axis',(0.707106781186547,-0.707106781186548,0.));
#2724=DIRECTION('',(0.,0.,-1.));
#2725=DIRECTION('center_axis',(0.,1.,0.));
#2726=DIRECTION('ref_axis',(1.,0.,0.));
#2727=DIRECTION('',(-1.,0.,0.));
#2728=DIRECTION('center_axis',(-1.,0.,0.));
#2729=DIRECTION('ref_axis',(0.,0.,1.));
#2730=DIRECTION('',(0.,1.,0.));
#2731=DIRECTION('',(0.,1.,0.));
#2732=DIRECTION('center_axis',(0.,0.,-1.));
#2733=DIRECTION('ref_axis',(-1.,0.,0.));
#2734=DIRECTION('center_axis',(-1.,0.,0.));
#2735=DIRECTION('ref_axis',(0.,1.22464679914735E-16,-1.));
#2736=DIRECTION('',(1.,0.,0.));
#2737=DIRECTION('center_axis',(1.,0.,0.));
#2738=DIRECTION('ref_axis',(0.,0.,1.));
#2739=DIRECTION('',(-1.,0.,0.));
#2740=DIRECTION('center_axis',(-1.,0.,0.));
#2741=DIRECTION('ref_axis',(0.,0.,1.));
#2742=DIRECTION('center_axis',(1.,0.,0.));
#2743=DIRECTION('ref_axis',(0.,0.,-1.));
#2744=DIRECTION('',(0.,-1.,0.));
#2745=DIRECTION('',(0.,0.,1.));
#2746=DIRECTION('',(0.,1.,0.));
#2747=DIRECTION('',(0.,0.,-1.));
#2748=DIRECTION('',(0.,-1.,0.));
#2749=DIRECTION('center_axis',(0.,0.,-1.));
#2750=DIRECTION('ref_axis',(-1.,0.,0.));
#2751=DIRECTION('center_axis',(0.,0.,-1.));
#2752=DIRECTION('ref_axis',(0.707106781186547,0.707106781186547,0.));
#2753=DIRECTION('',(1.,0.,0.));
#2754=DIRECTION('center_axis',(0.,0.,-1.));
#2755=DIRECTION('ref_axis',(-0.707106781186547,0.707106781186547,0.));
#2756=DIRECTION('',(0.,1.,0.));
#2757=DIRECTION('center_axis',(0.,0.,-1.));
#2758=DIRECTION('ref_axis',(-0.707106781186547,-0.707106781186548,0.));
#2759=DIRECTION('',(-1.,0.,0.));
#2760=DIRECTION('center_axis',(0.,0.,-1.));
#2761=DIRECTION('ref_axis',(0.707106781186547,-0.707106781186548,0.));
#2762=DIRECTION('',(0.,1.,0.));
#2763=DIRECTION('',(1.,0.,0.));
#2764=DIRECTION('',(0.,-1.,0.));
#2765=DIRECTION('',(-1.,0.,0.));
#2766=DIRECTION('',(0.,1.,0.));
#2767=DIRECTION('center_axis',(1.,0.,0.));
#2768=DIRECTION('ref_axis',(0.,0.,-1.));
#2769=DIRECTION('center_axis',(-1.,0.,0.));
#2770=DIRECTION('ref_axis',(0.,-0.634738183807682,-0.772727272727271));
#2771=DIRECTION('center_axis',(1.,0.,0.));
#2772=DIRECTION('ref_axis',(0.,-0.634738183807682,-0.772727272727271));
#2773=DIRECTION('center_axis',(1.,0.,0.));
#2774=DIRECTION('ref_axis',(0.,-0.634738183807682,-0.772727272727271));
#2775=DIRECTION('',(1.,0.,0.));
#2776=DIRECTION('',(1.,0.,0.));
#2777=DIRECTION('center_axis',(-1.,0.,0.));
#2778=DIRECTION('ref_axis',(0.,-0.634738183807682,-0.772727272727271));
#2779=DIRECTION('',(-1.,0.,0.));
#2780=DIRECTION('center_axis',(1.,0.,0.));
#2781=DIRECTION('ref_axis',(0.,-0.634738183807682,-0.772727272727271));
#2782=DIRECTION('',(1.,0.,0.));
#2783=DIRECTION('center_axis',(-1.,0.,0.));
#2784=DIRECTION('ref_axis',(0.,-0.634738183807682,-0.772727272727271));
#2785=DIRECTION('',(-1.,0.,0.));
#2786=DIRECTION('center_axis',(1.,0.,0.));
#2787=DIRECTION('ref_axis',(0.,-0.634738183807682,-0.772727272727271));
#2788=DIRECTION('',(1.,0.,0.));
#2789=DIRECTION('center_axis',(-1.,0.,0.));
#2790=DIRECTION('ref_axis',(0.,-0.634738183807682,-0.772727272727271));
#2791=DIRECTION('',(1.,0.,0.));
#2792=DIRECTION('center_axis',(1.,0.,0.));
#2793=DIRECTION('ref_axis',(0.,-0.634738183807682,-0.772727272727271));
#2794=DIRECTION('',(1.,0.,0.));
#2795=DIRECTION('center_axis',(-1.,0.,0.));
#2796=DIRECTION('ref_axis',(0.,-0.634738183807682,-0.772727272727271));
#2797=DIRECTION('',(1.,0.,0.));
#2798=DIRECTION('',(1.,0.,0.));
#2799=DIRECTION('center_axis',(1.,0.,0.));
#2800=DIRECTION('ref_axis',(0.,-0.634738183807682,-0.772727272727271));
#2801=DIRECTION('center_axis',(-3.08926844298877E-16,0.,1.));
#2802=DIRECTION('ref_axis',(-0.707106781186547,-0.707106781186548,0.));
#2803=DIRECTION('',(3.08926844298877E-16,0.,-1.));
#2804=DIRECTION('center_axis',(0.,0.,1.));
#2805=DIRECTION('ref_axis',(-1.,0.,0.));
#2806=DIRECTION('',(-3.08926844298877E-16,0.,1.));
#2807=DIRECTION('center_axis',(-1.,0.,-3.08926844298877E-16));
#2808=DIRECTION('ref_axis',(-3.08926844298877E-16,0.,1.));
#2809=DIRECTION('',(-3.08926844298877E-16,0.,1.));
#2810=DIRECTION('',(0.,1.,0.));
#2811=DIRECTION('center_axis',(-3.08926844298877E-16,0.,1.));
#2812=DIRECTION('ref_axis',(-0.707106781186547,0.707106781186547,0.));
#2813=DIRECTION('',(3.08926844298877E-16,0.,-1.));
#2814=DIRECTION('center_axis',(0.,0.,-1.));
#2815=DIRECTION('ref_axis',(-1.,0.,0.));
#2816=DIRECTION('center_axis',(0.,1.,0.));
#2817=DIRECTION('ref_axis',(1.,0.,0.));
#2818=DIRECTION('',(0.,0.,1.));
#2819=DIRECTION('center_axis',(0.,-1.,0.));
#2820=DIRECTION('ref_axis',(0.707106781186545,0.,-0.70710678118655));
#2821=DIRECTION('',(1.,0.,0.));
#2822=DIRECTION('center_axis',(0.,-1.,0.));
#2823=DIRECTION('ref_axis',(-0.707106781186545,0.,-0.70710678118655));
#2824=DIRECTION('center_axis',(0.,0.,1.));
#2825=DIRECTION('ref_axis',(-1.,0.,0.));
#2826=DIRECTION('center_axis',(0.,0.,1.));
#2827=DIRECTION('ref_axis',(-1.,0.,0.));
#2828=DIRECTION('',(0.,0.,1.));
#2829=DIRECTION('center_axis',(0.,0.,1.));
#2830=DIRECTION('ref_axis',(-1.,0.,0.));
#2831=DIRECTION('center_axis',(0.,0.,-1.));
#2832=DIRECTION('ref_axis',(-1.,0.,0.));
#2833=DIRECTION('center_axis',(0.,0.,-1.));
#2834=DIRECTION('ref_axis',(-1.,0.,0.));
#2835=DIRECTION('center_axis',(0.,0.,1.));
#2836=DIRECTION('ref_axis',(-1.,0.,0.));
#2837=DIRECTION('center_axis',(0.,0.,1.));
#2838=DIRECTION('ref_axis',(-1.,0.,0.));
#2839=DIRECTION('',(0.,0.,1.));
#2840=DIRECTION('center_axis',(0.,0.,1.));
#2841=DIRECTION('ref_axis',(-1.,0.,0.));
#2842=DIRECTION('center_axis',(0.,0.,-1.));
#2843=DIRECTION('ref_axis',(-1.,0.,0.));
#2844=DIRECTION('center_axis',(0.,0.,-1.));
#2845=DIRECTION('ref_axis',(-1.,0.,0.));
#2846=DIRECTION('center_axis',(0.,0.,1.));
#2847=DIRECTION('ref_axis',(-1.,0.,0.));
#2848=DIRECTION('center_axis',(0.,0.,1.));
#2849=DIRECTION('ref_axis',(-1.,0.,0.));
#2850=DIRECTION('',(0.,0.,1.));
#2851=DIRECTION('center_axis',(0.,0.,1.));
#2852=DIRECTION('ref_axis',(-1.,0.,0.));
#2853=DIRECTION('center_axis',(0.,0.,-1.));
#2854=DIRECTION('ref_axis',(-1.,0.,0.));
#2855=DIRECTION('center_axis',(0.,0.,-1.));
#2856=DIRECTION('ref_axis',(-1.,0.,0.));
#2857=DIRECTION('center_axis',(0.,0.,1.));
#2858=DIRECTION('ref_axis',(-1.,0.,0.));
#2859=DIRECTION('center_axis',(0.,0.,1.));
#2860=DIRECTION('ref_axis',(-1.,0.,0.));
#2861=DIRECTION('',(0.,0.,1.));
#2862=DIRECTION('center_axis',(0.,0.,1.));
#2863=DIRECTION('ref_axis',(-1.,0.,0.));
#2864=DIRECTION('center_axis',(0.,0.,-1.));
#2865=DIRECTION('ref_axis',(-1.,0.,0.));
#2866=DIRECTION('center_axis',(0.,0.,-1.));
#2867=DIRECTION('ref_axis',(-1.,0.,0.));
#2868=DIRECTION('center_axis',(0.,0.,1.));
#2869=DIRECTION('ref_axis',(-1.,0.,0.));
#2870=DIRECTION('',(0.,0.,1.));
#2871=DIRECTION('center_axis',(0.,0.,1.));
#2872=DIRECTION('ref_axis',(-1.,0.,0.));
#2873=DIRECTION('',(0.,0.,1.));
#2874=DIRECTION('center_axis',(0.,0.,-1.));
#2875=DIRECTION('ref_axis',(-1.,0.,0.));
#2876=DIRECTION('center_axis',(0.,0.,1.));
#2877=DIRECTION('ref_axis',(-1.,0.,0.));
#2878=DIRECTION('',(0.,0.,1.));
#2879=DIRECTION('center_axis',(0.,0.,1.));
#2880=DIRECTION('ref_axis',(-1.,0.,0.));
#2881=DIRECTION('',(0.,0.,1.));
#2882=DIRECTION('center_axis',(0.,0.,-1.));
#2883=DIRECTION('ref_axis',(-1.,0.,0.));
#2884=DIRECTION('center_axis',(0.,0.,-1.));
#2885=DIRECTION('ref_axis',(0.,1.,0.));
#2886=DIRECTION('',(0.,-1.,0.));
#2887=DIRECTION('',(0.,1.,0.));
#2888=DIRECTION('center_axis',(-1.,0.,0.));
#2889=DIRECTION('ref_axis',(0.,0.,1.));
#2890=DIRECTION('',(0.,-1.,0.));
#2891=DIRECTION('center_axis',(0.,0.,1.));
#2892=DIRECTION('ref_axis',(1.,0.,0.));
#2893=DIRECTION('',(0.,1.,0.));
#2894=DIRECTION('center_axis',(1.,0.,0.));
#2895=DIRECTION('ref_axis',(0.,1.,0.));
#2896=DIRECTION('',(0.,-1.,0.));
#2897=DIRECTION('center_axis',(0.,0.,-1.));
#2898=DIRECTION('ref_axis',(0.,1.,0.));
#2899=DIRECTION('',(0.,1.,0.));
#2900=DIRECTION('center_axis',(0.,0.,1.));
#2901=DIRECTION('ref_axis',(1.,0.,0.));
#2902=DIRECTION('',(0.,1.,0.));
#2903=DIRECTION('',(0.,-1.,0.));
#2904=DIRECTION('center_axis',(-1.,0.,0.));
#2905=DIRECTION('ref_axis',(0.,-1.,0.));
#2906=DIRECTION('center_axis',(1.,0.,0.));
#2907=DIRECTION('ref_axis',(0.,1.,0.));
#2908=DIRECTION('center_axis',(-1.,0.,0.));
#2909=DIRECTION('ref_axis',(0.,0.,1.));
#2910=DIRECTION('center_axis',(-1.,0.,-4.93432455388949E-15));
#2911=DIRECTION('ref_axis',(4.9343245538895E-15,0.,-1.));
#2912=DIRECTION('center_axis',(0.,1.,0.));
#2913=DIRECTION('ref_axis',(-0.707106781186545,0.,-0.70710678118655));
#2914=DIRECTION('center_axis',(0.,-1.,0.));
#2915=DIRECTION('ref_axis',(-0.707106781186545,0.,-0.70710678118655));
#2916=DIRECTION('center_axis',(1.,0.,0.));
#2917=DIRECTION('ref_axis',(0.,-0.707106781186548,-0.707106781186547));
#2918=DIRECTION('center_axis',(-1.,0.,0.));
#2919=DIRECTION('ref_axis',(0.,0.,-1.));
#2920=DIRECTION('',(-1.,0.,0.));
#2921=DIRECTION('',(1.,0.,0.));
#2922=DIRECTION('center_axis',(0.,0.,-1.));
#2923=DIRECTION('ref_axis',(1.,0.,0.));
#2924=DIRECTION('center_axis',(0.,1.,0.));
#2925=DIRECTION('ref_axis',(0.707106781186545,0.,-0.70710678118655));
#2926=DIRECTION('center_axis',(0.,-1.,0.));
#2927=DIRECTION('ref_axis',(0.707106781186545,0.,-0.70710678118655));
#2928=DIRECTION('center_axis',(0.,0.,1.));
#2929=DIRECTION('ref_axis',(0.707106781186547,-0.707106781186548,0.));
#2930=DIRECTION('',(0.,0.,-1.));
#2931=DIRECTION('center_axis',(0.,1.,0.));
#2932=DIRECTION('ref_axis',(4.44089209850064E-15,0.,-1.));
#2933=DIRECTION('center_axis',(0.,1.,0.));
#2934=DIRECTION('ref_axis',(-0.707106781186545,0.,-0.70710678118655));
#2935=DIRECTION('',(0.,1.,0.));
#2936=DIRECTION('center_axis',(0.,1.,0.));
#2937=DIRECTION('ref_axis',(1.,0.,0.));
#2938=DIRECTION('center_axis',(0.,0.,-1.));
#2939=DIRECTION('ref_axis',(0.707106781186547,0.707106781186547,0.));
#2940=DIRECTION('center_axis',(0.,0.,1.));
#2941=DIRECTION('ref_axis',(1.,0.,0.));
#2942=DIRECTION('center_axis',(1.,0.,-4.93432455388949E-15));
#2943=DIRECTION('ref_axis',(-4.9343245538895E-15,0.,-1.));
#2944=DIRECTION('center_axis',(0.,1.,0.));
#2945=DIRECTION('ref_axis',(0.707106781186545,0.,-0.70710678118655));
#2946=DIRECTION('center_axis',(-1.,0.,0.));
#2947=DIRECTION('ref_axis',(0.,0.707106781186547,-0.707106781186547));
#2948=DIRECTION('center_axis',(1.,0.,-4.93432455388959E-15));
#2949=DIRECTION('ref_axis',(-4.93432455388959E-15,0.,-1.));
#2950=DIRECTION('',(-1.,0.,0.));
#2951=DIRECTION('center_axis',(0.,0.,-1.));
#2952=DIRECTION('ref_axis',(-1.,0.,0.));
#2953=DIRECTION('',(0.,1.,0.));
#2954=DIRECTION('center_axis',(0.,1.,0.));
#2955=DIRECTION('ref_axis',(1.,0.,0.));
#2956=CARTESIAN_POINT('',(0.,0.,0.));
#2957=CARTESIAN_POINT('Origin',(30.,12.9229879507684,-86.75));
#2958=CARTESIAN_POINT('',(28.,9.92298795076842,-86.75));
#2959=CARTESIAN_POINT('',(30.,9.92298795076842,-86.75));
#2960=CARTESIAN_POINT('',(30.,9.92298795076842,-86.75));
#2961=CARTESIAN_POINT('',(28.,15.9229879507684,-86.75));
#2962=CARTESIAN_POINT('Origin',(28.,12.9229879507684,-86.75));
#2963=CARTESIAN_POINT('',(30.,15.9229879507684,-86.75));
#2964=CARTESIAN_POINT('',(30.,15.9229879507684,-86.75));
#2965=CARTESIAN_POINT('Origin',(30.,12.9229879507684,-86.75));
#2966=CARTESIAN_POINT('Origin',(30.,0.,-70.2495551587339));
#2967=CARTESIAN_POINT('',(30.,25.1,-86.75));
#2968=CARTESIAN_POINT('',(30.,6.50000000000027,-86.75));
#2969=CARTESIAN_POINT('',(30.,25.1,-70.2495551587339));
#2970=CARTESIAN_POINT('',(30.,25.1,-77.4371663690504));
#2971=CARTESIAN_POINT('',(30.,25.,-70.2495551587339));
#2972=CARTESIAN_POINT('',(30.,0.,-70.2495551587339));
#2973=CARTESIAN_POINT('',(30.,1.,-70.2495551587339));
#2974=CARTESIAN_POINT('',(30.,0.,-70.2495551587339));
#2975=CARTESIAN_POINT('',(30.,0.9,-70.2495551587339));
#2976=CARTESIAN_POINT('',(30.,0.,-70.2495551587339));
#2977=CARTESIAN_POINT('',(30.,0.9,-86.75));
#2978=CARTESIAN_POINT('',(30.,0.9,-77.4371663690504));
#2979=CARTESIAN_POINT('',(30.,6.50000000000027,-86.75));
#2980=CARTESIAN_POINT('Origin',(29.,0.,-70.2495551587339));
#2981=CARTESIAN_POINT('',(28.9993977971233,24.,-69.2495553400581));
#2982=CARTESIAN_POINT('',(28.6184210526316,24.,-69.3252189066453));
#2983=CARTESIAN_POINT('Origin',(29.,24.,-70.2495551587339));
#2984=CARTESIAN_POINT('',(28.6184210526316,2.,-69.3252189066453));
#2985=CARTESIAN_POINT('',(28.6184210526316,0.,-69.3252189066453));
#2986=CARTESIAN_POINT('',(28.9993977971233,2.,-69.2495553400581));
#2987=CARTESIAN_POINT('Origin',(29.,2.,-70.2495551587339));
#2988=CARTESIAN_POINT('Origin',(28.999999818785,1.,-70.249555158843));
#2989=CARTESIAN_POINT('Origin',(28.999999818785,25.,-70.249555158843));
#2990=CARTESIAN_POINT('Origin',(-29.,0.,-70.2495551587339));
#2991=CARTESIAN_POINT('',(-28.6184210526316,24.,-69.3252189066453));
#2992=CARTESIAN_POINT('',(-29.,24.,-69.2495551587339));
#2993=CARTESIAN_POINT('Origin',(-29.,24.,-70.2495551587339));
#2994=CARTESIAN_POINT('',(-30.,25.,-70.2495551587339));
#2995=CARTESIAN_POINT('Origin',(-29.,25.,-70.2495551587339));
#2996=CARTESIAN_POINT('',(-30.,1.,-70.2495551587339));
#2997=CARTESIAN_POINT('',(-30.,0.,-70.2495551587339));
#2998=CARTESIAN_POINT('',(-29.,2.,-69.2495551587339));
#2999=CARTESIAN_POINT('Origin',(-29.,1.,-70.2495551587339));
#3000=CARTESIAN_POINT('',(-28.6184210526316,2.,-69.3252189066453));
#3001=CARTESIAN_POINT('Origin',(-29.,2.,-70.2495551587339));
#3002=CARTESIAN_POINT('',(-28.6184210526316,0.,-69.3252189066453));
#3003=CARTESIAN_POINT('Origin',(0.,0.,0.));
#3004=CARTESIAN_POINT('',(-29.,24.,-65.9014415623816));
#3005=CARTESIAN_POINT('',(28.9973828530362,24.,-65.9025931786788));
#3006=CARTESIAN_POINT('Origin',(0.,24.,0.));
#3007=CARTESIAN_POINT('',(29.4084506889933,24.0884447340531,-65.7201873709521));
#3008=CARTESIAN_POINT('Ctrl Pts',(28.9973828530362,24.,-65.9025931786788));
#3009=CARTESIAN_POINT('Ctrl Pts',(29.1238627340809,24.,-65.8469415668535));
#3010=CARTESIAN_POINT('Ctrl Pts',(29.259289496032,24.0253849559523,-65.78687437667));
#3011=CARTESIAN_POINT('Ctrl Pts',(29.3926371535824,24.0814329856215,-65.7272619033568));
#3012=CARTESIAN_POINT('Ctrl Pts',(29.4005653453176,24.0848869142927,-65.7237159022897));
#3013=CARTESIAN_POINT('Ctrl Pts',(29.4084506889933,24.0884447340531,-65.7201873709521));
#3014=CARTESIAN_POINT('',(29.4084507039839,1.91155525918326,-65.7201873642441));
#3015=CARTESIAN_POINT('',(29.4084507042254,0.,-65.7201873641361));
#3016=CARTESIAN_POINT('',(28.9973828530362,2.,-65.9025931786788));
#3017=CARTESIAN_POINT('Ctrl Pts',(29.4084507039839,1.91155525918326,-65.7201873642441));
#3018=CARTESIAN_POINT('Ctrl Pts',(29.4005653553655,1.91511308132983,-65.7237158977956));
#3019=CARTESIAN_POINT('Ctrl Pts',(29.3926371586308,1.91856701225658,-65.7272619010999));
#3020=CARTESIAN_POINT('Ctrl Pts',(29.2592894960321,1.97461504404775,-65.78687437667));
#3021=CARTESIAN_POINT('Ctrl Pts',(29.1238627340809,2.,-65.8469415668535));
#3022=CARTESIAN_POINT('Ctrl Pts',(28.9973828530362,2.,-65.9025931786788));
#3023=CARTESIAN_POINT('',(-29.,2.,-65.9014415623816));
#3024=CARTESIAN_POINT('Origin',(0.,2.,0.));
#3025=CARTESIAN_POINT('',(-29.4084507040422,1.9127803801394,-65.720187364218));
#3026=CARTESIAN_POINT('Ctrl Pts',(-29.,2.,-65.9014415623816));
#3027=CARTESIAN_POINT('Ctrl Pts',(-29.1265161355627,2.,-65.8457680013132));
#3028=CARTESIAN_POINT('Ctrl Pts',(-29.2619836770681,1.97461422412852,-65.7856761482533));
#3029=CARTESIAN_POINT('Ctrl Pts',(-29.3944515276784,1.91894853561603,-65.7264503754999));
#3030=CARTESIAN_POINT('Ctrl Pts',(-29.4014676793775,1.91590514202374,-65.723312126104));
#3031=CARTESIAN_POINT('Ctrl Pts',(-29.4084507040422,1.9127803801394,-65.720187364218));
#3032=CARTESIAN_POINT('',(-29.4084507040422,24.0872196198606,-65.720187364218));
#3033=CARTESIAN_POINT('',(-29.4084507042254,0.,-65.7201873641361));
#3034=CARTESIAN_POINT('Ctrl Pts',(-29.4084507040422,24.0872196198606,-65.720187364218));
#3035=CARTESIAN_POINT('Ctrl Pts',(-29.4014676793775,24.0840948579763,-65.723312126104));
#3036=CARTESIAN_POINT('Ctrl Pts',(-29.3944515276784,24.081051464384,-65.7264503754999));
#3037=CARTESIAN_POINT('Ctrl Pts',(-29.2619836770681,24.0253857758715,-65.7856761482533));
#3038=CARTESIAN_POINT('Ctrl Pts',(-29.1265161355627,24.,-65.8457680013132));
#3039=CARTESIAN_POINT('Ctrl Pts',(-29.,24.,-65.9014415623816));
#3040=CARTESIAN_POINT('Origin',(8.88178419700125E-15,2.,-81.9037034920393));
#3041=CARTESIAN_POINT('',(29.0018887894764,2.,-73.3872667551512));
#3042=CARTESIAN_POINT('Origin',(0.,2.,0.));
#3043=CARTESIAN_POINT('',(-29.,2.,-90.4518517460197));
#3044=CARTESIAN_POINT('Origin',(-29.,1.,-90.4518517460197));
#3045=CARTESIAN_POINT('',(-30.,1.,-64.8074069840786));
#3046=CARTESIAN_POINT('',(-30.,1.,-90.4518517460197));
#3047=CARTESIAN_POINT('Origin',(-29.,1.,-64.8074069840786));
#3048=CARTESIAN_POINT('Origin',(8.88178419700125E-15,24.,-81.9037034920393));
#3049=CARTESIAN_POINT('',(29.0018887894764,24.,-73.3872667551512));
#3050=CARTESIAN_POINT('',(-29.,24.,-90.4518517460197));
#3051=CARTESIAN_POINT('Origin',(0.,24.,0.));
#3052=CARTESIAN_POINT('Origin',(-29.,25.,-90.4518517460197));
#3053=CARTESIAN_POINT('',(-30.,25.,-64.8074069840786));
#3054=CARTESIAN_POINT('Origin',(-29.,25.,-64.8074069840786));
#3055=CARTESIAN_POINT('',(-30.,25.,-90.4518517460197));
#3056=CARTESIAN_POINT('Origin',(29.9967720409514,0.,-64.8876908453312));
#3057=CARTESIAN_POINT('',(29.9967720409514,0.9,-64.8876908453312));
#3058=CARTESIAN_POINT('',(30.0027076808847,0.9,-74.7472012840538));
#3059=CARTESIAN_POINT('',(29.9967720409514,1.,-64.8876908453312));
#3060=CARTESIAN_POINT('',(30.0018886082613,1.,-73.3866647334895));
#3061=CARTESIAN_POINT('',(29.9967720409514,0.,-64.8876908453312));
#3062=CARTESIAN_POINT('Origin',(29.0018887894764,1.,-73.3872667551512));
#3063=CARTESIAN_POINT('Ctrl Pts',(29.9967720409514,1.,-64.8876908453312));
#3064=CARTESIAN_POINT('Ctrl Pts',(29.9967720409514,1.02228379892988,-64.8876908453312));
#3065=CARTESIAN_POINT('Ctrl Pts',(29.9961561229958,1.03826818773885,-64.8953885754725));
#3066=CARTESIAN_POINT('Ctrl Pts',(29.9945738975801,1.06814949152382,-64.9117635984386));
#3067=CARTESIAN_POINT('Ctrl Pts',(29.9935498314895,1.08158124735464,-64.921270280968));
#3068=CARTESIAN_POINT('Ctrl Pts',(29.9897261235021,1.12185015190675,-64.951847348583));
#3069=CARTESIAN_POINT('Ctrl Pts',(29.9862434817259,1.14765875955007,-64.9745538633872));
#3070=CARTESIAN_POINT('Ctrl Pts',(29.9719415115848,1.22852197461932,-65.0478662777209));
#3071=CARTESIAN_POINT('Ctrl Pts',(29.9573677339135,1.28523477675869,-65.1025524850274));
#3072=CARTESIAN_POINT('Ctrl Pts',(29.8934839884911,1.46015360513942,-65.2725322437369));
#3073=CARTESIAN_POINT('Ctrl Pts',(29.8219614836562,1.58354900508504,-65.3948889098686));
#3074=CARTESIAN_POINT('Ctrl Pts',(29.6462928399018,1.76868296111406,-65.5783774897257));
#3075=CARTESIAN_POINT('Ctrl Pts',(29.5457015303256,1.84635077431363,-65.6555090064466));
#3076=CARTESIAN_POINT('Ctrl Pts',(29.4212692213276,1.90568959695689,-65.7143697097076));
#3077=CARTESIAN_POINT('Ctrl Pts',(29.4148834547199,1.90865284051545,-65.7173088387808));
#3078=CARTESIAN_POINT('Ctrl Pts',(29.4084507039839,1.91155525918326,-65.7201873642441));
#3079=CARTESIAN_POINT('Origin',(29.0018887894764,25.,-73.3872667551512));
#3080=CARTESIAN_POINT('',(29.9967720409514,25.,-64.8876908453312));
#3081=CARTESIAN_POINT('',(30.0018886082613,25.,-73.3866647334895));
#3082=CARTESIAN_POINT('Ctrl Pts',(29.4084506889933,24.0884447340531,-65.7201873709521));
#3083=CARTESIAN_POINT('Ctrl Pts',(29.4148834447992,24.091347154881,-65.7173088433469));
#3084=CARTESIAN_POINT('Ctrl Pts',(29.4212692164054,24.0943104006958,-65.714369712036));
#3085=CARTESIAN_POINT('Ctrl Pts',(29.5457015303256,24.1536492256864,-65.6555090064466));
#3086=CARTESIAN_POINT('Ctrl Pts',(29.6462928399018,24.2313170388859,-65.5783774897257));
#3087=CARTESIAN_POINT('Ctrl Pts',(29.8219614836562,24.416450994915,-65.3948889098686));
#3088=CARTESIAN_POINT('Ctrl Pts',(29.8934839884911,24.5398463948606,-65.2725322437369));
#3089=CARTESIAN_POINT('Ctrl Pts',(29.9573677339135,24.7147652232413,-65.1025524850274));
#3090=CARTESIAN_POINT('Ctrl Pts',(29.9719415115848,24.7714780253807,-65.0478662777209));
#3091=CARTESIAN_POINT('Ctrl Pts',(29.9862434817259,24.8523412404499,-64.9745538633872));
#3092=CARTESIAN_POINT('Ctrl Pts',(29.9897261235021,24.8781498480932,-64.9518473485831));
#3093=CARTESIAN_POINT('Ctrl Pts',(29.9935498314895,24.9184187526453,-64.921270280968));
#3094=CARTESIAN_POINT('Ctrl Pts',(29.9945738975801,24.9318505084762,-64.9117635984387));
#3095=CARTESIAN_POINT('Ctrl Pts',(29.9961561229958,24.9617318122611,-64.8953885754726));
#3096=CARTESIAN_POINT('Ctrl Pts',(29.9967720409514,24.9777162010701,-64.8876908453312));
#3097=CARTESIAN_POINT('Ctrl Pts',(29.9967720409514,25.,-64.8876908453312));
#3098=CARTESIAN_POINT('Origin',(0.,0.,0.));
#3099=CARTESIAN_POINT('',(-23.9,21.0000000000002,-71.090013363341));
#3100=CARTESIAN_POINT('Ctrl Pts',(-23.9,21.,-71.090013363341));
#3101=CARTESIAN_POINT('Ctrl Pts',(-23.9,20.7997836938481,-71.090013363341));
#3102=CARTESIAN_POINT('Ctrl Pts',(-23.9399436155099,20.5870103786932,-71.0766222336386));
#3103=CARTESIAN_POINT('Ctrl Pts',(-24.0999099227549,20.1974514997011,-71.0225419863597));
#3104=CARTESIAN_POINT('Ctrl Pts',(-24.2198603080414,20.0206405136625,-70.9818221469053));
#3105=CARTESIAN_POINT('Ctrl Pts',(-24.5012167497172,19.7328774909636,-70.8852168150482));
#3106=CARTESIAN_POINT('Ctrl Pts',(-24.6845893694768,19.6065091200492,-70.8217181269879));
#3107=CARTESIAN_POINT('Ctrl Pts',(-25.0835325111028,19.4401070073576,-70.6814056706151));
#3108=CARTESIAN_POINT('Ctrl Pts',(-25.2990596150129,19.4,-70.6045553581388));
#3109=CARTESIAN_POINT('Ctrl Pts',(-25.7022345360188,19.4,-70.4587921025452));
#3110=CARTESIAN_POINT('Ctrl Pts',(-25.91837502051,19.440576091967,-70.3795651348456));
#3111=CARTESIAN_POINT('Ctrl Pts',(-26.317636089302,19.6077673330871,-70.2312422141472));
#3112=CARTESIAN_POINT('Ctrl Pts',(-26.5007587230521,19.7344225056174,-70.162196899755));
#3113=CARTESIAN_POINT('Ctrl Pts',(-26.7810076980078,20.0219770077541,-70.0556817006232));
#3114=CARTESIAN_POINT('Ctrl Pts',(-26.9004477111193,20.1981890751038,-70.0098080446238));
#3115=CARTESIAN_POINT('Ctrl Pts',(-27.0599919032694,20.586986950175,-69.9482962459885));
#3116=CARTESIAN_POINT('Ctrl Pts',(-27.1,20.7996272508755,-69.9327534135472));
#3117=CARTESIAN_POINT('Ctrl Pts',(-27.1,21.2003727491245,-69.9327534135472));
#3118=CARTESIAN_POINT('Ctrl Pts',(-27.0599919032694,21.413013049825,-69.9482962459885));
#3119=CARTESIAN_POINT('Ctrl Pts',(-26.9004477111193,21.8018109248962,-70.0098080446238));
#3120=CARTESIAN_POINT('Ctrl Pts',(-26.7810076980078,21.9780229922459,-70.0556817006232));
#3121=CARTESIAN_POINT('Ctrl Pts',(-26.5007587230521,22.2655774943826,-70.162196899755));
#3122=CARTESIAN_POINT('Ctrl Pts',(-26.317636089302,22.3922326669129,-70.2312422141472));
#3123=CARTESIAN_POINT('Ctrl Pts',(-25.91837502051,22.559423908033,-70.3795651348456));
#3124=CARTESIAN_POINT('Ctrl Pts',(-25.7022345360188,22.6,-70.4587921025452));
#3125=CARTESIAN_POINT('Ctrl Pts',(-25.2990596150129,22.6,-70.6045553581388));
#3126=CARTESIAN_POINT('Ctrl Pts',(-25.0835325111028,22.5598929926424,-70.6814056706151));
#3127=CARTESIAN_POINT('Ctrl Pts',(-24.6845893694768,22.3934908799508,-70.8217181269879));
#3128=CARTESIAN_POINT('Ctrl Pts',(-24.5012167497172,22.2671225090364,-70.8852168150482));
#3129=CARTESIAN_POINT('Ctrl Pts',(-24.2198603080414,21.9793594863375,-70.9818221469053));
#3130=CARTESIAN_POINT('Ctrl Pts',(-24.0999099227549,21.8025485002989,-71.0225419863597));
#3131=CARTESIAN_POINT('Ctrl Pts',(-23.9399436155099,21.4129896213068,-71.0766222336386));
#3132=CARTESIAN_POINT('Ctrl Pts',(-23.9,21.2002163061519,-71.090013363341));
#3133=CARTESIAN_POINT('Ctrl Pts',(-23.9,21.,-71.090013363341));
#3134=CARTESIAN_POINT('',(27.1,21.0000000000002,-69.9327534135472));
#3135=CARTESIAN_POINT('Ctrl Pts',(27.1,21.,-69.9327534135472));
#3136=CARTESIAN_POINT('Ctrl Pts',(27.1,20.7996272508755,-69.9327534135472));
#3137=CARTESIAN_POINT('Ctrl Pts',(27.0599919032695,20.586986950175,-69.9482962459885));
#3138=CARTESIAN_POINT('Ctrl Pts',(26.9004477111194,20.1981890751038,-70.0098080446237));
#3139=CARTESIAN_POINT('Ctrl Pts',(26.7810076980078,20.0219770077541,-70.0556817006232));
#3140=CARTESIAN_POINT('Ctrl Pts',(26.5007587230521,19.7344225056174,-70.162196899755));
#3141=CARTESIAN_POINT('Ctrl Pts',(26.317636089302,19.6077673330871,-70.2312422141472));
#3142=CARTESIAN_POINT('Ctrl Pts',(25.91837502051,19.440576091967,-70.3795651348456));
#3143=CARTESIAN_POINT('Ctrl Pts',(25.7022345360188,19.4,-70.4587921025452));
#3144=CARTESIAN_POINT('Ctrl Pts',(25.2990596150129,19.4,-70.6045553581388));
#3145=CARTESIAN_POINT('Ctrl Pts',(25.0835325111029,19.4401070073576,-70.6814056706151));
#3146=CARTESIAN_POINT('Ctrl Pts',(24.6845893694769,19.6065091200492,-70.8217181269879));
#3147=CARTESIAN_POINT('Ctrl Pts',(24.5012167497172,19.7328774909636,-70.8852168150482));
#3148=CARTESIAN_POINT('Ctrl Pts',(24.2198603080414,20.0206405136625,-70.9818221469053));
#3149=CARTESIAN_POINT('Ctrl Pts',(24.0999099227549,20.1974514997011,-71.0225419863597));
#3150=CARTESIAN_POINT('Ctrl Pts',(23.9399436155099,20.5870103786933,-71.0766222336386));
#3151=CARTESIAN_POINT('Ctrl Pts',(23.9,20.7997836938481,-71.090013363341));
#3152=CARTESIAN_POINT('Ctrl Pts',(23.9,21.2002163061519,-71.090013363341));
#3153=CARTESIAN_POINT('Ctrl Pts',(23.9399436155099,21.4129896213067,-71.0766222336386));
#3154=CARTESIAN_POINT('Ctrl Pts',(24.0999099227549,21.8025485002989,-71.0225419863597));
#3155=CARTESIAN_POINT('Ctrl Pts',(24.2198603080414,21.9793594863375,-70.9818221469053));
#3156=CARTESIAN_POINT('Ctrl Pts',(24.5012167497172,22.2671225090364,-70.8852168150482));
#3157=CARTESIAN_POINT('Ctrl Pts',(24.6845893694769,22.3934908799508,-70.8217181269879));
#3158=CARTESIAN_POINT('Ctrl Pts',(25.0835325111029,22.5598929926424,-70.6814056706151));
#3159=CARTESIAN_POINT('Ctrl Pts',(25.2990596150129,22.6,-70.6045553581388));
#3160=CARTESIAN_POINT('Ctrl Pts',(25.7022345360188,22.6,-70.4587921025452));
#3161=CARTESIAN_POINT('Ctrl Pts',(25.91837502051,22.559423908033,-70.3795651348456));
#3162=CARTESIAN_POINT('Ctrl Pts',(26.317636089302,22.3922326669129,-70.2312422141472));
#3163=CARTESIAN_POINT('Ctrl Pts',(26.5007587230521,22.2655774943826,-70.162196899755));
#3164=CARTESIAN_POINT('Ctrl Pts',(26.7810076980078,21.9780229922459,-70.0556817006232));
#3165=CARTESIAN_POINT('Ctrl Pts',(26.9004477111194,21.8018109248962,-70.0098080446237));
#3166=CARTESIAN_POINT('Ctrl Pts',(27.0599919032695,21.413013049825,-69.9482962459885));
#3167=CARTESIAN_POINT('Ctrl Pts',(27.1,21.2003727491245,-69.9327534135472));
#3168=CARTESIAN_POINT('Ctrl Pts',(27.1,21.,-69.9327534135472));
#3169=CARTESIAN_POINT('',(-23.9,5.,-71.090013363341));
#3170=CARTESIAN_POINT('Ctrl Pts',(-23.9,5.,-71.090013363341));
#3171=CARTESIAN_POINT('Ctrl Pts',(-23.9,4.79978369384809,-71.090013363341));
#3172=CARTESIAN_POINT('Ctrl Pts',(-23.9399436155099,4.58701037869325,-71.0766222336386));
#3173=CARTESIAN_POINT('Ctrl Pts',(-24.0999099227549,4.19745149970111,-71.0225419863597));
#3174=CARTESIAN_POINT('Ctrl Pts',(-24.2198603080414,4.0206405136625,-70.9818221469053));
#3175=CARTESIAN_POINT('Ctrl Pts',(-24.5012167497172,3.73287749096358,-70.8852168150482));
#3176=CARTESIAN_POINT('Ctrl Pts',(-24.6845893694768,3.60650912004919,-70.8217181269879));
#3177=CARTESIAN_POINT('Ctrl Pts',(-25.0835325111028,3.44010700735763,-70.6814056706151));
#3178=CARTESIAN_POINT('Ctrl Pts',(-25.2990596150129,3.4,-70.6045553581388));
#3179=CARTESIAN_POINT('Ctrl Pts',(-25.7022345360188,3.4,-70.4587921025452));
#3180=CARTESIAN_POINT('Ctrl Pts',(-25.91837502051,3.440576091967,-70.3795651348456));
#3181=CARTESIAN_POINT('Ctrl Pts',(-26.317636089302,3.6077673330871,-70.2312422141472));
#3182=CARTESIAN_POINT('Ctrl Pts',(-26.5007587230521,3.7344225056174,-70.162196899755));
#3183=CARTESIAN_POINT('Ctrl Pts',(-26.7810076980078,4.02197700775415,-70.0556817006232));
#3184=CARTESIAN_POINT('Ctrl Pts',(-26.9004477111193,4.19818907510378,-70.0098080446238));
#3185=CARTESIAN_POINT('Ctrl Pts',(-27.0599919032695,4.58698695017503,-69.9482962459885));
#3186=CARTESIAN_POINT('Ctrl Pts',(-27.1,4.79962725087549,-69.9327534135472));
#3187=CARTESIAN_POINT('Ctrl Pts',(-27.1,5.2003727491245,-69.9327534135472));
#3188=CARTESIAN_POINT('Ctrl Pts',(-27.0599919032694,5.41301304982497,-69.9482962459885));
#3189=CARTESIAN_POINT('Ctrl Pts',(-26.9004477111193,5.80181092489623,-70.0098080446238));
#3190=CARTESIAN_POINT('Ctrl Pts',(-26.7810076980078,5.97802299224585,-70.0556817006232));
#3191=CARTESIAN_POINT('Ctrl Pts',(-26.5007587230521,6.2655774943826,-70.162196899755));
#3192=CARTESIAN_POINT('Ctrl Pts',(-26.317636089302,6.3922326669129,-70.2312422141472));
#3193=CARTESIAN_POINT('Ctrl Pts',(-25.91837502051,6.559423908033,-70.3795651348456));
#3194=CARTESIAN_POINT('Ctrl Pts',(-25.7022345360188,6.6,-70.4587921025452));
#3195=CARTESIAN_POINT('Ctrl Pts',(-25.2990596150129,6.6,-70.6045553581388));
#3196=CARTESIAN_POINT('Ctrl Pts',(-25.0835325111028,6.55989299264237,-70.6814056706151));
#3197=CARTESIAN_POINT('Ctrl Pts',(-24.6845893694768,6.39349087995081,-70.8217181269879));
#3198=CARTESIAN_POINT('Ctrl Pts',(-24.5012167497172,6.26712250903642,-70.8852168150482));
#3199=CARTESIAN_POINT('Ctrl Pts',(-24.2198603080414,5.9793594863375,-70.9818221469053));
#3200=CARTESIAN_POINT('Ctrl Pts',(-24.0999099227549,5.8025485002989,-71.0225419863597));
#3201=CARTESIAN_POINT('Ctrl Pts',(-23.9399436155099,5.41298962130675,-71.0766222336386));
#3202=CARTESIAN_POINT('Ctrl Pts',(-23.9,5.20021630615191,-71.090013363341));
#3203=CARTESIAN_POINT('Ctrl Pts',(-23.9,5.,-71.090013363341));
#3204=CARTESIAN_POINT('',(27.1,5.,-69.9327534135472));
#3205=CARTESIAN_POINT('Ctrl Pts',(27.1,5.,-69.9327534135472));
#3206=CARTESIAN_POINT('Ctrl Pts',(27.1,4.79962725087549,-69.9327534135472));
#3207=CARTESIAN_POINT('Ctrl Pts',(27.0599919032695,4.58698695017503,-69.9482962459885));
#3208=CARTESIAN_POINT('Ctrl Pts',(26.9004477111194,4.19818907510377,-70.0098080446237));
#3209=CARTESIAN_POINT('Ctrl Pts',(26.7810076980078,4.02197700775415,-70.0556817006232));
#3210=CARTESIAN_POINT('Ctrl Pts',(26.5007587230521,3.7344225056174,-70.162196899755));
#3211=CARTESIAN_POINT('Ctrl Pts',(26.317636089302,3.6077673330871,-70.2312422141472));
#3212=CARTESIAN_POINT('Ctrl Pts',(25.91837502051,3.440576091967,-70.3795651348456));
#3213=CARTESIAN_POINT('Ctrl Pts',(25.7022345360188,3.4,-70.4587921025452));
#3214=CARTESIAN_POINT('Ctrl Pts',(25.2990596150129,3.4,-70.6045553581388));
#3215=CARTESIAN_POINT('Ctrl Pts',(25.0835325111029,3.44010700735763,-70.6814056706151));
#3216=CARTESIAN_POINT('Ctrl Pts',(24.6845893694769,3.60650912004919,-70.8217181269879));
#3217=CARTESIAN_POINT('Ctrl Pts',(24.5012167497172,3.73287749096358,-70.8852168150482));
#3218=CARTESIAN_POINT('Ctrl Pts',(24.2198603080414,4.0206405136625,-70.9818221469053));
#3219=CARTESIAN_POINT('Ctrl Pts',(24.0999099227549,4.1974514997011,-71.0225419863597));
#3220=CARTESIAN_POINT('Ctrl Pts',(23.9399436155099,4.58701037869324,-71.0766222336386));
#3221=CARTESIAN_POINT('Ctrl Pts',(23.9,4.79978369384809,-71.090013363341));
#3222=CARTESIAN_POINT('Ctrl Pts',(23.9,5.20021630615191,-71.090013363341));
#3223=CARTESIAN_POINT('Ctrl Pts',(23.9399436155099,5.41298962130675,-71.0766222336386));
#3224=CARTESIAN_POINT('Ctrl Pts',(24.0999099227549,5.8025485002989,-71.0225419863597));
#3225=CARTESIAN_POINT('Ctrl Pts',(24.2198603080414,5.9793594863375,-70.9818221469053));
#3226=CARTESIAN_POINT('Ctrl Pts',(24.5012167497172,6.26712250903642,-70.8852168150482));
#3227=CARTESIAN_POINT('Ctrl Pts',(24.6845893694769,6.39349087995081,-70.8217181269879));
#3228=CARTESIAN_POINT('Ctrl Pts',(25.0835325111029,6.55989299264237,-70.6814056706151));
#3229=CARTESIAN_POINT('Ctrl Pts',(25.2990596150129,6.6,-70.6045553581388));
#3230=CARTESIAN_POINT('Ctrl Pts',(25.7022345360188,6.6,-70.4587921025452));
#3231=CARTESIAN_POINT('Ctrl Pts',(25.91837502051,6.559423908033,-70.3795651348456));
#3232=CARTESIAN_POINT('Ctrl Pts',(26.317636089302,6.3922326669129,-70.2312422141472));
#3233=CARTESIAN_POINT('Ctrl Pts',(26.5007587230521,6.2655774943826,-70.162196899755));
#3234=CARTESIAN_POINT('Ctrl Pts',(26.7810076980078,5.97802299224585,-70.0556817006232));
#3235=CARTESIAN_POINT('Ctrl Pts',(26.9004477111194,5.80181092489623,-70.0098080446237));
#3236=CARTESIAN_POINT('Ctrl Pts',(27.0599919032695,5.41301304982497,-69.9482962459885));
#3237=CARTESIAN_POINT('Ctrl Pts',(27.1,5.2003727491245,-69.9327534135472));
#3238=CARTESIAN_POINT('Ctrl Pts',(27.1,5.,-69.9327534135472));
#3239=CARTESIAN_POINT('Origin',(4.44089209850063E-15,26.,-84.624777579367));
#3240=CARTESIAN_POINT('',(-29.1,26.,-86.75));
#3241=CARTESIAN_POINT('',(29.1,26.,-86.75));
#3242=CARTESIAN_POINT('',(0.000153005415423069,26.,-86.75));
#3243=CARTESIAN_POINT('',(-29.1,26.,-64.8074069840786));
#3244=CARTESIAN_POINT('',(-29.1,26.,-91.8123887896835));
#3245=CARTESIAN_POINT('',(-28.9591549295775,26.,-64.7161289460729));
#3246=CARTESIAN_POINT('Origin',(-29.,26.,-64.8074069840786));
#3247=CARTESIAN_POINT('',(28.9591549295775,26.,-64.7161289460729));
#3248=CARTESIAN_POINT('Origin',(0.,26.,0.));
#3249=CARTESIAN_POINT('',(29.0967387943984,26.,-64.83273692009));
#3250=CARTESIAN_POINT('Origin',(29.,26.,-64.8074069840786));
#3251=CARTESIAN_POINT('',(29.1,26.,-70.2498260685308));
#3252=CARTESIAN_POINT('',(29.1027078439782,26.,-74.7477431035493));
#3253=CARTESIAN_POINT('',(29.1,26.,-77.4371663690504));
#3254=CARTESIAN_POINT('',(-28.5,26.,-73.5));
#3255=CARTESIAN_POINT('',(-28.5,26.,-75.5));
#3256=CARTESIAN_POINT('',(-28.5,26.,-79.0623887896835));
#3257=CARTESIAN_POINT('',(-22.5,26.,-75.5));
#3258=CARTESIAN_POINT('',(-12.75,26.,-75.5));
#3259=CARTESIAN_POINT('',(-22.5,26.,-73.5));
#3260=CARTESIAN_POINT('',(-22.5,26.,-79.0623887896835));
#3261=CARTESIAN_POINT('',(-12.75,26.,-73.5));
#3262=CARTESIAN_POINT('',(22.5,26.,-73.5));
#3263=CARTESIAN_POINT('',(22.5,26.,-75.5));
#3264=CARTESIAN_POINT('',(22.5,26.,-79.0623887896835));
#3265=CARTESIAN_POINT('',(28.5,26.,-75.5));
#3266=CARTESIAN_POINT('',(12.75,26.,-75.5));
#3267=CARTESIAN_POINT('',(28.5,26.,-73.5));
#3268=CARTESIAN_POINT('',(28.5,26.,-79.0623887896835));
#3269=CARTESIAN_POINT('',(12.75,26.,-73.5));
#3270=CARTESIAN_POINT('Origin',(29.9967720409514,24.,-64.8876908453312));
#3271=CARTESIAN_POINT('',(29.9967720409514,25.1,-64.8876908453312));
#3272=CARTESIAN_POINT('',(30.0027076808847,25.1,-74.7472012840538));
#3273=CARTESIAN_POINT('',(29.9967720409514,0.,-64.8876908453312));
#3274=CARTESIAN_POINT('Ctrl Pts',(28.5915492957746,25.1,-63.8946266040212));
#3275=CARTESIAN_POINT('Ctrl Pts',(29.1662486830016,25.1,-63.6374602860773));
#3276=CARTESIAN_POINT('Ctrl Pts',(29.6465587363936,25.1,-64.044542775721));
#3277=CARTESIAN_POINT('Ctrl Pts',(30.1268687897856,25.1,-64.4516252653647));
#3278=CARTESIAN_POINT('Ctrl Pts',(29.9673879439841,25.1,-65.0607063441928));
#3279=CARTESIAN_POINT('Ctrl Pts',(28.5915492957746,26.,-63.8946266040212));
#3280=CARTESIAN_POINT('Ctrl Pts',(29.1662486830016,26.,-63.6374602860773));
#3281=CARTESIAN_POINT('Ctrl Pts',(29.6465587363936,26.,-64.044542775721));
#3282=CARTESIAN_POINT('Ctrl Pts',(30.1268687897856,26.,-64.4516252653647));
#3283=CARTESIAN_POINT('Ctrl Pts',(29.9673879439841,26.,-65.0607063441928));
#3284=CARTESIAN_POINT('Ctrl Pts',(28.9591549295775,26.,-64.7161289460729));
#3285=CARTESIAN_POINT('Ctrl Pts',(29.0166248683002,26.,-64.6904123142785));
#3286=CARTESIAN_POINT('Ctrl Pts',(29.0646558736394,26.,-64.7311205632429));
#3287=CARTESIAN_POINT('Ctrl Pts',(29.1126868789786,26.,-64.7718288122072));
#3288=CARTESIAN_POINT('Ctrl Pts',(29.0967387943984,26.,-64.83273692009));
#3289=CARTESIAN_POINT('',(28.5915492957747,25.1,-63.8946266040212));
#3290=CARTESIAN_POINT('Origin',(28.9591549295775,25.1,-64.7161289460729));
#3291=CARTESIAN_POINT('Origin',(29.,25.1,-64.8074069840786));
#3292=CARTESIAN_POINT('Ctrl Pts',(29.0967387943984,26.,-64.83273692009));
#3293=CARTESIAN_POINT('Ctrl Pts',(29.1007910780202,26.,-64.8332574078684));
#3294=CARTESIAN_POINT('Ctrl Pts',(29.1048476851134,25.9999726129622,-64.8337623466795));
#3295=CARTESIAN_POINT('Ctrl Pts',(29.1105487941441,25.9998955608535,-64.8344529554111));
#3296=CARTESIAN_POINT('Ctrl Pts',(29.112194670224,25.9998688022466,-64.8346500944919));
#3297=CARTESIAN_POINT('Ctrl Pts',(29.2048923679502,25.9981072993444,-64.8456352303613));
#3298=CARTESIAN_POINT('Ctrl Pts',(29.3236470528928,25.98173714302,-64.8540040114276));
#3299=CARTESIAN_POINT('Ctrl Pts',(29.5578151450722,25.8817381921533,-64.8679628621785));
#3300=CARTESIAN_POINT('Ctrl Pts',(29.6555093017004,25.8152056786743,-64.8727464582924));
#3301=CARTESIAN_POINT('Ctrl Pts',(29.8199138611284,25.6484206281349,-64.8803862619561));
#3302=CARTESIAN_POINT('Ctrl Pts',(29.8850667546389,25.5497823277601,-64.8831218054676));
#3303=CARTESIAN_POINT('Ctrl Pts',(29.9739160943472,25.3330812564333,-64.8867951160747));
#3304=CARTESIAN_POINT('Ctrl Pts',(29.9967720409514,25.2171020959935,-64.8876908453312));
#3305=CARTESIAN_POINT('Ctrl Pts',(29.9967720409514,25.1,-64.8876908453312));
#3306=CARTESIAN_POINT('Origin',(0.,25.1,0.));
#3307=CARTESIAN_POINT('',(-28.5915492957746,25.1,-63.8946266040212));
#3308=CARTESIAN_POINT('Origin',(-28.9591549295775,25.1,-64.7161289460729));
#3309=CARTESIAN_POINT('Origin',(0.,25.1,0.));
#3310=CARTESIAN_POINT('Ctrl Pts',(-30.,25.1,-64.8074069840786));
#3311=CARTESIAN_POINT('Ctrl Pts',(-30.,25.1,-64.2638435251381));
#3312=CARTESIAN_POINT('Ctrl Pts',(-29.5438516782058,25.1,-63.9682256257819));
#3313=CARTESIAN_POINT('Ctrl Pts',(-29.0877033564117,25.1,-63.6726077264258));
#3314=CARTESIAN_POINT('Ctrl Pts',(-28.5915492957746,25.1,-63.8946266040212));
#3315=CARTESIAN_POINT('Ctrl Pts',(-30.,26.,-64.8074069840786));
#3316=CARTESIAN_POINT('Ctrl Pts',(-30.,26.,-64.2638435251381));
#3317=CARTESIAN_POINT('Ctrl Pts',(-29.5438516782058,26.,-63.9682256257819));
#3318=CARTESIAN_POINT('Ctrl Pts',(-29.0877033564117,26.,-63.6726077264258));
#3319=CARTESIAN_POINT('Ctrl Pts',(-28.5915492957746,26.,-63.8946266040212));
#3320=CARTESIAN_POINT('Ctrl Pts',(-29.1,26.,-64.8074069840786));
#3321=CARTESIAN_POINT('Ctrl Pts',(-29.1,26.,-64.7530506381846));
#3322=CARTESIAN_POINT('Ctrl Pts',(-29.0543851678206,26.,-64.723488848249));
#3323=CARTESIAN_POINT('Ctrl Pts',(-29.0087703356412,26.,-64.6939270583134));
#3324=CARTESIAN_POINT('Ctrl Pts',(-28.9591549295775,26.,-64.7161289460729));
#3325=CARTESIAN_POINT('',(-30.,25.1,-64.8074069840786));
#3326=CARTESIAN_POINT('Origin',(-29.1,25.1,-64.8074069840786));
#3327=CARTESIAN_POINT('Origin',(-29.,25.1,-64.8074069840786));
#3328=CARTESIAN_POINT('Origin',(-29.1,25.1,-91.8123887896835));
#3329=CARTESIAN_POINT('',(-30.,25.1,-86.75));
#3330=CARTESIAN_POINT('Origin',(-29.1,25.1,-86.75));
#3331=CARTESIAN_POINT('',(-30.,25.1,-91.8123887896835));
#3332=CARTESIAN_POINT('Origin',(29.1027078439782,25.1,-74.7477431035493));
#3333=CARTESIAN_POINT('Ctrl Pts',(30.,25.1,-70.2495551587339));
#3334=CARTESIAN_POINT('Ctrl Pts',(29.9999999952734,25.1409705410782,-70.2495473075732));
#3335=CARTESIAN_POINT('Ctrl Pts',(29.9971980088767,25.1819408448352,-70.2495411432665));
#3336=CARTESIAN_POINT('Ctrl Pts',(29.991620097719,25.222529909678,-70.2495366501269));
#3337=CARTESIAN_POINT('Ctrl Pts',(29.9860424101609,25.2631173474424,-70.2495321571674));
#3338=CARTESIAN_POINT('Ctrl Pts',(29.9776890853469,25.3033231067473,-70.249529335202));
#3339=CARTESIAN_POINT('Ctrl Pts',(29.9666377984108,25.3427733257401,-70.2495281374685));
#3340=CARTESIAN_POINT('Ctrl Pts',(29.9555869141846,25.3822221071632,-70.2495269397787));
#3341=CARTESIAN_POINT('Ctrl Pts',(29.9418383927564,25.4209149465243,-70.2495273661252));
#3342=CARTESIAN_POINT('Ctrl Pts',(29.9255200683584,25.4584920763286,-70.249529339549));
#3343=CARTESIAN_POINT('Ctrl Pts',(29.9092022791127,25.4960679738074,-70.2495313129081));
#3344=CARTESIAN_POINT('Ctrl Pts',(29.8903150446737,25.5325277998731,-70.2495348331292));
#3345=CARTESIAN_POINT('Ctrl Pts',(29.869033967737,25.5675325718463,-70.2495397944955));
#3346=CARTESIAN_POINT('Ctrl Pts',(29.8477469637944,25.6025470930201,-70.2495447572437));
#3347=CARTESIAN_POINT('Ctrl Pts',(29.8240650283578,25.6361053424916,-70.2495511617927));
#3348=CARTESIAN_POINT('Ctrl Pts',(29.7982084648399,25.6678951414538,-70.2495588755152));
#3349=CARTESIAN_POINT('Ctrl Pts',(29.7723545407857,25.6996816952815,-70.2495665884503));
#3350=CARTESIAN_POINT('Ctrl Pts',(29.7443267329333,25.7296997917889,-70.2495756101107));
#3351=CARTESIAN_POINT('Ctrl Pts',(29.7143857195063,25.757670241628,-70.2495857835626));
#3352=CARTESIAN_POINT('Ctrl Pts',(29.6844473254013,25.7856382445354,-70.2495959561244));
#3353=CARTESIAN_POINT('Ctrl Pts',(29.652596407822,25.8115586355558,-70.2496072800671));
#3354=CARTESIAN_POINT('Ctrl Pts',(29.6191291509093,25.8351903789366,-70.2496195770811));
#3355=CARTESIAN_POINT('Ctrl Pts',(29.5856643335615,25.8588203997033,-70.2496318731988));
#3356=CARTESIAN_POINT('Ctrl Pts',(29.5505838004656,25.8801618333109,-70.2496451420126));
#3357=CARTESIAN_POINT('Ctrl Pts',(29.5142137207868,25.8990162529425,-70.2496591871615));
#3358=CARTESIAN_POINT('Ctrl Pts',(29.4778360097773,25.9178746286916,-70.2496732352574));
#3359=CARTESIAN_POINT('Ctrl Pts',(29.440168631633,25.9342447265617,-70.249688059761));
#3360=CARTESIAN_POINT('Ctrl Pts',(29.4015619538724,25.9479742781558,-70.2497034497434));
#3361=CARTESIAN_POINT('Ctrl Pts',(29.3629620332391,25.9617014267374,-70.2497188370321));
#3362=CARTESIAN_POINT('Ctrl Pts',(29.3234235894618,25.9727887956802,-70.2497347893323));
#3363=CARTESIAN_POINT('Ctrl Pts',(29.2833142656291,25.9811332905105,-70.2497510853146));
#3364=CARTESIAN_POINT('Ctrl Pts',(29.2432017102104,25.9894784576521,-70.24976738261));
#3365=CARTESIAN_POINT('Ctrl Pts',(29.2025186472867,25.9950802113211,-70.2497840233632));
#3366=CARTESIAN_POINT('Ctrl Pts',(29.1616434238295,25.9978864559613,-70.2498007798013));
#3367=CARTESIAN_POINT('Ctrl Pts',(29.1411278079719,25.9992949335713,-70.2498091899974));
#3368=CARTESIAN_POINT('Ctrl Pts',(29.1205639077683,26.,-70.2498176292618));
#3369=CARTESIAN_POINT('Ctrl Pts',(29.1,26.,-70.2498260685308));
#3370=CARTESIAN_POINT('Origin',(29.,0.,-64.8074069840786));
#3371=CARTESIAN_POINT('',(28.5915492957747,0.9,-63.8946266040212));
#3372=CARTESIAN_POINT('Origin',(29.,0.9,-64.8074069840786));
#3373=CARTESIAN_POINT('',(28.5915492957747,0.,-63.8946266040212));
#3374=CARTESIAN_POINT('Origin',(0.,0.,0.));
#3375=CARTESIAN_POINT('',(-28.5915492957746,0.9,-63.8946266040212));
#3376=CARTESIAN_POINT('Origin',(0.,0.9,0.));
#3377=CARTESIAN_POINT('',(-28.5915492957746,0.,-63.8946266040212));
#3378=CARTESIAN_POINT('Origin',(-29.,0.,-64.8074069840786));
#3379=CARTESIAN_POINT('',(-30.,0.9,-64.8074069840786));
#3380=CARTESIAN_POINT('Origin',(-29.,0.9,-64.8074069840786));
#3381=CARTESIAN_POINT('',(-30.,0.,-64.8074069840786));
#3382=CARTESIAN_POINT('',(-30.,0.,-64.8074069840786));
#3383=CARTESIAN_POINT('Origin',(-30.,0.,-99.));
#3384=CARTESIAN_POINT('',(-30.,0.9,-86.75));
#3385=CARTESIAN_POINT('',(-30.,6.50000000000027,-86.75));
#3386=CARTESIAN_POINT('',(-30.,0.9,-91.8123887896835));
#3387=CARTESIAN_POINT('Origin',(29.1027078439782,0.9,-74.7477431035493));
#3388=CARTESIAN_POINT('',(29.0967387943984,0.,-64.83273692009));
#3389=CARTESIAN_POINT('',(29.1,0.,-70.2498260684817));
#3390=CARTESIAN_POINT('',(29.1027078439782,0.,-74.7477431035493));
#3391=CARTESIAN_POINT('Ctrl Pts',(30.,0.9,-70.2495551587339));
#3392=CARTESIAN_POINT('Ctrl Pts',(30.,0.859029458921792,-70.249563009896));
#3393=CARTESIAN_POINT('Ctrl Pts',(29.9971980178221,0.818059155164759,-70.2495708610581));
#3394=CARTESIAN_POINT('Ctrl Pts',(29.9916201103801,0.777470090321997,-70.2495787122202));
#3395=CARTESIAN_POINT('Ctrl Pts',(29.9860424265376,0.736882652557631,-70.2495865630676));
#3396=CARTESIAN_POINT('Ctrl Pts',(29.9776891049363,0.696676893252719,-70.249594413915));
#3397=CARTESIAN_POINT('Ctrl Pts',(29.9666378207239,0.657226674259923,-70.2496022647624));
#3398=CARTESIAN_POINT('Ctrl Pts',(29.9555869392213,0.617777892836819,-70.2496101153237));
#3399=CARTESIAN_POINT('Ctrl Pts',(29.9418384200279,0.579085053475735,-70.249617965885));
#3400=CARTESIAN_POINT('Ctrl Pts',(29.925520097399,0.541507923671419,-70.2496258164463));
#3401=CARTESIAN_POINT('Ctrl Pts',(29.9092023099223,0.503932026192611,-70.2496336667502));
#3402=CARTESIAN_POINT('Ctrl Pts',(29.8903150767867,0.467472200126906,-70.249641517054));
#3403=CARTESIAN_POINT('Ctrl Pts',(29.8690340007196,0.432467428153692,-70.2496493673578));
#3404=CARTESIAN_POINT('Ctrl Pts',(29.8477469976468,0.397452906979876,-70.2496572198481));
#3405=CARTESIAN_POINT('Ctrl Pts',(29.8240650626462,0.363894657508388,-70.2496650723383));
#3406=CARTESIAN_POINT('Ctrl Pts',(29.79820849917,0.332104858546248,-70.2496729248286));
#3407=CARTESIAN_POINT('Ctrl Pts',(29.7723545751576,0.300318304718472,-70.2496807765172));
#3408=CARTESIAN_POINT('Ctrl Pts',(29.744326766953,0.270300208211079,-70.2496886282059));
#3409=CARTESIAN_POINT('Ctrl Pts',(29.7143857528271,0.242329758371993,-70.2496964798945));
#3410=CARTESIAN_POINT('Ctrl Pts',(29.6844473580233,0.214361755464596,-70.2497043308963));
#3411=CARTESIAN_POINT('Ctrl Pts',(29.6525964393986,0.188441364444201,-70.249712181898));
#3412=CARTESIAN_POINT('Ctrl Pts',(29.6191291811476,0.164809621063367,-70.2497200328998));
#3413=CARTESIAN_POINT('Ctrl Pts',(29.5856643624616,0.141179600296717,-70.2497278833293));
#3414=CARTESIAN_POINT('Ctrl Pts',(29.5505838277347,0.119838166689079,-70.2497357337587));
#3415=CARTESIAN_POINT('Ctrl Pts',(29.5142137461913,0.100983747057547,-70.2497435841882));
#3416=CARTESIAN_POINT('Ctrl Pts',(29.4778360333167,0.0821253713084319,-70.2497514362649));
#3417=CARTESIAN_POINT('Ctrl Pts',(29.4401686530736,0.0657552734383162,-70.2497592883416));
#3418=CARTESIAN_POINT('Ctrl Pts',(29.401561973044,0.052025721844239,-70.2497671404183));
#3419=CARTESIAN_POINT('Ctrl Pts',(29.3629620501421,0.0382985732625966,-70.2497749911206));
#3420=CARTESIAN_POINT('Ctrl Pts',(29.3234236039262,0.0272112043198144,-70.249782841823));
#3421=CARTESIAN_POINT('Ctrl Pts',(29.2833142775513,0.0188667094895079,-70.2497906925254));
#3422=CARTESIAN_POINT('Ctrl Pts',(29.2432017195903,0.010521542347887,-70.2497985438603));
#3423=CARTESIAN_POINT('Ctrl Pts',(29.2025186540209,0.00491978867894995,
-70.2498063951952));
#3424=CARTESIAN_POINT('Ctrl Pts',(29.1616434278831,0.00211354403865882,
-70.2498142465301));
#3425=CARTESIAN_POINT('Ctrl Pts',(29.1411278106802,0.000705066428675087,
-70.2498181871806));
#3426=CARTESIAN_POINT('Ctrl Pts',(29.1205639091225,1.26836252133615E-18,
-70.2498221278311));
#3427=CARTESIAN_POINT('Ctrl Pts',(29.1,0.,-70.2498260684817));
#3428=CARTESIAN_POINT('Ctrl Pts',(29.0967387943984,0.,-64.83273692009));
#3429=CARTESIAN_POINT('Ctrl Pts',(29.1007910779527,2.81393683709933E-17,
-64.8332574078597));
#3430=CARTESIAN_POINT('Ctrl Pts',(29.1048476851776,2.73870386413736E-5,
-64.8337623466842));
#3431=CARTESIAN_POINT('Ctrl Pts',(29.1105487940348,0.000104439145046246,
-64.8344529553958));
#3432=CARTESIAN_POINT('Ctrl Pts',(29.112194670003,0.000131197749132973,
-64.8346500944655));
#3433=CARTESIAN_POINT('Ctrl Pts',(29.2048923678072,0.00189270065628602,
-64.8456352303436));
#3434=CARTESIAN_POINT('Ctrl Pts',(29.3236470527776,0.0182628569308211,-64.8540040114206));
#3435=CARTESIAN_POINT('Ctrl Pts',(29.5578151450722,0.118261807846693,-64.8679628621784));
#3436=CARTESIAN_POINT('Ctrl Pts',(29.6555093017003,0.184794321325682,-64.8727464582923));
#3437=CARTESIAN_POINT('Ctrl Pts',(29.8199138611284,0.351579371865123,-64.8803862619561));
#3438=CARTESIAN_POINT('Ctrl Pts',(29.8850667546389,0.450217672239871,-64.8831218054676));
#3439=CARTESIAN_POINT('Ctrl Pts',(29.9739160943472,0.666918743566726,-64.8867951160747));
#3440=CARTESIAN_POINT('Ctrl Pts',(29.9967720409514,0.78289790400647,-64.8876908453312));
#3441=CARTESIAN_POINT('Ctrl Pts',(29.9967720409514,0.9,-64.8876908453312));
#3442=CARTESIAN_POINT('Origin',(-29.1,0.9,-91.8123887896835));
#3443=CARTESIAN_POINT('',(-29.1,0.,-86.75));
#3444=CARTESIAN_POINT('Origin',(-29.1,0.9,-86.75));
#3445=CARTESIAN_POINT('',(-29.1,0.,-64.8074069840786));
#3446=CARTESIAN_POINT('',(-29.1,0.,-91.8123887896835));
#3447=CARTESIAN_POINT('Origin',(-29.1,0.9,-64.8074069840786));
#3448=CARTESIAN_POINT('Ctrl Pts',(-29.1,0.,-64.8074069840786));
#3449=CARTESIAN_POINT('Ctrl Pts',(-29.1,0.,-64.7530506381846));
#3450=CARTESIAN_POINT('Ctrl Pts',(-29.0543851678206,0.,-64.723488848249));
#3451=CARTESIAN_POINT('Ctrl Pts',(-29.0087703356412,0.,-64.6939270583134));
#3452=CARTESIAN_POINT('Ctrl Pts',(-28.9591549295775,0.,-64.7161289460729));
#3453=CARTESIAN_POINT('Ctrl Pts',(-30.,-3.05311331771918E-15,-64.8074069840786));
#3454=CARTESIAN_POINT('Ctrl Pts',(-30.,-3.03964436126002E-15,-64.2638435251381));
#3455=CARTESIAN_POINT('Ctrl Pts',(-29.5438516782058,-3.03231924668602E-15,
-63.9682256257819));
#3456=CARTESIAN_POINT('Ctrl Pts',(-29.0877033564115,-3.02499413211202E-15,
-63.6726077264257));
#3457=CARTESIAN_POINT('Ctrl Pts',(-28.5915492957745,-3.03049553686295E-15,
-63.8946266040213));
#3458=CARTESIAN_POINT('Ctrl Pts',(-30.,0.9,-64.8074069840786));
#3459=CARTESIAN_POINT('Ctrl Pts',(-30.,0.9,-64.2638435251381));
#3460=CARTESIAN_POINT('Ctrl Pts',(-29.5438516782058,0.9,-63.9682256257819));
#3461=CARTESIAN_POINT('Ctrl Pts',(-29.0877033564115,0.9,-63.6726077264257));
#3462=CARTESIAN_POINT('Ctrl Pts',(-28.5915492957745,0.9,-63.8946266040213));
#3463=CARTESIAN_POINT('',(-28.9591549295775,0.,-64.7161289460729));
#3464=CARTESIAN_POINT('Origin',(-29.,0.,-64.8074069840786));
#3465=CARTESIAN_POINT('Origin',(-28.9591549295775,0.9,-64.7161289460729));
#3466=CARTESIAN_POINT('Origin',(0.,0.9,0.));
#3467=CARTESIAN_POINT('',(28.9591549295775,0.,-64.7161289460729));
#3468=CARTESIAN_POINT('Origin',(0.,0.,0.));
#3469=CARTESIAN_POINT('Origin',(28.9591549295775,0.9,-64.7161289460729));
#3470=CARTESIAN_POINT('Ctrl Pts',(28.9591549295775,0.,-64.7161289460729));
#3471=CARTESIAN_POINT('Ctrl Pts',(29.0166248683002,0.,-64.6904123142785));
#3472=CARTESIAN_POINT('Ctrl Pts',(29.0646558736394,0.,-64.7311205632429));
#3473=CARTESIAN_POINT('Ctrl Pts',(29.1126868789786,0.,-64.7718288122072));
#3474=CARTESIAN_POINT('Ctrl Pts',(29.0967387943984,0.,-64.83273692009));
#3475=CARTESIAN_POINT('Ctrl Pts',(28.5915492957746,-5.57409988301604E-15,
-63.8946266040212));
#3476=CARTESIAN_POINT('Ctrl Pts',(29.1662486830016,-5.580575598532E-15,
-63.6374602860773));
#3477=CARTESIAN_POINT('Ctrl Pts',(29.6465587363936,-5.57032483779654E-15,
-64.044542775721));
#3478=CARTESIAN_POINT('Ctrl Pts',(30.1268687897856,-5.56007407706109E-15,
-64.4516252653647));
#3479=CARTESIAN_POINT('Ctrl Pts',(29.9673879439841,-5.54473678163228E-15,
-65.0607063441928));
#3480=CARTESIAN_POINT('Ctrl Pts',(28.5915492957746,0.9,-63.8946266040212));
#3481=CARTESIAN_POINT('Ctrl Pts',(29.1662486830016,0.9,-63.6374602860773));
#3482=CARTESIAN_POINT('Ctrl Pts',(29.6465587363936,0.9,-64.044542775721));
#3483=CARTESIAN_POINT('Ctrl Pts',(30.1268687897856,0.9,-64.4516252653647));
#3484=CARTESIAN_POINT('Ctrl Pts',(29.9673879439841,0.9,-65.0607063441928));
#3485=CARTESIAN_POINT('Origin',(29.,0.,-64.8074069840786));
#3486=CARTESIAN_POINT('Origin',(-28.,0.,-69.5772951471958));
#3487=CARTESIAN_POINT('',(-28.,23.9229879507685,-86.75));
#3488=CARTESIAN_POINT('',(-28.,1.92298795076838,-86.75));
#3489=CARTESIAN_POINT('',(-28.,6.50000000000027,-86.75));
#3490=CARTESIAN_POINT('Origin',(-28.,12.9229879507684,-86.75));
#3491=CARTESIAN_POINT('Origin',(14.5,0.,-78.25));
#3492=CARTESIAN_POINT('',(14.5,5.94086792888388,-78.25));
#3493=CARTESIAN_POINT('',(14.5,3.12502897963566,-81.75));
#3494=CARTESIAN_POINT('Origin',(14.5,12.9229879507684,-86.75));
#3495=CARTESIAN_POINT('',(14.5,19.905107972653,-78.25));
#3496=CARTESIAN_POINT('',(14.5,9.95255398632647,-78.25));
#3497=CARTESIAN_POINT('',(14.5,22.7209469219012,-81.75));
#3498=CARTESIAN_POINT('Origin',(14.5,12.9229879507684,-86.75));
#3499=CARTESIAN_POINT('',(14.5,25.7003938112834,-81.75));
#3500=CARTESIAN_POINT('Origin',(15.5,25.7003938112834,-78.25));
#3501=CARTESIAN_POINT('',(15.5,3.12502897963566,-81.75));
#3502=CARTESIAN_POINT('',(15.5,5.94086792888388,-78.25));
#3503=CARTESIAN_POINT('Origin',(15.5,12.9229879507684,-86.75));
#3504=CARTESIAN_POINT('',(15.5,22.7209469219012,-81.75));
#3505=CARTESIAN_POINT('',(15.5,2.12894625204751E-32,-81.75));
#3506=CARTESIAN_POINT('',(15.5,19.905107972653,-78.25));
#3507=CARTESIAN_POINT('Origin',(15.5,12.9229879507684,-86.75));
#3508=CARTESIAN_POINT('',(15.5,22.8027508919682,-78.25));
#3509=CARTESIAN_POINT('Origin',(15.,12.8501969056417,-81.75));
#3510=CARTESIAN_POINT('',(-30.,3.12502897963566,-81.75));
#3511=CARTESIAN_POINT('',(-30.,22.7209469219012,-81.75));
#3512=CARTESIAN_POINT('Origin',(-30.,19.9051079726529,-78.25));
#3513=CARTESIAN_POINT('',(24.3332903324084,19.9051079726529,-78.25));
#3514=CARTESIAN_POINT('',(26.6667096675917,19.9051079726529,-78.25));
#3515=CARTESIAN_POINT('Origin',(25.5,21.,-78.25));
#3516=CARTESIAN_POINT('',(28.,19.9051079726529,-78.25));
#3517=CARTESIAN_POINT('',(-30.,19.9051079726529,-78.25));
#3518=CARTESIAN_POINT('',(28.,5.94086792888389,-78.25));
#3519=CARTESIAN_POINT('',(28.,9.95255398632647,-78.25));
#3520=CARTESIAN_POINT('',(26.7941281004591,5.94086792888389,-78.25));
#3521=CARTESIAN_POINT('',(-30.,5.94086792888389,-78.25));
#3522=CARTESIAN_POINT('',(24.205871899541,5.94086792888389,-78.25));
#3523=CARTESIAN_POINT('Origin',(25.5,5.,-78.25));
#3524=CARTESIAN_POINT('',(-30.,5.94086792888389,-78.25));
#3525=CARTESIAN_POINT('',(-30.,19.9051079726529,-78.25));
#3526=CARTESIAN_POINT('Origin',(-11.5,12.9712086379526,-81.75));
#3527=CARTESIAN_POINT('',(-11.,22.7209469219012,-81.75));
#3528=CARTESIAN_POINT('',(-12.,22.7209469219012,-81.75));
#3529=CARTESIAN_POINT('',(-30.,22.7209469219012,-81.75));
#3530=CARTESIAN_POINT('',(-11.,3.12502897963566,-81.75));
#3531=CARTESIAN_POINT('',(-11.,2.88889491658085E-32,-81.75));
#3532=CARTESIAN_POINT('',(-12.,3.12502897963566,-81.75));
#3533=CARTESIAN_POINT('',(-30.,3.12502897963566,-81.75));
#3534=CARTESIAN_POINT('',(-12.,25.9424172759051,-81.75));
#3535=CARTESIAN_POINT('Origin',(-11.,25.9424172759051,-78.25));
#3536=CARTESIAN_POINT('',(-11.,19.9051079726529,-78.25));
#3537=CARTESIAN_POINT('Origin',(-11.,12.9229879507684,-86.75));
#3538=CARTESIAN_POINT('',(-11.,5.94086792888389,-78.25));
#3539=CARTESIAN_POINT('',(-11.,22.923762624279,-78.25));
#3540=CARTESIAN_POINT('Origin',(-11.,12.9229879507684,-86.75));
#3541=CARTESIAN_POINT('Origin',(-12.,12.9229879507684,-86.75));
#3542=CARTESIAN_POINT('Origin',(-12.,12.9229879507684,-86.75));
#3543=CARTESIAN_POINT('Origin',(-30.,19.9051079726529,-78.25));
#3544=CARTESIAN_POINT('',(-30.,5.94086792888389,-78.25));
#3545=CARTESIAN_POINT('',(-30.,19.9051079726529,-78.25));
#3546=CARTESIAN_POINT('Origin',(-30.,12.9229879507684,-86.75));
#3547=CARTESIAN_POINT('',(28.,23.9229879507685,-86.75));
#3548=CARTESIAN_POINT('',(-30.,23.9229879507685,-86.75));
#3549=CARTESIAN_POINT('Origin',(28.,12.9229879507684,-86.75));
#3550=CARTESIAN_POINT('',(27.1,21.,-79.2826124811572));
#3551=CARTESIAN_POINT('Ctrl Pts',(26.6667096675917,19.905107972653,-78.25));
#3552=CARTESIAN_POINT('Ctrl Pts',(26.8020955218114,20.0493742391231,-78.3685040456004));
#3553=CARTESIAN_POINT('Ctrl Pts',(26.9064854074579,20.2153884273102,-78.511414557006));
#3554=CARTESIAN_POINT('Ctrl Pts',(27.0643898257925,20.5947541771224,-78.8616932276727));
#3555=CARTESIAN_POINT('Ctrl Pts',(27.1,20.8099183746171,-79.077012922452));
#3556=CARTESIAN_POINT('Ctrl Pts',(27.1,21.,-79.2826124811572));
#3557=CARTESIAN_POINT('Ctrl Pts',(27.1,21.,-79.2826124811572));
#3558=CARTESIAN_POINT('Ctrl Pts',(27.1,21.2318947238888,-79.5334386870126));
#3559=CARTESIAN_POINT('Ctrl Pts',(27.0478382651681,21.4692589031137,-79.8155603425252));
#3560=CARTESIAN_POINT('Ctrl Pts',(26.8457156471302,21.8972496978926,-80.3791424444537));
#3561=CARTESIAN_POINT('Ctrl Pts',(26.6972857669689,22.0883328315311,-80.6608041332192));
#3562=CARTESIAN_POINT('Ctrl Pts',(26.3951771089631,22.3344814080945,-81.0530607162016));
#3563=CARTESIAN_POINT('Ctrl Pts',(26.2490262047898,22.4256794230258,-81.2077182671164));
#3564=CARTESIAN_POINT('Ctrl Pts',(25.9926384566193,22.5250271687325,-81.382938340108));
#3565=CARTESIAN_POINT('Ctrl Pts',(25.9009996836689,22.5520695407379,-81.4318895872909));
#3566=CARTESIAN_POINT('Ctrl Pts',(25.7075111709493,22.5895406436073,-81.5003056407622));
#3567=CARTESIAN_POINT('Ctrl Pts',(25.6056627453626,22.6,-81.5197573862173));
#3568=CARTESIAN_POINT('Ctrl Pts',(25.3943372546374,22.6,-81.5197573862173));
#3569=CARTESIAN_POINT('Ctrl Pts',(25.2924888290507,22.5895406436073,-81.5003056407622));
#3570=CARTESIAN_POINT('Ctrl Pts',(25.0990003163312,22.5520695407379,-81.4318895872909));
#3571=CARTESIAN_POINT('Ctrl Pts',(25.0073615433808,22.5250271687325,-81.382938340108));
#3572=CARTESIAN_POINT('Ctrl Pts',(24.7509737952102,22.4256794230258,-81.2077182671164));
#3573=CARTESIAN_POINT('Ctrl Pts',(24.6048228910369,22.3344814080945,-81.0530607162016));
#3574=CARTESIAN_POINT('Ctrl Pts',(24.3027142330312,22.0883328315311,-80.6608041332192));
#3575=CARTESIAN_POINT('Ctrl Pts',(24.1542843528698,21.8972496978926,-80.3791424444537));
#3576=CARTESIAN_POINT('Ctrl Pts',(23.952161734832,21.4692589031137,-79.8155603425252));
#3577=CARTESIAN_POINT('Ctrl Pts',(23.9,21.2318947238888,-79.5334386870126));
#3578=CARTESIAN_POINT('Ctrl Pts',(23.9,20.8099183746172,-79.077012922452));
#3579=CARTESIAN_POINT('Ctrl Pts',(23.9356101742076,20.5947541771224,-78.8616932276727));
#3580=CARTESIAN_POINT('Ctrl Pts',(24.0935145925421,20.2153884273102,-78.511414557006));
#3581=CARTESIAN_POINT('Ctrl Pts',(24.1979044781886,20.0493742391231,-78.3685040456005));
#3582=CARTESIAN_POINT('Ctrl Pts',(24.3332903324083,19.9051079726529,-78.25));
#3583=CARTESIAN_POINT('',(27.1,5.,-79.119386529775));
#3584=CARTESIAN_POINT('Ctrl Pts',(24.205871899541,5.94086792888389,-78.25));
#3585=CARTESIAN_POINT('Ctrl Pts',(24.130705960163,5.83748003419631,-78.3349254928846));
#3586=CARTESIAN_POINT('Ctrl Pts',(24.0695489604856,5.72704304699729,-78.4288863868809));
#3587=CARTESIAN_POINT('Ctrl Pts',(23.935867987796,5.40584852982932,-78.7144057925859));
#3588=CARTESIAN_POINT('Ctrl Pts',(23.9,5.1906577028128,-78.9214235890493));
#3589=CARTESIAN_POINT('Ctrl Pts',(23.9,4.77052950232014,-79.3576494158809));
#3590=CARTESIAN_POINT('Ctrl Pts',(23.95113284233,4.53485663694982,-79.625668868636));
#3591=CARTESIAN_POINT('Ctrl Pts',(24.1505824528041,4.10869735618506,-80.1602259660484));
#3592=CARTESIAN_POINT('Ctrl Pts',(24.2975276134473,3.91776491006264,-80.4269188052844));
#3593=CARTESIAN_POINT('Ctrl Pts',(24.5988342118191,3.66927205315891,-80.8002949358037));
#3594=CARTESIAN_POINT('Ctrl Pts',(24.7470211715058,3.5761320103681,-80.94886403455));
#3595=CARTESIAN_POINT('Ctrl Pts',(25.0062083020111,3.47528230407703,-81.1157226195156));
#3596=CARTESIAN_POINT('Ctrl Pts',(25.0987619516437,3.44795638788039,-81.1620538122301));
#3597=CARTESIAN_POINT('Ctrl Pts',(25.2932768784232,3.41032700330644,-81.2263516361955));
#3598=CARTESIAN_POINT('Ctrl Pts',(25.395238679423,3.4,-81.2443029061235));
#3599=CARTESIAN_POINT('Ctrl Pts',(25.5,3.4,-81.2443029061235));
#3600=CARTESIAN_POINT('Ctrl Pts',(25.6047613205771,3.4,-81.2443029061235));
#3601=CARTESIAN_POINT('Ctrl Pts',(25.7067231215769,3.41032700330644,-81.2263516361955));
#3602=CARTESIAN_POINT('Ctrl Pts',(25.9012380483564,3.44795638788039,-81.1620538122301));
#3603=CARTESIAN_POINT('Ctrl Pts',(25.9937916979889,3.47528230407703,-81.1157226195156));
#3604=CARTESIAN_POINT('Ctrl Pts',(26.2529788284943,3.5761320103681,-80.94886403455));
#3605=CARTESIAN_POINT('Ctrl Pts',(26.4011657881809,3.66927205315891,-80.8002949358037));
#3606=CARTESIAN_POINT('Ctrl Pts',(26.7024723865527,3.91776491006264,-80.4269188052844));
#3607=CARTESIAN_POINT('Ctrl Pts',(26.8494175471959,4.10869735618506,-80.1602259660484));
#3608=CARTESIAN_POINT('Ctrl Pts',(27.0488671576701,4.53485663694982,-79.625668868636));
#3609=CARTESIAN_POINT('Ctrl Pts',(27.1,4.77052950232014,-79.3576494158809));
#3610=CARTESIAN_POINT('Ctrl Pts',(27.1,5.,-79.119386529775));
#3611=CARTESIAN_POINT('Ctrl Pts',(27.1,5.,-79.119386529775));
#3612=CARTESIAN_POINT('Ctrl Pts',(27.1,5.1906577028128,-78.9214235890493));
#3613=CARTESIAN_POINT('Ctrl Pts',(27.064132012204,5.40584852982932,-78.7144057925859));
#3614=CARTESIAN_POINT('Ctrl Pts',(26.9304510395144,5.72704304699728,-78.4288863868809));
#3615=CARTESIAN_POINT('Ctrl Pts',(26.869294039837,5.83748003419631,-78.3349254928845));
#3616=CARTESIAN_POINT('Ctrl Pts',(26.7941281004591,5.94086792888389,-78.25));
#3617=CARTESIAN_POINT('',(28.,1.92298795076838,-86.75));
#3618=CARTESIAN_POINT('Origin',(28.,12.9229879507684,-86.75));
#3619=CARTESIAN_POINT('',(-30.,1.92298795076838,-86.75));
#3620=CARTESIAN_POINT('',(-25.5,3.4,-81.2443029061235));
#3621=CARTESIAN_POINT('',(-23.9,5.,-79.119386529775));
#3622=CARTESIAN_POINT('Ctrl Pts',(-25.5,3.4,-81.2443029061235));
#3623=CARTESIAN_POINT('Ctrl Pts',(-25.3952386794229,3.4,-81.2443029061235));
#3624=CARTESIAN_POINT('Ctrl Pts',(-25.2932768784231,3.41032700330644,-81.2263516361955));
#3625=CARTESIAN_POINT('Ctrl Pts',(-25.0987619516437,3.44795638788038,-81.1620538122301));
#3626=CARTESIAN_POINT('Ctrl Pts',(-25.0062083020111,3.47528230407703,-81.1157226195156));
#3627=CARTESIAN_POINT('Ctrl Pts',(-24.7470211715057,3.5761320103681,-80.94886403455));
#3628=CARTESIAN_POINT('Ctrl Pts',(-24.5988342118191,3.66927205315891,-80.8002949358037));
#3629=CARTESIAN_POINT('Ctrl Pts',(-24.2975276134473,3.91776491006264,-80.4269188052844));
#3630=CARTESIAN_POINT('Ctrl Pts',(-24.1505824528041,4.10869735618506,-80.1602259660484));
#3631=CARTESIAN_POINT('Ctrl Pts',(-23.9511328423299,4.53485663694982,-79.625668868636));
#3632=CARTESIAN_POINT('Ctrl Pts',(-23.9,4.77052950232014,-79.3576494158809));
#3633=CARTESIAN_POINT('Ctrl Pts',(-23.9,5.,-79.119386529775));
#3634=CARTESIAN_POINT('Ctrl Pts',(-23.9,5.00000000000001,-79.119386529775));
#3635=CARTESIAN_POINT('Ctrl Pts',(-23.9,5.19065770281281,-78.9214235890493));
#3636=CARTESIAN_POINT('Ctrl Pts',(-23.935867987796,5.40584852982931,-78.7144057925859));
#3637=CARTESIAN_POINT('Ctrl Pts',(-24.1097963809383,5.82374529653566,-78.3429248671701));
#3638=CARTESIAN_POINT('Ctrl Pts',(-24.2483002696052,6.02606716688108,-78.1782375856908));
#3639=CARTESIAN_POINT('Ctrl Pts',(-24.5592559562021,6.30589800986608,-77.9616068802895));
#3640=CARTESIAN_POINT('Ctrl Pts',(-24.7253369844771,6.41419687497588,-77.8818615695282));
#3641=CARTESIAN_POINT('Ctrl Pts',(-25.0975510930215,6.56143877508401,-77.7756514454345));
#3642=CARTESIAN_POINT('Ctrl Pts',(-25.3037529135704,6.6,-77.7488987687929));
#3643=CARTESIAN_POINT('Ctrl Pts',(-25.6962470864296,6.6,-77.7488987687929));
#3644=CARTESIAN_POINT('Ctrl Pts',(-25.9024489069784,6.56143877508401,-77.7756514454345));
#3645=CARTESIAN_POINT('Ctrl Pts',(-26.2746630155228,6.41419687497588,-77.8818615695282));
#3646=CARTESIAN_POINT('Ctrl Pts',(-26.4407440437979,6.30589800986608,-77.9616068802895));
#3647=CARTESIAN_POINT('Ctrl Pts',(-26.7516997303948,6.02606716688108,-78.1782375856908));
#3648=CARTESIAN_POINT('Ctrl Pts',(-26.8902036190617,5.82374529653566,-78.3429248671701));
#3649=CARTESIAN_POINT('Ctrl Pts',(-27.064132012204,5.40584852982931,-78.7144057925859));
#3650=CARTESIAN_POINT('Ctrl Pts',(-27.1,5.1906577028128,-78.9214235890493));
#3651=CARTESIAN_POINT('Ctrl Pts',(-27.1,4.77052950232014,-79.3576494158809));
#3652=CARTESIAN_POINT('Ctrl Pts',(-27.0488671576701,4.53485663694983,-79.625668868636));
#3653=CARTESIAN_POINT('Ctrl Pts',(-26.8494175471959,4.10869735618507,-80.1602259660484));
#3654=CARTESIAN_POINT('Ctrl Pts',(-26.7024723865527,3.91776491006264,-80.4269188052844));
#3655=CARTESIAN_POINT('Ctrl Pts',(-26.4011657881809,3.66927205315891,-80.8002949358037));
#3656=CARTESIAN_POINT('Ctrl Pts',(-26.2529788284942,3.5761320103681,-80.94886403455));
#3657=CARTESIAN_POINT('Ctrl Pts',(-25.9937916979889,3.47528230407703,-81.1157226195156));
#3658=CARTESIAN_POINT('Ctrl Pts',(-25.9012380483563,3.44795638788038,-81.1620538122301));
#3659=CARTESIAN_POINT('Ctrl Pts',(-25.7067231215768,3.41032700330644,-81.2263516361955));
#3660=CARTESIAN_POINT('Ctrl Pts',(-25.604761320577,3.4,-81.2443029061235));
#3661=CARTESIAN_POINT('Ctrl Pts',(-25.5,3.4,-81.2443029061235));
#3662=CARTESIAN_POINT('',(-25.5,19.4,-77.8590880718506));
#3663=CARTESIAN_POINT('',(-23.9,21.,-79.2826124811572));
#3664=CARTESIAN_POINT('Ctrl Pts',(-25.5,19.4,-77.8590880718506));
#3665=CARTESIAN_POINT('Ctrl Pts',(-25.3040199882099,19.4,-77.8590880718506));
#3666=CARTESIAN_POINT('Ctrl Pts',(-25.0983349984606,19.4384632217131,-77.8867656052066));
#3667=CARTESIAN_POINT('Ctrl Pts',(-24.7274863868149,19.5847424318924,-77.9961797016498));
#3668=CARTESIAN_POINT('Ctrl Pts',(-24.5622424531025,19.6921489944309,-78.0781908601164));
#3669=CARTESIAN_POINT('Ctrl Pts',(-24.2493859224878,19.9719316994515,-78.3026973088439));
#3670=CARTESIAN_POINT('Ctrl Pts',(-24.1100890773198,20.175568187245,-78.4746474509544));
#3671=CARTESIAN_POINT('Ctrl Pts',(-23.9356101742075,20.5947541771224,-78.8616932276727));
#3672=CARTESIAN_POINT('Ctrl Pts',(-23.9,20.8099183746172,-79.077012922452));
#3673=CARTESIAN_POINT('Ctrl Pts',(-23.9,21.,-79.2826124811572));
#3674=CARTESIAN_POINT('Ctrl Pts',(-23.9,21.,-79.2826124811572));
#3675=CARTESIAN_POINT('Ctrl Pts',(-23.9,21.2318947238888,-79.5334386870126));
#3676=CARTESIAN_POINT('Ctrl Pts',(-23.9521617348319,21.4692589031137,-79.8155603425252));
#3677=CARTESIAN_POINT('Ctrl Pts',(-24.1542843528698,21.8972496978926,-80.3791424444537));
#3678=CARTESIAN_POINT('Ctrl Pts',(-24.3027142330311,22.0883328315311,-80.6608041332192));
#3679=CARTESIAN_POINT('Ctrl Pts',(-24.6048228910369,22.3344814080945,-81.0530607162016));
#3680=CARTESIAN_POINT('Ctrl Pts',(-24.7509737952102,22.4256794230258,-81.2077182671164));
#3681=CARTESIAN_POINT('Ctrl Pts',(-25.0073615433807,22.5250271687325,-81.382938340108));
#3682=CARTESIAN_POINT('Ctrl Pts',(-25.0990003163311,22.5520695407379,-81.4318895872909));
#3683=CARTESIAN_POINT('Ctrl Pts',(-25.2924888290507,22.5895406436073,-81.5003056407622));
#3684=CARTESIAN_POINT('Ctrl Pts',(-25.3943372546374,22.6,-81.5197573862173));
#3685=CARTESIAN_POINT('Ctrl Pts',(-25.6056627453626,22.6,-81.5197573862173));
#3686=CARTESIAN_POINT('Ctrl Pts',(-25.7075111709493,22.5895406436073,-81.5003056407622));
#3687=CARTESIAN_POINT('Ctrl Pts',(-25.9009996836689,22.5520695407379,-81.4318895872909));
#3688=CARTESIAN_POINT('Ctrl Pts',(-25.9926384566192,22.5250271687325,-81.382938340108));
#3689=CARTESIAN_POINT('Ctrl Pts',(-26.2490262047898,22.4256794230258,-81.2077182671164));
#3690=CARTESIAN_POINT('Ctrl Pts',(-26.3951771089631,22.3344814080945,-81.0530607162016));
#3691=CARTESIAN_POINT('Ctrl Pts',(-26.6972857669688,22.0883328315311,-80.6608041332192));
#3692=CARTESIAN_POINT('Ctrl Pts',(-26.8457156471302,21.8972496978926,-80.3791424444537));
#3693=CARTESIAN_POINT('Ctrl Pts',(-27.0478382651681,21.4692589031137,-79.8155603425252));
#3694=CARTESIAN_POINT('Ctrl Pts',(-27.1,21.2318947238888,-79.5334386870126));
#3695=CARTESIAN_POINT('Ctrl Pts',(-27.1,20.8099183746172,-79.077012922452));
#3696=CARTESIAN_POINT('Ctrl Pts',(-27.0643898257924,20.5947541771224,-78.8616932276727));
#3697=CARTESIAN_POINT('Ctrl Pts',(-26.8899109226802,20.175568187245,-78.4746474509544));
#3698=CARTESIAN_POINT('Ctrl Pts',(-26.7506140775122,19.9719316994515,-78.3026973088439));
#3699=CARTESIAN_POINT('Ctrl Pts',(-26.4377575468975,19.6921489944309,-78.0781908601164));
#3700=CARTESIAN_POINT('Ctrl Pts',(-26.2725136131851,19.5847424318924,-77.9961797016498));
#3701=CARTESIAN_POINT('Ctrl Pts',(-25.9016650015393,19.4384632217131,-77.8867656052066));
#3702=CARTESIAN_POINT('Ctrl Pts',(-25.6959800117901,19.4,-77.8590880718506));
#3703=CARTESIAN_POINT('Ctrl Pts',(-25.5,19.4,-77.8590880718506));
#3704=CARTESIAN_POINT('Origin',(25.5,5.,-100.));
#3705=CARTESIAN_POINT('',(27.1,5.,-75.5));
#3706=CARTESIAN_POINT('',(27.1,5.,-100.));
#3707=CARTESIAN_POINT('Origin',(25.5,5.,-75.5));
#3708=CARTESIAN_POINT('Origin',(-25.5,5.,-100.));
#3709=CARTESIAN_POINT('',(-23.9,5.,-75.5));
#3710=CARTESIAN_POINT('',(-23.9,5.,-100.));
#3711=CARTESIAN_POINT('Origin',(-25.5,5.,-75.5));
#3712=CARTESIAN_POINT('Origin',(25.5,21.,-100.));
#3713=CARTESIAN_POINT('',(27.1,21.,-75.5));
#3714=CARTESIAN_POINT('',(27.1,21.,-100.));
#3715=CARTESIAN_POINT('Origin',(25.5,21.,-75.5));
#3716=CARTESIAN_POINT('Origin',(-25.5,21.,-100.));
#3717=CARTESIAN_POINT('',(-23.9,21.,-75.5));
#3718=CARTESIAN_POINT('',(-23.9,21.,-100.));
#3719=CARTESIAN_POINT('Origin',(-25.5,21.,-75.5));
#3720=CARTESIAN_POINT('Origin',(25.5,21.,-100.));
#3721=CARTESIAN_POINT('',(27.1,21.,-73.5));
#3722=CARTESIAN_POINT('Origin',(25.5,21.,-73.5));
#3723=CARTESIAN_POINT('',(27.1,21.,-100.));
#3724=CARTESIAN_POINT('Origin',(-25.5,5.,-100.));
#3725=CARTESIAN_POINT('',(-23.9,5.,-73.5));
#3726=CARTESIAN_POINT('Origin',(-25.5,5.,-73.5));
#3727=CARTESIAN_POINT('',(-23.9,5.,-100.));
#3728=CARTESIAN_POINT('Origin',(25.5,5.,-100.));
#3729=CARTESIAN_POINT('',(27.1,5.,-73.5));
#3730=CARTESIAN_POINT('Origin',(25.5,5.,-73.5));
#3731=CARTESIAN_POINT('',(27.1,5.,-100.));
#3732=CARTESIAN_POINT('Origin',(-25.5,21.,-100.));
#3733=CARTESIAN_POINT('',(-23.9,21.,-73.5));
#3734=CARTESIAN_POINT('Origin',(-25.5,21.,-73.5));
#3735=CARTESIAN_POINT('',(-23.9,21.,-100.));
#3736=CARTESIAN_POINT('Origin',(25.5,21.9,-73.5));
#3737=CARTESIAN_POINT('',(28.5,17.8,-73.5));
#3738=CARTESIAN_POINT('',(22.5,17.8,-73.5));
#3739=CARTESIAN_POINT('',(28.5,17.8,-73.5));
#3740=CARTESIAN_POINT('',(22.5,17.8,-73.5));
#3741=CARTESIAN_POINT('',(28.5,26.,-73.5));
#3742=CARTESIAN_POINT('Origin',(25.5,21.9,-75.5));
#3743=CARTESIAN_POINT('',(28.5,17.8,-75.5));
#3744=CARTESIAN_POINT('',(22.5,17.8,-75.5));
#3745=CARTESIAN_POINT('',(28.5,17.8,-75.5));
#3746=CARTESIAN_POINT('',(28.5,26.,-75.5));
#3747=CARTESIAN_POINT('',(22.5,17.8,-75.5));
#3748=CARTESIAN_POINT('Origin',(28.5,17.8,-73.5));
#3749=CARTESIAN_POINT('',(28.5,17.8,-73.5));
#3750=CARTESIAN_POINT('',(22.5,17.8,-73.5));
#3751=CARTESIAN_POINT('Origin',(22.5,17.8,-73.5));
#3752=CARTESIAN_POINT('Origin',(28.5,26.,-73.5));
#3753=CARTESIAN_POINT('Origin',(-25.5,4.1,-73.5));
#3754=CARTESIAN_POINT('',(-22.5,8.2,-73.5));
#3755=CARTESIAN_POINT('',(-28.5,8.2,-73.5));
#3756=CARTESIAN_POINT('',(-22.5,8.2,-73.5));
#3757=CARTESIAN_POINT('',(-22.5,-1.54074395550979E-32,-73.5));
#3758=CARTESIAN_POINT('',(-22.5,-1.54074395550979E-32,-73.5));
#3759=CARTESIAN_POINT('',(-28.5,0.,-73.5));
#3760=CARTESIAN_POINT('',(-12.75,0.,-73.5));
#3761=CARTESIAN_POINT('',(-28.5,8.2,-73.5));
#3762=CARTESIAN_POINT('Origin',(-25.5,4.1,-75.5));
#3763=CARTESIAN_POINT('',(-28.5,8.2,-75.5));
#3764=CARTESIAN_POINT('',(-22.5,8.2,-75.5));
#3765=CARTESIAN_POINT('',(-22.5,8.2,-75.5));
#3766=CARTESIAN_POINT('',(-28.5,0.,-75.5));
#3767=CARTESIAN_POINT('',(-28.5,8.2,-75.5));
#3768=CARTESIAN_POINT('',(-22.5,0.,-75.5));
#3769=CARTESIAN_POINT('',(-12.75,0.,-75.5));
#3770=CARTESIAN_POINT('',(-22.5,-1.54074395550979E-32,-75.5));
#3771=CARTESIAN_POINT('Origin',(-28.5,8.2,-73.5));
#3772=CARTESIAN_POINT('',(-28.5,8.2,-73.5));
#3773=CARTESIAN_POINT('',(-22.5,8.2,-73.5));
#3774=CARTESIAN_POINT('Origin',(-22.5,8.2,-73.5));
#3775=CARTESIAN_POINT('',(-22.5,0.,-79.0623887896835));
#3776=CARTESIAN_POINT('Origin',(-28.5,0.,-73.5));
#3777=CARTESIAN_POINT('',(-28.5,0.,-79.0623887896835));
#3778=CARTESIAN_POINT('Origin',(25.5,4.1,-73.5));
#3779=CARTESIAN_POINT('',(22.5,8.2,-73.5));
#3780=CARTESIAN_POINT('',(22.5,0.,-73.5));
#3781=CARTESIAN_POINT('',(22.5,8.2,-73.5));
#3782=CARTESIAN_POINT('',(28.5,8.2,-73.5));
#3783=CARTESIAN_POINT('',(28.5,8.2,-73.5));
#3784=CARTESIAN_POINT('',(28.5,-1.54074395550979E-32,-73.5));
#3785=CARTESIAN_POINT('',(28.5,-1.54074395550979E-32,-73.5));
#3786=CARTESIAN_POINT('',(12.75,0.,-73.5));
#3787=CARTESIAN_POINT('Origin',(25.5,4.1,-75.5));
#3788=CARTESIAN_POINT('',(22.5,0.,-75.5));
#3789=CARTESIAN_POINT('',(22.5,8.2,-75.5));
#3790=CARTESIAN_POINT('',(22.5,8.2,-75.5));
#3791=CARTESIAN_POINT('',(28.5,0.,-75.5));
#3792=CARTESIAN_POINT('',(12.75,0.,-75.5));
#3793=CARTESIAN_POINT('',(28.5,8.2,-75.5));
#3794=CARTESIAN_POINT('',(28.5,-1.54074395550979E-32,-75.5));
#3795=CARTESIAN_POINT('',(28.5,8.2,-75.5));
#3796=CARTESIAN_POINT('Origin',(22.5,0.,-73.5));
#3797=CARTESIAN_POINT('',(22.5,0.,-79.0623887896835));
#3798=CARTESIAN_POINT('',(22.5,8.2,-73.5));
#3799=CARTESIAN_POINT('Origin',(22.5,8.2,-73.5));
#3800=CARTESIAN_POINT('',(28.5,8.2,-73.5));
#3801=CARTESIAN_POINT('Origin',(28.5,8.2,-73.5));
#3802=CARTESIAN_POINT('',(28.5,0.,-79.0623887896835));
#3803=CARTESIAN_POINT('Origin',(-25.5,21.9,-73.5));
#3804=CARTESIAN_POINT('',(-28.5,17.8,-73.5));
#3805=CARTESIAN_POINT('',(-28.5,17.8,-73.5));
#3806=CARTESIAN_POINT('',(-22.5,17.8,-73.5));
#3807=CARTESIAN_POINT('',(-22.5,26.,-73.5));
#3808=CARTESIAN_POINT('',(-22.5,17.8,-73.5));
#3809=CARTESIAN_POINT('Origin',(-25.5,21.9,-75.5));
#3810=CARTESIAN_POINT('',(-28.5,17.8,-75.5));
#3811=CARTESIAN_POINT('',(-28.5,17.8,-75.5));
#3812=CARTESIAN_POINT('',(-22.5,17.8,-75.5));
#3813=CARTESIAN_POINT('',(-22.5,17.8,-75.5));
#3814=CARTESIAN_POINT('',(-22.5,26.,-75.5));
#3815=CARTESIAN_POINT('Origin',(-28.5,17.8,-73.5));
#3816=CARTESIAN_POINT('',(-28.5,17.8,-73.5));
#3817=CARTESIAN_POINT('Origin',(-22.5,26.,-73.5));
#3818=CARTESIAN_POINT('',(-22.5,17.8,-73.5));
#3819=CARTESIAN_POINT('Origin',(-22.5,17.8,-73.5));
#3820=CARTESIAN_POINT('Origin',(29.1,25.1,-77.4371663690504));
#3821=CARTESIAN_POINT('Origin',(29.1,25.1,-86.75));
#3822=CARTESIAN_POINT('Origin',(29.1,0.9,-77.4371663690504));
#3823=CARTESIAN_POINT('',(29.1,0.,-86.75));
#3824=CARTESIAN_POINT('Origin',(29.1,0.9,-86.75));
#3825=CARTESIAN_POINT('',(29.1,0.,-77.4371663690504));
#3826=CARTESIAN_POINT('Origin',(4.44089209850063E-15,0.,-84.624777579367));
#3827=CARTESIAN_POINT('',(0.000153005415423069,0.,-86.75));
#3828=CARTESIAN_POINT('Origin',(28.,0.,-100.));
#3829=CARTESIAN_POINT('',(28.,6.50000000000027,-86.75));
#3830=CARTESIAN_POINT('',(28.,6.50000000000027,-86.75));
#3831=CARTESIAN_POINT('Origin',(0.000306010830841696,13.0000000000005,-86.75));
#3832=CARTESIAN_POINT('Origin',(30.,12.9229879507684,-86.75));
#3833=CARTESIAN_POINT('',(28.,15.9229879507684,-86.75));
#3834=CARTESIAN_POINT('',(30.,15.9229879507684,-86.75));
#3835=CARTESIAN_POINT('',(30.,15.9229879507684,-86.75));
#3836=CARTESIAN_POINT('',(28.,9.92298795076842,-86.75));
#3837=CARTESIAN_POINT('Origin',(28.,12.9229879507684,-86.75));
#3838=CARTESIAN_POINT('',(30.,9.92298795076842,-86.75));
#3839=CARTESIAN_POINT('',(30.,9.92298795076842,-86.75));
#3840=CARTESIAN_POINT('Origin',(30.,12.9229879507684,-86.75));
#3841=CARTESIAN_POINT('Origin',(30.,0.,-70.2495551587339));
#3842=CARTESIAN_POINT('',(30.,0.9,-86.75));
#3843=CARTESIAN_POINT('',(30.,6.50000000000027,-86.75));
#3844=CARTESIAN_POINT('',(30.,0.9,-99.));
#3845=CARTESIAN_POINT('',(30.,0.9,-77.4371663690504));
#3846=CARTESIAN_POINT('',(30.,25.1,-99.));
#3847=CARTESIAN_POINT('',(30.,0.,-99.));
#3848=CARTESIAN_POINT('',(30.,25.1,-86.75));
#3849=CARTESIAN_POINT('',(30.,25.1,-77.4371663690504));
#3850=CARTESIAN_POINT('',(30.,6.50000000000027,-86.75));
#3851=CARTESIAN_POINT('Origin',(0.000306010830841696,13.0000000000005,-86.75));
#3852=CARTESIAN_POINT('',(29.1,26.,-86.75));
#3853=CARTESIAN_POINT('Origin',(29.1,25.1,-86.75));
#3854=CARTESIAN_POINT('',(-29.1,26.,-86.75));
#3855=CARTESIAN_POINT('',(0.000153005415423069,26.,-86.75));
#3856=CARTESIAN_POINT('',(-30.,25.1,-86.75));
#3857=CARTESIAN_POINT('Origin',(-29.1,25.1,-86.75));
#3858=CARTESIAN_POINT('',(-30.,0.9,-86.75));
#3859=CARTESIAN_POINT('',(-30.,6.50000000000027,-86.75));
#3860=CARTESIAN_POINT('',(-29.1,0.,-86.75));
#3861=CARTESIAN_POINT('Origin',(-29.1,0.9,-86.75));
#3862=CARTESIAN_POINT('',(29.1,0.,-86.75));
#3863=CARTESIAN_POINT('',(0.000153005415423069,0.,-86.75));
#3864=CARTESIAN_POINT('Origin',(29.1,0.9,-86.75));
#3865=CARTESIAN_POINT('',(28.,1.92298795076838,-86.75));
#3866=CARTESIAN_POINT('',(28.,6.50000000000027,-86.75));
#3867=CARTESIAN_POINT('',(-28.,1.92298795076838,-86.75));
#3868=CARTESIAN_POINT('',(-30.,1.92298795076838,-86.75));
#3869=CARTESIAN_POINT('',(-28.,23.9229879507685,-86.75));
#3870=CARTESIAN_POINT('',(-28.,6.50000000000027,-86.75));
#3871=CARTESIAN_POINT('',(28.,23.9229879507685,-86.75));
#3872=CARTESIAN_POINT('',(-30.,23.9229879507685,-86.75));
#3873=CARTESIAN_POINT('',(28.,6.50000000000027,-86.75));
#3874=CARTESIAN_POINT('Origin',(-28.,0.,-69.5772951471958));
#3875=CARTESIAN_POINT('Origin',(-28.,12.9229879507684,-86.75));
#3876=CARTESIAN_POINT('Origin',(-30.,12.9229879507684,-86.75));
#3877=CARTESIAN_POINT('',(28.,5.9408679288839,-95.25));
#3878=CARTESIAN_POINT('Origin',(28.,12.9229879507684,-86.75));
#3879=CARTESIAN_POINT('',(26.7941281004591,5.9408679288839,-95.25));
#3880=CARTESIAN_POINT('',(-30.,5.9408679288839,-95.25));
#3881=CARTESIAN_POINT('',(27.1,5.,-94.380613470225));
#3882=CARTESIAN_POINT('Ctrl Pts',(26.7941281004591,5.9408679288839,-95.25));
#3883=CARTESIAN_POINT('Ctrl Pts',(26.869294039837,5.83748003419632,-95.1650745071154));
#3884=CARTESIAN_POINT('Ctrl Pts',(26.9304510395144,5.72704304699728,-95.0711136131191));
#3885=CARTESIAN_POINT('Ctrl Pts',(27.064132012204,5.40584852982931,-94.7855942074141));
#3886=CARTESIAN_POINT('Ctrl Pts',(27.1,5.1906577028128,-94.5785764109507));
#3887=CARTESIAN_POINT('Ctrl Pts',(27.1,5.,-94.380613470225));
#3888=CARTESIAN_POINT('',(24.205871899541,5.9408679288839,-95.25));
#3889=CARTESIAN_POINT('Ctrl Pts',(27.1,5.,-94.380613470225));
#3890=CARTESIAN_POINT('Ctrl Pts',(27.1,4.77052950232014,-94.1423505841191));
#3891=CARTESIAN_POINT('Ctrl Pts',(27.0488671576701,4.53485663694981,-93.874331131364));
#3892=CARTESIAN_POINT('Ctrl Pts',(26.8494175471959,4.10869735618504,-93.3397740339516));
#3893=CARTESIAN_POINT('Ctrl Pts',(26.7024723865527,3.91776491006264,-93.0730811947156));
#3894=CARTESIAN_POINT('Ctrl Pts',(26.4011657881809,3.66927205315891,-92.6997050641963));
#3895=CARTESIAN_POINT('Ctrl Pts',(26.2529788284943,3.5761320103681,-92.55113596545));
#3896=CARTESIAN_POINT('Ctrl Pts',(25.9937916979889,3.47528230407703,-92.3842773804844));
#3897=CARTESIAN_POINT('Ctrl Pts',(25.9012380483564,3.44795638788039,-92.3379461877699));
#3898=CARTESIAN_POINT('Ctrl Pts',(25.7067231215769,3.41032700330644,-92.2736483638046));
#3899=CARTESIAN_POINT('Ctrl Pts',(25.6047613205771,3.4,-92.2556970938765));
#3900=CARTESIAN_POINT('Ctrl Pts',(25.5,3.4,-92.2556970938765));
#3901=CARTESIAN_POINT('Ctrl Pts',(25.395238679423,3.4,-92.2556970938765));
#3902=CARTESIAN_POINT('Ctrl Pts',(25.2932768784232,3.41032700330644,-92.2736483638046));
#3903=CARTESIAN_POINT('Ctrl Pts',(25.0987619516437,3.44795638788039,-92.3379461877699));
#3904=CARTESIAN_POINT('Ctrl Pts',(25.0062083020111,3.47528230407703,-92.3842773804844));
#3905=CARTESIAN_POINT('Ctrl Pts',(24.7470211715058,3.5761320103681,-92.55113596545));
#3906=CARTESIAN_POINT('Ctrl Pts',(24.5988342118191,3.66927205315891,-92.6997050641963));
#3907=CARTESIAN_POINT('Ctrl Pts',(24.2975276134473,3.91776491006264,-93.0730811947156));
#3908=CARTESIAN_POINT('Ctrl Pts',(24.1505824528041,4.10869735618505,-93.3397740339516));
#3909=CARTESIAN_POINT('Ctrl Pts',(23.95113284233,4.53485663694982,-93.874331131364));
#3910=CARTESIAN_POINT('Ctrl Pts',(23.9,4.77052950232014,-94.1423505841191));
#3911=CARTESIAN_POINT('Ctrl Pts',(23.9,5.1906577028128,-94.5785764109507));
#3912=CARTESIAN_POINT('Ctrl Pts',(23.935867987796,5.40584852982931,-94.7855942074141));
#3913=CARTESIAN_POINT('Ctrl Pts',(24.0695489604856,5.72704304699728,-95.0711136131191));
#3914=CARTESIAN_POINT('Ctrl Pts',(24.1307059601631,5.83748003419632,-95.1650745071155));
#3915=CARTESIAN_POINT('Ctrl Pts',(24.205871899541,5.9408679288839,-95.25));
#3916=CARTESIAN_POINT('',(15.5,5.9408679288839,-95.25));
#3917=CARTESIAN_POINT('',(-30.,5.9408679288839,-95.25));
#3918=CARTESIAN_POINT('',(15.5,3.12502897963567,-91.75));
#3919=CARTESIAN_POINT('Origin',(15.5,12.9229879507684,-86.75));
#3920=CARTESIAN_POINT('',(14.5,3.12502897963567,-91.75));
#3921=CARTESIAN_POINT('',(-30.,3.12502897963567,-91.75));
#3922=CARTESIAN_POINT('',(14.5,5.9408679288839,-95.25));
#3923=CARTESIAN_POINT('Origin',(14.5,12.9229879507684,-86.75));
#3924=CARTESIAN_POINT('',(-11.,5.9408679288839,-95.25));
#3925=CARTESIAN_POINT('',(-30.,5.9408679288839,-95.25));
#3926=CARTESIAN_POINT('',(-11.,3.12502897963567,-91.75));
#3927=CARTESIAN_POINT('Origin',(-11.,12.9229879507684,-86.75));
#3928=CARTESIAN_POINT('',(-12.,3.12502897963567,-91.75));
#3929=CARTESIAN_POINT('',(-30.,3.12502897963567,-91.75));
#3930=CARTESIAN_POINT('',(-12.,22.7209469219012,-91.75));
#3931=CARTESIAN_POINT('Origin',(-12.,12.9229879507684,-86.75));
#3932=CARTESIAN_POINT('',(-11.,22.7209469219012,-91.75));
#3933=CARTESIAN_POINT('',(-30.,22.7209469219012,-91.75));
#3934=CARTESIAN_POINT('',(-11.,19.905107972653,-95.25));
#3935=CARTESIAN_POINT('Origin',(-11.,12.9229879507684,-86.75));
#3936=CARTESIAN_POINT('',(14.5,19.905107972653,-95.25));
#3937=CARTESIAN_POINT('',(-30.,19.9051079726529,-95.25));
#3938=CARTESIAN_POINT('',(14.5,22.7209469219012,-91.75));
#3939=CARTESIAN_POINT('Origin',(14.5,12.9229879507684,-86.75));
#3940=CARTESIAN_POINT('',(15.5,22.7209469219012,-91.75));
#3941=CARTESIAN_POINT('',(-30.,22.7209469219012,-91.75));
#3942=CARTESIAN_POINT('',(15.5,19.905107972653,-95.25));
#3943=CARTESIAN_POINT('Origin',(15.5,12.9229879507684,-86.75));
#3944=CARTESIAN_POINT('',(24.3332903324084,19.9051079726529,-95.25));
#3945=CARTESIAN_POINT('',(-30.,19.9051079726529,-95.25));
#3946=CARTESIAN_POINT('',(27.1,21.,-94.2173875188428));
#3947=CARTESIAN_POINT('Ctrl Pts',(24.3332903324084,19.9051079726529,-95.25));
#3948=CARTESIAN_POINT('Ctrl Pts',(24.1979044781886,20.0493742391231,-95.1314959543996));
#3949=CARTESIAN_POINT('Ctrl Pts',(24.0935145925421,20.2153884273102,-94.9885854429941));
#3950=CARTESIAN_POINT('Ctrl Pts',(23.9356101742076,20.5947541771224,-94.6383067723273));
#3951=CARTESIAN_POINT('Ctrl Pts',(23.9,20.8099183746172,-94.422987077548));
#3952=CARTESIAN_POINT('Ctrl Pts',(23.9,21.2318947238888,-93.9665613129874));
#3953=CARTESIAN_POINT('Ctrl Pts',(23.952161734832,21.4692589031137,-93.6844396574748));
#3954=CARTESIAN_POINT('Ctrl Pts',(24.1542843528698,21.8972496978926,-93.1208575555463));
#3955=CARTESIAN_POINT('Ctrl Pts',(24.3027142330312,22.0883328315311,-92.8391958667808));
#3956=CARTESIAN_POINT('Ctrl Pts',(24.6048228910369,22.3344814080945,-92.4469392837985));
#3957=CARTESIAN_POINT('Ctrl Pts',(24.7509737952102,22.4256794230258,-92.2922817328836));
#3958=CARTESIAN_POINT('Ctrl Pts',(25.0073615433808,22.5250271687325,-92.117061659892));
#3959=CARTESIAN_POINT('Ctrl Pts',(25.0990003163312,22.5520695407379,-92.0681104127091));
#3960=CARTESIAN_POINT('Ctrl Pts',(25.2924888290507,22.5895406436073,-91.9996943592378));
#3961=CARTESIAN_POINT('Ctrl Pts',(25.3943372546374,22.6,-91.9802426137827));
#3962=CARTESIAN_POINT('Ctrl Pts',(25.6056627453626,22.6,-91.9802426137827));
#3963=CARTESIAN_POINT('Ctrl Pts',(25.7075111709493,22.5895406436073,-91.9996943592378));
#3964=CARTESIAN_POINT('Ctrl Pts',(25.9009996836689,22.5520695407379,-92.0681104127091));
#3965=CARTESIAN_POINT('Ctrl Pts',(25.9926384566193,22.5250271687325,-92.117061659892));
#3966=CARTESIAN_POINT('Ctrl Pts',(26.2490262047898,22.4256794230258,-92.2922817328836));
#3967=CARTESIAN_POINT('Ctrl Pts',(26.3951771089631,22.3344814080945,-92.4469392837985));
#3968=CARTESIAN_POINT('Ctrl Pts',(26.6972857669689,22.0883328315311,-92.8391958667808));
#3969=CARTESIAN_POINT('Ctrl Pts',(26.8457156471302,21.8972496978926,-93.1208575555463));
#3970=CARTESIAN_POINT('Ctrl Pts',(27.0478382651681,21.4692589031137,-93.6844396574748));
#3971=CARTESIAN_POINT('Ctrl Pts',(27.1,21.2318947238888,-93.9665613129875));
#3972=CARTESIAN_POINT('Ctrl Pts',(27.1,21.,-94.2173875188428));
#3973=CARTESIAN_POINT('',(26.6667096675917,19.9051079726529,-95.25));
#3974=CARTESIAN_POINT('Ctrl Pts',(27.1,21.,-94.2173875188428));
#3975=CARTESIAN_POINT('Ctrl Pts',(27.1,20.8099183746172,-94.422987077548));
#3976=CARTESIAN_POINT('Ctrl Pts',(27.0643898257925,20.5947541771224,-94.6383067723273));
#3977=CARTESIAN_POINT('Ctrl Pts',(26.9064854074579,20.2153884273102,-94.9885854429941));
#3978=CARTESIAN_POINT('Ctrl Pts',(26.8020955218114,20.0493742391231,-95.1314959543996));
#3979=CARTESIAN_POINT('Ctrl Pts',(26.6667096675917,19.9051079726529,-95.25));
#3980=CARTESIAN_POINT('',(28.,19.9051079726529,-95.25));
#3981=CARTESIAN_POINT('',(-30.,19.9051079726529,-95.25));
#3982=CARTESIAN_POINT('Origin',(28.,12.9229879507684,-86.75));
#3983=CARTESIAN_POINT('',(-25.5,19.4,-95.6409119281494));
#3984=CARTESIAN_POINT('',(-23.9,21.,-94.2173875188428));
#3985=CARTESIAN_POINT('Ctrl Pts',(-25.5,19.4,-95.6409119281494));
#3986=CARTESIAN_POINT('Ctrl Pts',(-25.6959800117901,19.4,-95.6409119281494));
#3987=CARTESIAN_POINT('Ctrl Pts',(-25.9016650015393,19.4384632217131,-95.6132343947935));
#3988=CARTESIAN_POINT('Ctrl Pts',(-26.2725136131851,19.5847424318924,-95.5038202983502));
#3989=CARTESIAN_POINT('Ctrl Pts',(-26.4377575468975,19.6921489944309,-95.4218091398836));
#3990=CARTESIAN_POINT('Ctrl Pts',(-26.7506140775122,19.9719316994515,-95.1973026911561));
#3991=CARTESIAN_POINT('Ctrl Pts',(-26.8899109226802,20.175568187245,-95.0253525490456));
#3992=CARTESIAN_POINT('Ctrl Pts',(-27.0643898257924,20.5947541771224,-94.6383067723273));
#3993=CARTESIAN_POINT('Ctrl Pts',(-27.1,20.8099183746172,-94.422987077548));
#3994=CARTESIAN_POINT('Ctrl Pts',(-27.1,21.2318947238888,-93.9665613129874));
#3995=CARTESIAN_POINT('Ctrl Pts',(-27.0478382651681,21.4692589031137,-93.6844396574748));
#3996=CARTESIAN_POINT('Ctrl Pts',(-26.8457156471302,21.8972496978926,-93.1208575555463));
#3997=CARTESIAN_POINT('Ctrl Pts',(-26.6972857669688,22.0883328315311,-92.8391958667808));
#3998=CARTESIAN_POINT('Ctrl Pts',(-26.3951771089631,22.3344814080945,-92.4469392837985));
#3999=CARTESIAN_POINT('Ctrl Pts',(-26.2490262047898,22.4256794230258,-92.2922817328836));
#4000=CARTESIAN_POINT('Ctrl Pts',(-25.9926384566192,22.5250271687325,-92.117061659892));
#4001=CARTESIAN_POINT('Ctrl Pts',(-25.9009996836689,22.5520695407379,-92.0681104127091));
#4002=CARTESIAN_POINT('Ctrl Pts',(-25.7075111709493,22.5895406436073,-91.9996943592378));
#4003=CARTESIAN_POINT('Ctrl Pts',(-25.6056627453626,22.6,-91.9802426137827));
#4004=CARTESIAN_POINT('Ctrl Pts',(-25.3943372546374,22.6,-91.9802426137827));
#4005=CARTESIAN_POINT('Ctrl Pts',(-25.2924888290507,22.5895406436073,-91.9996943592378));
#4006=CARTESIAN_POINT('Ctrl Pts',(-25.0990003163311,22.5520695407379,-92.0681104127091));
#4007=CARTESIAN_POINT('Ctrl Pts',(-25.0073615433807,22.5250271687325,-92.117061659892));
#4008=CARTESIAN_POINT('Ctrl Pts',(-24.7509737952102,22.4256794230258,-92.2922817328836));
#4009=CARTESIAN_POINT('Ctrl Pts',(-24.6048228910369,22.3344814080945,-92.4469392837985));
#4010=CARTESIAN_POINT('Ctrl Pts',(-24.3027142330311,22.0883328315311,-92.8391958667808));
#4011=CARTESIAN_POINT('Ctrl Pts',(-24.1542843528698,21.8972496978926,-93.1208575555463));
#4012=CARTESIAN_POINT('Ctrl Pts',(-23.9521617348319,21.4692589031137,-93.6844396574748));
#4013=CARTESIAN_POINT('Ctrl Pts',(-23.9,21.2318947238888,-93.9665613129874));
#4014=CARTESIAN_POINT('Ctrl Pts',(-23.9,21.,-94.2173875188428));
#4015=CARTESIAN_POINT('Ctrl Pts',(-23.9,21.,-94.2173875188428));
#4016=CARTESIAN_POINT('Ctrl Pts',(-23.9,20.8099183746172,-94.422987077548));
#4017=CARTESIAN_POINT('Ctrl Pts',(-23.9356101742075,20.5947541771224,-94.6383067723273));
#4018=CARTESIAN_POINT('Ctrl Pts',(-24.1100890773198,20.175568187245,-95.0253525490456));
#4019=CARTESIAN_POINT('Ctrl Pts',(-24.2493859224878,19.9719316994515,-95.1973026911561));
#4020=CARTESIAN_POINT('Ctrl Pts',(-24.5622424531025,19.6921489944309,-95.4218091398836));
#4021=CARTESIAN_POINT('Ctrl Pts',(-24.7274863868149,19.5847424318924,-95.5038202983502));
#4022=CARTESIAN_POINT('Ctrl Pts',(-25.0983349984606,19.4384632217131,-95.6132343947935));
#4023=CARTESIAN_POINT('Ctrl Pts',(-25.3040199882099,19.4,-95.6409119281494));
#4024=CARTESIAN_POINT('Ctrl Pts',(-25.5,19.4,-95.6409119281494));
#4025=CARTESIAN_POINT('',(-25.5,3.4,-92.2556970938765));
#4026=CARTESIAN_POINT('',(-23.9,5.,-94.380613470225));
#4027=CARTESIAN_POINT('Ctrl Pts',(-25.5,3.4,-92.2556970938765));
#4028=CARTESIAN_POINT('Ctrl Pts',(-25.604761320577,3.4,-92.2556970938765));
#4029=CARTESIAN_POINT('Ctrl Pts',(-25.7067231215768,3.41032700330644,-92.2736483638046));
#4030=CARTESIAN_POINT('Ctrl Pts',(-25.9012380483563,3.44795638788038,-92.3379461877699));
#4031=CARTESIAN_POINT('Ctrl Pts',(-25.9937916979889,3.47528230407703,-92.3842773804844));
#4032=CARTESIAN_POINT('Ctrl Pts',(-26.2529788284942,3.5761320103681,-92.55113596545));
#4033=CARTESIAN_POINT('Ctrl Pts',(-26.4011657881809,3.66927205315891,-92.6997050641963));
#4034=CARTESIAN_POINT('Ctrl Pts',(-26.7024723865527,3.91776491006264,-93.0730811947156));
#4035=CARTESIAN_POINT('Ctrl Pts',(-26.8494175471959,4.10869735618505,-93.3397740339516));
#4036=CARTESIAN_POINT('Ctrl Pts',(-27.04886715767,4.53485663694981,-93.874331131364));
#4037=CARTESIAN_POINT('Ctrl Pts',(-27.1,4.77052950232014,-94.1423505841191));
#4038=CARTESIAN_POINT('Ctrl Pts',(-27.1,5.1906577028128,-94.5785764109507));
#4039=CARTESIAN_POINT('Ctrl Pts',(-27.064132012204,5.40584852982931,-94.7855942074141));
#4040=CARTESIAN_POINT('Ctrl Pts',(-26.8902036190617,5.82374529653565,-95.1570751328299));
#4041=CARTESIAN_POINT('Ctrl Pts',(-26.7516997303948,6.02606716688108,-95.3217624143092));
#4042=CARTESIAN_POINT('Ctrl Pts',(-26.4407440437979,6.30589800986608,-95.5383931197105));
#4043=CARTESIAN_POINT('Ctrl Pts',(-26.2746630155229,6.41419687497588,-95.6181384304718));
#4044=CARTESIAN_POINT('Ctrl Pts',(-25.9024489069784,6.56143877508401,-95.7243485545655));
#4045=CARTESIAN_POINT('Ctrl Pts',(-25.6962470864296,6.6,-95.7511012312071));
#4046=CARTESIAN_POINT('Ctrl Pts',(-25.3037529135704,6.6,-95.7511012312071));
#4047=CARTESIAN_POINT('Ctrl Pts',(-25.0975510930215,6.56143877508401,-95.7243485545655));
#4048=CARTESIAN_POINT('Ctrl Pts',(-24.7253369844771,6.41419687497588,-95.6181384304718));
#4049=CARTESIAN_POINT('Ctrl Pts',(-24.5592559562021,6.30589800986608,-95.5383931197105));
#4050=CARTESIAN_POINT('Ctrl Pts',(-24.2483002696052,6.02606716688108,-95.3217624143092));
#4051=CARTESIAN_POINT('Ctrl Pts',(-24.1097963809383,5.82374529653565,-95.1570751328299));
#4052=CARTESIAN_POINT('Ctrl Pts',(-23.935867987796,5.40584852982931,-94.7855942074141));
#4053=CARTESIAN_POINT('Ctrl Pts',(-23.9,5.1906577028128,-94.5785764109507));
#4054=CARTESIAN_POINT('Ctrl Pts',(-23.9,5.,-94.380613470225));
#4055=CARTESIAN_POINT('Ctrl Pts',(-23.9,5.,-94.380613470225));
#4056=CARTESIAN_POINT('Ctrl Pts',(-23.9,4.77052950232014,-94.1423505841191));
#4057=CARTESIAN_POINT('Ctrl Pts',(-23.9511328423299,4.53485663694982,-93.874331131364));
#4058=CARTESIAN_POINT('Ctrl Pts',(-24.1505824528041,4.10869735618505,-93.3397740339516));
#4059=CARTESIAN_POINT('Ctrl Pts',(-24.2975276134473,3.91776491006264,-93.0730811947156));
#4060=CARTESIAN_POINT('Ctrl Pts',(-24.5988342118191,3.66927205315891,-92.6997050641963));
#4061=CARTESIAN_POINT('Ctrl Pts',(-24.7470211715057,3.5761320103681,-92.55113596545));
#4062=CARTESIAN_POINT('Ctrl Pts',(-25.0062083020111,3.47528230407703,-92.3842773804844));
#4063=CARTESIAN_POINT('Ctrl Pts',(-25.0987619516437,3.44795638788038,-92.3379461877699));
#4064=CARTESIAN_POINT('Ctrl Pts',(-25.2932768784231,3.41032700330644,-92.2736483638046));
#4065=CARTESIAN_POINT('Ctrl Pts',(-25.3952386794229,3.4,-92.2556970938765));
#4066=CARTESIAN_POINT('Ctrl Pts',(-25.5,3.4,-92.2556970938765));
#4067=CARTESIAN_POINT('Origin',(-29.1,0.9,-91.8123887896835));
#4068=CARTESIAN_POINT('',(-30.,0.9,-99.));
#4069=CARTESIAN_POINT('',(-30.,0.9,-91.8123887896835));
#4070=CARTESIAN_POINT('',(-29.1,0.,-99.));
#4071=CARTESIAN_POINT('Origin',(-29.1,0.9,-99.));
#4072=CARTESIAN_POINT('',(-29.1,0.,-91.8123887896835));
#4073=CARTESIAN_POINT('Origin',(-30.,0.,-99.));
#4074=CARTESIAN_POINT('',(-30.,25.1,-99.));
#4075=CARTESIAN_POINT('',(-30.,25.1,-91.8123887896835));
#4076=CARTESIAN_POINT('',(-30.,0.,-99.));
#4077=CARTESIAN_POINT('Origin',(-29.1,25.1,-91.8123887896835));
#4078=CARTESIAN_POINT('',(-29.1,26.,-99.));
#4079=CARTESIAN_POINT('',(-29.1,26.,-91.8123887896835));
#4080=CARTESIAN_POINT('Origin',(-29.1,25.1,-99.));
#4081=CARTESIAN_POINT('Origin',(4.44089209850063E-15,26.,-84.624777579367));
#4082=CARTESIAN_POINT('',(29.1,26.,-99.));
#4083=CARTESIAN_POINT('',(29.1,26.,-77.4371663690504));
#4084=CARTESIAN_POINT('',(29.,26.,-99.1));
#4085=CARTESIAN_POINT('Origin',(29.,26.,-99.));
#4086=CARTESIAN_POINT('',(-29.,26.,-99.1));
#4087=CARTESIAN_POINT('',(14.5,26.,-99.1));
#4088=CARTESIAN_POINT('Origin',(-29.,26.,-99.));
#4089=CARTESIAN_POINT('Origin',(-25.5,21.,-100.));
#4090=CARTESIAN_POINT('',(-22.5,21.,-100.));
#4091=CARTESIAN_POINT('Origin',(-25.5,21.,-100.));
#4092=CARTESIAN_POINT('',(-22.5,21.,-97.5));
#4093=CARTESIAN_POINT('',(-22.5,21.,-100.));
#4094=CARTESIAN_POINT('Origin',(-25.5,21.,-97.5));
#4095=CARTESIAN_POINT('Origin',(-25.5,21.,-97.5));
#4096=CARTESIAN_POINT('',(-23.9,21.,-97.5));
#4097=CARTESIAN_POINT('Origin',(-25.5,21.,-97.5));
#4098=CARTESIAN_POINT('Origin',(25.5,21.,-100.));
#4099=CARTESIAN_POINT('',(28.5,21.,-100.));
#4100=CARTESIAN_POINT('Origin',(25.5,21.,-100.));
#4101=CARTESIAN_POINT('',(28.5,21.,-97.5));
#4102=CARTESIAN_POINT('',(28.5,21.,-100.));
#4103=CARTESIAN_POINT('Origin',(25.5,21.,-97.5));
#4104=CARTESIAN_POINT('Origin',(25.5,21.,-97.5));
#4105=CARTESIAN_POINT('',(27.1,21.,-97.5));
#4106=CARTESIAN_POINT('Origin',(25.5,21.,-97.5));
#4107=CARTESIAN_POINT('Origin',(-25.5,5.,-100.));
#4108=CARTESIAN_POINT('',(-22.5,5.,-100.));
#4109=CARTESIAN_POINT('Origin',(-25.5,5.,-100.));
#4110=CARTESIAN_POINT('',(-22.5,5.,-97.5));
#4111=CARTESIAN_POINT('',(-22.5,5.,-100.));
#4112=CARTESIAN_POINT('Origin',(-25.5,5.,-97.5));
#4113=CARTESIAN_POINT('Origin',(-25.5,5.,-97.5));
#4114=CARTESIAN_POINT('',(-23.9,5.,-97.5));
#4115=CARTESIAN_POINT('Origin',(-25.5,5.,-97.5));
#4116=CARTESIAN_POINT('Origin',(25.5,5.,-100.));
#4117=CARTESIAN_POINT('',(28.5,5.,-100.));
#4118=CARTESIAN_POINT('Origin',(25.5,5.,-100.));
#4119=CARTESIAN_POINT('',(28.5,5.,-97.5));
#4120=CARTESIAN_POINT('',(28.5,5.,-100.));
#4121=CARTESIAN_POINT('Origin',(25.5,5.,-97.5));
#4122=CARTESIAN_POINT('Origin',(25.5,5.,-97.5));
#4123=CARTESIAN_POINT('',(27.1,5.,-97.5));
#4124=CARTESIAN_POINT('Origin',(25.5,5.,-97.5));
#4125=CARTESIAN_POINT('Origin',(-25.5,21.,-100.));
#4126=CARTESIAN_POINT('',(-23.9,21.,-100.));
#4127=CARTESIAN_POINT('Origin',(25.5,21.,-100.));
#4128=CARTESIAN_POINT('',(27.1,21.,-100.));
#4129=CARTESIAN_POINT('Origin',(25.5,21.,-95.25));
#4130=CARTESIAN_POINT('Origin',(-25.5,5.,-100.));
#4131=CARTESIAN_POINT('',(-23.9,5.,-100.));
#4132=CARTESIAN_POINT('Origin',(25.5,5.,-100.));
#4133=CARTESIAN_POINT('',(27.1,5.,-100.));
#4134=CARTESIAN_POINT('Origin',(25.5,5.,-95.25));
#4135=CARTESIAN_POINT('Origin',(-30.,5.9408679288839,-95.25));
#4136=CARTESIAN_POINT('',(15.5,2.97043396444195,-95.25));
#4137=CARTESIAN_POINT('',(28.,2.97043396444195,-95.25));
#4138=CARTESIAN_POINT('Origin',(-12.,12.9229879507684,-86.75));
#4139=CARTESIAN_POINT('',(-12.,6.48560431897628,-91.75));
#4140=CARTESIAN_POINT('Origin',(1.75000000000001,12.9712086379526,-91.75));
#4141=CARTESIAN_POINT('',(-11.,19.4568129569289,-91.75));
#4142=CARTESIAN_POINT('Origin',(-11.,0.,-95.25));
#4143=CARTESIAN_POINT('',(-11.,2.97043396444195,-95.25));
#4144=CARTESIAN_POINT('Origin',(-30.,5.9408679288839,-95.25));
#4145=CARTESIAN_POINT('',(14.5,15.8206308700836,-95.25));
#4146=CARTESIAN_POINT('Origin',(1.75000000000001,12.9712086379526,-91.75));
#4147=CARTESIAN_POINT('',(15.5,19.335801224618,-91.75));
#4148=CARTESIAN_POINT('',(14.5,6.48560431897628,-91.75));
#4149=CARTESIAN_POINT('Origin',(14.5,25.7003938112834,-95.25));
#4150=CARTESIAN_POINT('Origin',(15.5,0.,-95.25));
#4151=CARTESIAN_POINT('Origin',(28.,0.,-100.));
#4152=CARTESIAN_POINT('Ctrl Pts',(-29.,0.,-99.1));
#4153=CARTESIAN_POINT('Ctrl Pts',(-29.1,0.,-99.1));
#4154=CARTESIAN_POINT('Ctrl Pts',(-29.1,0.,-99.));
#4155=CARTESIAN_POINT('Ctrl Pts',(-29.,-1.62590151730005E-14,-100.));
#4156=CARTESIAN_POINT('Ctrl Pts',(-30.,-1.62590151730005E-14,-100.));
#4157=CARTESIAN_POINT('Ctrl Pts',(-30.,-1.62370117351429E-14,-99.));
#4158=CARTESIAN_POINT('Ctrl Pts',(-29.,0.9,-100.));
#4159=CARTESIAN_POINT('Ctrl Pts',(-30.,0.9,-100.));
#4160=CARTESIAN_POINT('Ctrl Pts',(-30.,0.9,-99.));
#4161=CARTESIAN_POINT('',(-29.,0.9,-100.));
#4162=CARTESIAN_POINT('',(-29.,0.,-99.1));
#4163=CARTESIAN_POINT('Origin',(-29.,0.9,-99.1));
#4164=CARTESIAN_POINT('Origin',(-29.,0.,-99.));
#4165=CARTESIAN_POINT('Origin',(-29.,0.9,-99.));
#4166=CARTESIAN_POINT('Origin',(14.5,0.9,-99.1));
#4167=CARTESIAN_POINT('',(29.,0.9,-100.));
#4168=CARTESIAN_POINT('',(29.,0.,-99.1));
#4169=CARTESIAN_POINT('Origin',(29.,0.9,-99.1));
#4170=CARTESIAN_POINT('',(14.5,0.,-99.1));
#4171=CARTESIAN_POINT('',(14.5,0.9,-100.));
#4172=CARTESIAN_POINT('Ctrl Pts',(29.1,0.,-99.));
#4173=CARTESIAN_POINT('Ctrl Pts',(29.1,0.,-99.1));
#4174=CARTESIAN_POINT('Ctrl Pts',(29.,0.,-99.1));
#4175=CARTESIAN_POINT('Ctrl Pts',(30.,-4.85722573273506E-15,-99.));
#4176=CARTESIAN_POINT('Ctrl Pts',(30.,-4.88478028571588E-15,-100.));
#4177=CARTESIAN_POINT('Ctrl Pts',(29.,-4.88478028571588E-15,-100.));
#4178=CARTESIAN_POINT('Ctrl Pts',(30.,0.9,-99.));
#4179=CARTESIAN_POINT('Ctrl Pts',(30.,0.9,-100.));
#4180=CARTESIAN_POINT('Ctrl Pts',(29.,0.9,-100.));
#4181=CARTESIAN_POINT('',(29.1,0.,-99.));
#4182=CARTESIAN_POINT('Origin',(29.1,0.9,-99.));
#4183=CARTESIAN_POINT('Origin',(29.,0.,-99.));
#4184=CARTESIAN_POINT('Origin',(29.,0.9,-99.));
#4185=CARTESIAN_POINT('Origin',(29.1,0.9,-77.4371663690504));
#4186=CARTESIAN_POINT('',(29.1,0.,-77.4371663690504));
#4187=CARTESIAN_POINT('Origin',(-29.,0.,-99.));
#4188=CARTESIAN_POINT('',(-29.,25.1,-100.));
#4189=CARTESIAN_POINT('Origin',(-29.,25.1,-99.));
#4190=CARTESIAN_POINT('',(-29.,0.,-100.));
#4191=CARTESIAN_POINT('Origin',(4.44089209850063E-15,0.,-84.624777579367));
#4192=CARTESIAN_POINT('Origin',(29.1,25.1,-77.4371663690504));
#4193=CARTESIAN_POINT('Origin',(29.1,25.1,-99.));
#4194=CARTESIAN_POINT('Ctrl Pts',(30.,25.1,-99.));
#4195=CARTESIAN_POINT('Ctrl Pts',(30.,25.1,-100.));
#4196=CARTESIAN_POINT('Ctrl Pts',(29.,25.1,-100.));
#4197=CARTESIAN_POINT('Ctrl Pts',(30.,26.,-99.));
#4198=CARTESIAN_POINT('Ctrl Pts',(30.,26.,-100.));
#4199=CARTESIAN_POINT('Ctrl Pts',(29.,26.,-100.));
#4200=CARTESIAN_POINT('Ctrl Pts',(29.1,26.,-99.));
#4201=CARTESIAN_POINT('Ctrl Pts',(29.1,26.,-99.1));
#4202=CARTESIAN_POINT('Ctrl Pts',(29.,26.,-99.1));
#4203=CARTESIAN_POINT('',(29.,25.1,-100.));
#4204=CARTESIAN_POINT('Origin',(29.,25.1,-99.1));
#4205=CARTESIAN_POINT('Origin',(29.,25.1,-99.));
#4206=CARTESIAN_POINT('Origin',(14.5,25.1,-99.1));
#4207=CARTESIAN_POINT('Origin',(-29.,25.1,-99.1));
#4208=CARTESIAN_POINT('',(14.5,25.1,-100.));
#4209=CARTESIAN_POINT('Ctrl Pts',(-29.,25.1,-100.));
#4210=CARTESIAN_POINT('Ctrl Pts',(-30.,25.1,-100.));
#4211=CARTESIAN_POINT('Ctrl Pts',(-30.,25.1,-99.));
#4212=CARTESIAN_POINT('Ctrl Pts',(-29.,26.,-100.));
#4213=CARTESIAN_POINT('Ctrl Pts',(-30.,26.,-100.));
#4214=CARTESIAN_POINT('Ctrl Pts',(-30.,26.,-99.));
#4215=CARTESIAN_POINT('Ctrl Pts',(-29.,26.,-99.1));
#4216=CARTESIAN_POINT('Ctrl Pts',(-29.1,26.,-99.1));
#4217=CARTESIAN_POINT('Ctrl Pts',(-29.1,26.,-99.));
#4218=CARTESIAN_POINT('Origin',(29.,0.,-100.));
#4219=CARTESIAN_POINT('',(29.,0.,-100.));
#4220=CARTESIAN_POINT('Origin',(29.,0.,-99.));
#4221=UNCERTAINTY_MEASURE_WITH_UNIT(LENGTH_MEASURE(0.01),#4225,
'DISTANCE_ACCURACY_VALUE',
'Maximum model space distance between geometric entities at asserted c
onnectivities');
#4222=UNCERTAINTY_MEASURE_WITH_UNIT(LENGTH_MEASURE(0.01),#4225,
'DISTANCE_ACCURACY_VALUE',
'Maximum model space distance between geometric entities at asserted c
onnectivities');
#4223=(
GEOMETRIC_REPRESENTATION_CONTEXT(3)
GLOBAL_UNCERTAINTY_ASSIGNED_CONTEXT((#4221))
GLOBAL_UNIT_ASSIGNED_CONTEXT((#4225,#4227,#4228))
REPRESENTATION_CONTEXT('','3D')
);
#4224=(
GEOMETRIC_REPRESENTATION_CONTEXT(3)
GLOBAL_UNCERTAINTY_ASSIGNED_CONTEXT((#4222))
GLOBAL_UNIT_ASSIGNED_CONTEXT((#4225,#4227,#4228))
REPRESENTATION_CONTEXT('','3D')
);
#4225=(
LENGTH_UNIT()
NAMED_UNIT(*)
SI_UNIT(.MILLI.,.METRE.)
);
#4226=(
LENGTH_UNIT()
NAMED_UNIT(*)
SI_UNIT($,.METRE.)
);
#4227=(
NAMED_UNIT(*)
PLANE_ANGLE_UNIT()
SI_UNIT($,.RADIAN.)
);
#4228=(
NAMED_UNIT(*)
SI_UNIT($,.STERADIAN.)
SOLID_ANGLE_UNIT()
);
#4229=SHAPE_DEFINITION_REPRESENTATION(#4230,#4231);
#4230=PRODUCT_DEFINITION_SHAPE('',$,#4233);
#4231=SHAPE_REPRESENTATION('',(#2149),#4223);
#4232=PRODUCT_DEFINITION_CONTEXT('part definition',#4237,'design');
#4233=PRODUCT_DEFINITION('SenS_Encasing_VibrationUnit','SenS_Encasing_VibrationUnit v11',#4234,
#4232);
#4234=PRODUCT_DEFINITION_FORMATION('',$,#4239);
#4235=PRODUCT_RELATED_PRODUCT_CATEGORY('SenS_Encasing_VibrationUnit v11',
'SenS_Encasing_VibrationUnit v11',(#4239));
#4236=APPLICATION_PROTOCOL_DEFINITION('international standard',
'automotive_design',2009,#4237);
#4237=APPLICATION_CONTEXT(
'Core Data for Automotive Mechanical Design Process');
#4238=PRODUCT_CONTEXT('part definition',#4237,'mechanical');
#4239=PRODUCT('SenS_Encasing_VibrationUnit','SenS_Encasing_VibrationUnit v11',$,(#4238));
#4240=PRESENTATION_STYLE_ASSIGNMENT((#4241));
#4241=SURFACE_STYLE_USAGE(.BOTH.,#4242);
#4242=SURFACE_SIDE_STYLE('',(#4243));
#4243=SURFACE_STYLE_FILL_AREA(#4244);
#4244=FILL_AREA_STYLE('Stahl - satiniert',(#4245));
#4245=FILL_AREA_STYLE_COLOUR('Stahl - satiniert',#4246);
#4246=COLOUR_RGB('Stahl - satiniert',0.627450980392157,0.627450980392157,
0.627450980392157);
ENDSEC;
END-ISO-10303-21;
